:042800006F70207362
:102804000028000000000000CC3B0000D03B00008A
:1028140000000000309F00000000000000000000E5
:10282400309F0000309F0000000000000000000006
:10283400309F000000000000309F000000000000F6
:10284400309F0000309F0000309F0000309F000048
:10285400309F0000309F0000309F0000309F000038
:10286400309F0000309F0000309F0000309F000028
:10287400309F0000309F0000309F0000309F000018
:10288400309F0000309F0000309F0000309F000008
:10289400927F0000309F0000309F0000309F0000B6
:1028A400309F0000309F0000309F0000309F0000E8
:1028B400309F0000309F0000DC7B0000309F000050
:1028C400309F0000309F0000309F0000309F0000C8
:1028D400309F0000C4720000309F0000309F000051
:1028E400309F0000309F0000867F0000309F000072
:0C28F400309F0000309F0000309F00006B
:10290000397101436EC619A0397141536AC866CA4C
:1029100062CC5ECE19A0397101535AD056D252D42E
:102920004ED64AD826DA22DC06DE330161408282A6
:1029300041114AC026C222C406C68282B24D41015C
:10294000024D924C224CB24B4101024B924A224A18
:10295000B2494101024992442244B240410182807D
:102960002A8309CA83830500230073007D160503AB
:1029700085056DFA828015C22A8385466367B50096
:10298000FD561307F6FF3A93BA958383050023009B
:1029900073007D163693B6956DFA82802A8311C630
:1029A0002300B3007D16050365FE82807325003089
:1029B0008280731005308280B7F700E0D8438146EB
:1029C000799BD8C303C721863306A70237F700E0F7
:1029D00090CBD4CB944393E6060194C3944393E6FF
:1029E000160294C35C43858BF5DF1C43F99B1CC323
:1029F0008280B7F700E0D8438146799BD8C303D7DC
:102A000001863306A70237F700E090CBD4CB94437E
:102A100093E6060194C3944393E6160294C35C4381
:102A2000858BF5DF1C43F99B1CC382809C4103A866
:102A30008501D04DD4415841B3E70701D18F370606
:102A4000F1E0A2061306F6EF718FD58FD98F5CC126
:102A5000D0459C4994451845D18F37F6F1FF86063D
:102A60001306D67F718FD58FD98F1CC583C74501BB
:102A70005855B70610FFFD1793F7F70FFD16758F22
:102A8000D207D98F5CD582801C4589C593E7170092
:102A90001CC58280F99B1CC582801C4589C593E7B3
:102AA00007101CC5828093F7F7EF1CC582801C4578
:102AB00093E787001CC5828008450D8105898280C7
:102AC0001C4593E747001CC582800845098105899C
:102AD00082801C4591C537075000D98F1CC5828064
:102AE0003707B0FF7D17F98F1CC58280A54763F7B4
:102AF000B704938765FF139717003E970328C50017
:102B00009D47B397E70093C7F7FFB3F70701B39665
:102B1000E600DD8E54C5994763E5C7047D1693171B
:102B200026003E965859FD47B397C70093C7F7FF55
:102B3000F98F3396C5005D8E50D9828013971500AA
:102B4000032805012E979D47B397E70093C7F7FF2A
:102B5000B3F70701B396E600DD8E14C99947E3FF8A
:102B6000C7FAB14763E2C7026516931726001459E6
:102B7000B2977D473317F7001347F7FF758FB39769
:102B8000F500D98F1CD982804D1613172600545595
:102B90003297FD47B397E70093C7F7FFF58FB395DB
:102BA000E500DD8D4CD582805C4191C5370700047E
:102BB000D98F5CC18280370700FC7D17F98F5CC11B
:102BC000828001112303010003476100A54763E5EB
:102BD000E70425461C4593E787001CC51C45A18BCF
:102BE000F5FF1C4593E747001CC51C45918BF5FF7D
:102BF0007445834761000347610086070507137723
:102C0000F70F2303E10093870702034761008A97C8
:102C10002396D7FEE370E6FC23030100034761001F
:102C2000A54763EAE70A2146A545A30301008347B8
:102C300071006367F6080347710083477100060758
:102C40008507860713070702938707020A978A9763
:102C50000357C7FE83D7C7FE63F9E70483477100B4
:102C60008607938707028A9783D7C7FE2314F1004C
:102C7000034771008346710083477100050706070B
:102C8000130707020A970358C7FE85071397160014
:102C9000035581001307070286070A9793870702E7
:102CA000231607FF8A972396A7FE8347710085079F
:102CB00093F7F70FA303F10083477100E37DF6F666
:102CC00083476100850793F7F70F2303F1008347DC
:102CD0006100E3FCF5F42314010023150100230334
:102CE000010003476100954763ECE7049306006029
:102CF000154625A883476100035781008907860789
:102D0000938707028A9783D7C7FEBA97C207C18302
:102D10002314F10083476100850793F7F70F23031E
:102D2000F10083476100636DF60083476100890706
:102D30008607938707028A9783D7C7FEE3FCF6FAD4
:102D40008347610063850710035781008345610055
:102D50008357810003466100834661003347B70211
:102D6000B3E7C7028607B3C7D702BA97C207C183C2
:102D70002314F100034761009947998F93F7F70FE8
:102D8000A303F10083477100F5C303476100954732
:102D900063EEE7029546834761000357A100890768
:102DA0008607938707028A9783D7C7FEBA97C20719
:102DB000C1832315F10083476100850793F7F70F5F
:102DC0002303F10083476100E3F7F6FC0357A100FA
:102DD000834571008357A10003467100834671004B
:102DE0003347B702B3E7C7028607B3C7D702BA971C
:102DF000C207C1832315F100035581008355A1004B
:102E0000835781000356A10085661307004093860F
:102E10000680B307F7403386C640098F8D8EC20700
:102E20004206C18741864207C206B297C1864187E2
:102E3000369793D6F7011355F701B6973A95858BD8
:102E40000585958F3E9542054185056182809307F2
:102E500000402314F100034761009947998F93F7CD
:102E6000F70FA303F1008347710085F3856793870C
:102E700007802315F10049B71C4141677917F98F85
:102E80001CC1232005002322050023240500B707C9
:102E9000024023260500138787006304E504138797
:102EA000C701630BE502138707036307E504138774
:102EB0004704630AE504138787056309E50213875E
:102EC000C7066307E504138707086309E50413874A
:102ED00047096308E5008280D8431367070FD8C30A
:102EE0008280D8431367F700D8C38280D843B706DF
:102EF0000F00558FD8C38280D8438566938606F02D
:102F0000558FD8C38280D843BD66558FD8C3828081
:102F1000D843B706F000558FD8C38280D843B70690
:102F2000000F558FD8C3828090519C459449D84951
:102F300083A88501D18FD58FD04DD451D98FB3E7D8
:102F40001701184103A88502D18FD58FE176BD0600
:102F5000D045758FB3E707019441D98F1CC1DC417F
:102F600050C114C55CC582801C4189C593E7170018
:102F70001CC1828041677917F98F1CC182804CC1C6
:102F80008280B70702409C437D8D3335A00082804C
:102F9000B7070240C8C3828058410C410328C500CE
:102FA000B7060140938706403E9713C6F5FF6303BB
:102FB000080483A80640032885004143B3F8C800ED
:102FC00023A01641D443F18ED4C31443CD8E14C331
:102FD000184190479346F7FF758E90C7D047F18E02
:102FE000D4C7630D68003E98832708005D8F2320B7
:102FF000E80082801C43F18F1CC382809447D98EE5
:1030000094C7D447558FD8C78280B707014023AAF9
:10301000A7408280B7066745B727024093863612DD
:103020003797EFCDD4C31307B79AD8C3D4D3D8D327
:103030008280372702401C4BA166D58F1CCB828033
:10304000B7270240984BB7060200137505F0558F5D
:1030500098CBC8CB944B3727024093E6060494CB19
:103060005C47858BF5FF1C4B8176FD16F58F1CCBDD
:103070008280372702401C4BC166137505F0D58F3F
:103080001CCB5C47858BF5FF372702405C47898B5B
:10309000F5FFAE86158D93850510372702409042C7
:1030A000B387A600910690C35C47898BF5FFE39830
:1030B000B6FE1C4B37062000B7260240D18F1CCB32
:1030C000DC46858BF5FF9C4A41777D17F98F9CCABA
:1030D000828003A8850093770801137EF80081C7DA
:1030E000DC41336EFE00B7270240985BB707000F44
:1030F000F98FE9EB8547A381F186B7170140630A91
:10310000F50C83D6050093F7F60FB5E39307F00FA0
:1031100063FED7040323450001478548930E8002D0
:10312000130F8004A14521A00507630FB702930781
:103130008700B397F80033F6D700E397C7FE630123
:10314000D80B6313E8011CC913162700BD47B397BA
:10315000C70093C7F7FF33F367003316CE0033631E
:1031600066000507E315B7FC232265008280032370
:10317000050081478548930E8002BD4F130F8004E0
:10318000A14521A08507638CB7023397F8003376F9
:10319000D700E319C7FE6304D8076313E80118C911
:1031A000139727003396EF001346F6FF337366003C
:1031B0003317EE00336367008507E398B7FC2320DD
:1031C0006500A9B7B7170140E31DF5F283C7318643
:1031D0008DDB83D60500B5822390D500C9FA8280A5
:1031E000131627005CC9BD47B397C70093C7F7FF05
:1031F00033F367003316CE00336366009DB758C9BA
:10320000139727003396EF001346F6FF33736600DB
:103210003317EE003363670045B7B7170140630704
:10322000F5001C45FD8D3335B000828083C73186A3
:10323000EDDB1C45B581FD8D3335B0008280B717BD
:1032400001406304F5000CC9828083C73186E5DF45
:10325000B5810CC98280B71701406304F5004CC9E1
:10326000828083C73186E5DFB5814CC98280EFF269
:103270002FEC8357450001112A84680093940701BD
:103280002E89052ED24737470F001307072433D75F
:10329000E702C18093F404FCC204C1800326090044
:1032A00061651305056A93150701C181CD8C231251
:1032B000940083560400C206C182F99AC206C182F4
:1032C0002310D4006363C5060606B3D7C7021147AF
:1032D00093960701C18263E0E60A8505C205C181B4
:1032E000C207C1832310B402231EF40083570400D5
:1032F000835649008355A90093E717002310F40073
:10330000835704000357C90003568900C207C183CD
:10331000CD8E93F757BFD58F2310F400B367C70046
:103320002314F40005616FF0EFE283556900B16684
:10333000FD166384D50493161600B2968E06B296D7
:10334000B3D7D7029166C207C183D58F9396470141
:1033500099E293E717009306C0123307D702A166DC
:10336000D58F9306803E3347D70205074207418336
:103370002310E40295BF91478DB793161600B296BD
:10338000B3D7D702C207C183D1B78357050091C510
:1033900093E717002310F5008280C207C183F99BD1
:1033A000C207C1832310F50082808357050091C5B1
:1033B00093E707102310F5008280C207C18393F7BB
:1033C000F7EFC207C1832310F50082808357050001
:1033D00091C593E707202310F5008280C207C183BF
:1033E00093F7F7DFC207C1832310F500828083576C
:1033F000050091C593E707402310F5008280C207BE
:10340000C18393F7F7BFC207C1832310F500828001
:103410002318B500828093F7E50F19C293E71500D2
:103420002318F50082808357050091C52167D98F45
:103430002310F5008280C607C5832310F500828023
:10344000035745018357850113950701598D6D8DEC
:10345000220521810D8D133515008280411102C492
:1034600002C693D7C5012AC63EC4A247A205A181C0
:1034700099CBB247D1073EC6B247884341016D8D13
:103480003335A0008280B247C181E1073EC6B24712
:10349000884341016D8D3335A0008280938741863A
:1034A00098430346050015EB8347250037E700E006
:1034B0009207329793F7F70F2300F74054410547DF
:1034C000935756003317C70085CE938707048A07A2
:1034D000B7E600E0B69798C38280984385466309B3
:1034E000D7028C430947638EE50498438D466300F9
:1034F000D70498439147E313F7FC834715007DB742
:10350000938707068A07B7E600E0B69798C38280DC
:10351000834725008346150092076380E60437E75A
:1035200000E093F7F70F32972300F74041BF83463F
:103530001500834725006365D7028606B697920774
:10354000F9BF034715008347250063FFE60079179D
:103550000A07BA9793F7F70F920793E707F8C1B7EF
:10356000F1168606B697FDB70A07BA97920745BFC8
:10357000B7160240DC4271771307F77FF98F0E050B
:103580005D8DC8C28280B7170240D843B70640FF9E
:10359000FD16758FD8C3D8435A05598DC8C382808C
:1035A000B7160240DC4251777D17F98FC98FDCC214
:1035B0008280B7160240DC42214613F7C700B717D6
:1035C0007A00938707206302C7061CC137160240A2
:1035D000584297D6FF1F9386E6A211833D8B3697FC
:1035E00003470700B3D7E7005CC1584221831D8B16
:1035F00036970347070033D7E70018C558422D8395
:103600001D8BBA9603C7060097D6FF1F938686C503
:10361000B3D7E7005CC5584239830D8B3697034713
:103620000700B3D7E7021CC98280DC42D84241665A
:10363000C983BD8B8907C546718F638ED70211EF91
:103640003747024003270780418B19CF37177A008D
:1036500013070720B387E7028DBF3717024058438F
:10366000B7060200758F7DD337173D00130707900B
:10367000B387E70299BFC9476DF3D9B799C5371723
:1036800002405C4BC98F5CCB8280B7170240D84B9D
:103690001345F5FF798DC8CB828099C53717024055
:1036A0001C4FC98F1CCF8280B7170240984F13451B
:1036B000F5FF798D88CF828099C5371702405C4F1E
:1036C000C98F5CCF8280B7170240D84F1345F5FFF2
:1036D000798DC8CF828003D6250083D7050083D695
:1036E000450003D7650083D88500D18F03D8A50096
:1036F000D58FD98F83D6C500B3E7170103570500CF
:1037000003D6E500B3E70701D58F8D6693860604DF
:10371000758FD18FD98F2310F5008357C5017D7721
:1037200083D605011307F77FF98F231EF5002318B1
:10373000D50082808357050091C593E707042310C5
:10374000F5008280C207C18393F7F7FBC207C183EC
:103750002310F50082808357450009C6CD8F2312C0
:10376000F500828093C5F5FFED8F2312F50082806E
:103770008357450091C593E747002312F5008280E7
:10378000C207C183ED9BC207C1832312F50082806B
:103790008357050037370140130707C0C20783D698
:1037A000050003D6450003D86500C1836307E5041F
:1037B000370700406300E50213070740630CE5008C
:1037C000371700409308078063061501130707C0E9
:1037D0006317E50003D7250093F7F7F8D98F93F720
:1037E000F7CFB3E707012310F5002316C502231412
:1037F000D5028547231AF500828003D7250093F769
:10380000F7F8D98F93F7F7CFB3E707012310F50047
:103810002316C5022314D50283C785002318F50299
:103820008547231AF50082808357050091C593E7E9
:1038300017002310F5008280C207C183F99BC207DD
:10384000C1832310F50082808357C50009C6CD8F40
:103850002316F500828093C5F5FFED8F2316F50042
:1038600082808357C50009C6DD8D2316B50082808E
:1038700093C5F5FFED8F2316F500828083578500F1
:10388000C207C183E19BC207C1832314F500828074
:103890002314B502231AC500828083570500C2078E
:1038A000C18393F7F7F8CD8F2310F50082808357FB
:1038B0008501C207C183DD9BCD8F231CF50082806B
:1038C0008357C501C207C183DD9BCD8F231EF50041
:1038D00082808357C5017D771307F77FF98FA20593
:1038E000CD8FC207C183231EF50082808357050256
:1038F000C207C183F59BCD8F2310F50282808357C9
:103900000502A205C207C18393F7F7DFCD8FC20777
:10391000C1832310F50282808357050279777D17D2
:10392000F98FB205CD8FC207C1832310F5028280C3
:10393000035705028547B397B70093C7F7FF7D8FFD
:103940002310E502835705023316B600D18FC20754
:10395000C1832310F5028280035705028547B39780
:10396000B70093C7F7FFF98F2310F50293F775FFA0
:10397000610595C3F115C205C1818581AA959C4158
:1039800065777D17F98F9CC19C41220642064182D2
:103990005D8E90C182808581AA959C4193F7F7F84E
:1039A0009CC19C415D8E90C182802316B5028280AD
:1039B000231AB5028280231EB50282802310B5042B
:1039C000828083570500C207C18393F7F7CFC207F0
:1039D000C1832310F50083570500CD8F2310F50018
:1039E0008280835705010355C500ED8F4205418153
:1039F00089C76D8D3335A00082800145828093C5D3
:103A0000F5FFC205C1812318B5008280EFE25FF2A5
:103A10000357050183D76500F576FD16758FD98F9D
:103A200003D7C5002318F5008356C50083D745008A
:103A30007D762A841306369F03D58500F18EAE84E9
:103A400083D5A500D58FC98FCD8F2316F40083575A
:103A5000440101116800C207C18393F7F7CFD98FE2
:103A6000231AF400B936B747014093870780630BE8
:103A7000F40852468356C40093171600B297C20644
:103A80008E07C1869840B29763C006040A07B3D771
:103A9000E702930640060356C4004206418633D728
:103AA000D702B3F7D7021207634006049207938741
:103AB0002703B3D7D702BD8BD98FC207C183231485
:103AC000F40005616FE01FE90607B3D7E70293062C
:103AD00040060356C4004206418633D7D702B3F7E7
:103AE000D7021207E35406FC8E0793872703B3D748
:103AF000D7029D8BD98FC207C1832314F4000561BF
:103B00006FE05FE56246BDB78357C50091C50967A1
:103B1000D98F2316F500828079777D17F98F2316C8
:103B2000F500828093F7F50F05479583B315B7002D
:103B30006384E702894613074501638CD7001C4361
:103B400001C6CD8F1CC3828093C5F5FFFD8D0CC3CC
:103B5000828013070501E5B71307C500CDB793F5BC
:103B6000F51F2312B5008280035545001375F51F1C
:103B70008280035505006D8D3335A000828093F659
:103B8000F50F054695822A87B317B600638BC602E8
:103B900009466383C6028356450133F5F600835711
:103BA0000700C207C18301C9A18105473317B700C8
:103BB000F98F3335F00082808356050133F5F60026
:103BC000F9BF8356C50033F5F600D1BF730020302E
:103BD00001A0EFE2FFD503A7818F95472A84630AEE
:103BE000F70083474500A3040500A302F5006FE03A
:103BF0007FD603457500EF60400993070002E31884
:103C0000F5FE03475400834744006308F7046379D3
:103C1000F70483468400998F93F7F70F93F4F60F18
:103C200063EAD7020C402686138541B5BA95EFE0CA
:103C30003FD383475400268603457400BE9493F413
:103C4000F407A3029400938541B5EF40205FA304DD
:103C5000040071BF93F4F70FF1B783479400C1DB01
:103C6000930700F87DB7EFE2BFCC83A6818F15479D
:103C7000834745002A846388E600A302F500A30475
:103C800005006FE03FCD1841938617002302D50051
:103C9000BA972380B70083474500834655001397A2
:103CA000870161871347F7FF7D87F98F2302F500AE
:103CB000E399F6FC8547A304F5002285193F834765
:103CC0009400E5FF6FE01FC9EFE29FC61384C19126
:103CD00083A6818F1547834744006388E600A302CB
:103CE000F400A38201926FE0FFC61840938617008C
:103CF0002302D400BA972380A70083474400834659
:103D000054001397870161871347F7FF7D87F98F69
:103D10002302F400E399F6FC8547A304F40022850E
:103D20004D3D83479400E5FF6FE0DFC2EFE2BFBE89
:103D30009387819303A98701C04B1306F003814544
:103D400013051900EFE09FC5834614000547815510
:103D50002301D900034624002302E90083474400DD
:103D60002300B900A300C9002303E900A302F9005E
:103D70009305000F6382B72663EBF52051476388F4
:103D8000E72E637AF714130720086398E7220347A6
:103D90007400834664000346540081450545EF10D6
:103DA000904A0347740083466400034654008545E7
:103DB0000545EF10504903477400834664000346ED
:103DC000540089450545EF1010480347A400834679
:103DD0009400034684008D450545EF10D046034707
:103DE000A400834694000346840091450545EF10E6
:103DF00090450347A40083469400034684009545FC
:103E00000545EF1050441309B4009944930910027A
:103E1000034729008346190003460900A685850447
:103E2000054593F4F40FEF1010420D09E39234FFAF
:103E30000347B40B8346A40B0346940B814501450D
:103E4000EF1070400347B40B8346A40B0346940B5A
:103E500085450145EF10303F0347B40B8346A40B63
:103E60000346940B89450145EF10F03D0347840B51
:103E70008346740B0346640B8D450145EF10B03C3F
:103E80000347840B8346740B0346640B914501453D
:103E9000EF10703B0347840B8346740B0346640B9F
:103EA00095450145EF10303A1304340B994413093A
:103EB0001002034724008346140003460400A6852D
:103EC0008504014593F4F40FEF10F0377514E39275
:103ED00024FF6FE09FA741476384E71A4547639E2D
:103EE000E70C83455400034764000945A303B90068
:103EF0002304E900954513077900B2968506B69725
:103F0000AE978507A301B90093F7F70F3306A70013
:103F1000834607000507B69793F7F70FE31AE6FE07
:103F20009305000E4A95A303F50013858193253B65
:103F3000054485449389819319A835338347390013
:103F400005041374F40F9107A28463CE8702CA9408
:103F500083C504004E859387050393F7F70EF1FFA1
:103F60009305000D093383C504004E850504FD1536
:103F700093F5F50FCD39834739001374F40FA284FC
:103F80009107E3D687FCEF30B05A6FE01F9C930592
:103F9000200F638BB7129305300F6397B700A3030D
:103FA000E9002304E90029A01307100F6397E70035
:103FB0000D4599451307790089B736967D57B29715
:103FC0008D072302E9000D47A301E90093F7F70FDE
:103FD0009305000E0145B9B7176700001307C70125
:103FE00003450700976500009385C50103C30500DD
:103FF00083C8150003C82500A303A90003C5350025
:1040000083C545008343170083422700834F370051
:10401000034F4700834E5700034E67000347770066
:10402000230AB900FD552307E900A30AB90029476F
:10403000930500FAA307E900A309A900230BB9001F
:1040400023047900A30459002305F901A305E9011C
:104050002306D901A306C90123086900A308190191
:1040600023090901130779004145CD4579B5034777
:10407000540005459145A303E90013077900B5BD38
:104080008146014681450545EF10B0218146014634
:1040900081450145EF10F0200347290083471900AF
:1040A0000346490083465900BA978D0703476900C4
:1040B000B297B697BA970D4783450900A301E90067
:1040C00093F7F70F0145B9BD1307A0FAA303E90061
:1040D000130730052304E9000945954513077900C6
:1040E00029BD83C7018B81E78547238DF1868280B7
:1040F000EFE27F8283A4419303C65400238D01869F
:104100009305660093F5F50F2380B400D1C1150621
:10411000938714001376F60F3E96268781478346D1
:1041200007000507B69793F7F70FE31AC7FEA695A2
:104130002380F5001385C1919305000E2D360144AF
:104140009389C19109A8053683C704000504137437
:10415000F40F63ED870233898400834509004E859F
:104160009387050393F7F70EF9FF9305000DE53CE0
:10417000834509004E850504FD1593F5F50FE534DB
:1041800083C704001374F40FE3F787FC6FE0EFFBC1
:10419000814771BFEFE2CFF99387C191804FC44B44
:1041A0001306000881452285EFE04FFF03C7240076
:1041B00083C6140083C734002301E4001947230099
:1041C000E400A300D400A301F40013071008636700
:1041D000F7021307F0026377F702938707FD93F75F
:1041E000F70F13071005636FF70017670000130739
:1041F000E7E18A07BA979C43BA9782871307000FB3
:10420000638CE70083C7018B81E78547238DF186A7
:10421000EF3010326FE00FF497670000938787F359
:1042200003CE070003C3170083C8270003C8370065
:1042300003C5470083C5570003C6670083C67700E0
:1042400003C78700BD472300F400A547A302F4007D
:104250002303C401A303640023041401A304040181
:104260002305A400A305B4002306C400A306D400BC
:104270002307E40083C7018BC9DB59BFEF20A004EB
:1042800041BF03C8540003C5640083C5740003C65E
:10429000840083C6940003C7A4009387C18623804B
:1042A0000701A380A7002381B700A381C700238251
:1042B000D700A382E70083C7018BA1DB91BF1384E2
:1042C00054002285EF00D01515FD03C69400138716
:1042D000C186814691452285EF10D05F15BF03C589
:1042E000940013096400CA85EF00B0196304050E39
:1042F000834704004147A302E400C1072300F40000
:1043000083C7018BE38307F021B785450145EF1093
:10431000305483C7018BE38A07EEDDBD814501453B
:10432000EF10105383C7018BE38107EED5B5EF2063
:10433000F02AF9BD83C6740003C6640083C5540027
:104340000945EF10007683C7018BE38007ECC9B500
:1043500003C8540003C5640083C5740003C6840009
:1043600083C6940003C7A400938741870DBF1384BD
:1043700054002285EF00D00AE31605E803C6940036
:1043800013874187854691452285EF10B05449B582
:10439000930700022302F40083C7018BE38707E63B
:1043A00085BD9306F00F1306F00F9305F00F094536
:1043B000EF10206F81BD9D472300F400930740F963
:1043C0002303F4008547A302F40083C7018BE38E27
:1043D00007E23DBD03C59400CA85EF10F05C0DBD3A
:1043E000EFE28FD2138481930347A400032C44018E
:1043F00045C39389B186130B000E954B930A000DAC
:10440000138AA18613090002FD54834604015C440B
:1044100003C60900B69783C70700638D6707630764
:104420005609638D57098346140103460A0058480C
:1044300036972300F7000347140105071377F70F9A
:10444000A308E40063F7EB0083463C006D17630CA0
:10445000D7080347A40083450401938607F3B336C6
:10446000D0007D17B306D0403E961377F70F850531
:10447000F58F2300CA002305E4002308B40023803D
:10448000F90041F70945EF5090010347A40035FFBB
:104490006FE00FCB630C5601A384019423002A0123
:1044A000A3019C0013060002814651B7850783468D
:1044B000140103460A0093F7F70F95BF7D17137792
:1044C000F70F8506930700FD2380F9002305E4001C
:1044D0002308D4001DFB0945A3850186EF50207CED
:1044E0000347A4006DB7638CC7020347A40083474A
:1044F0000401A38401947D171377F70F85072385A3
:104500000186A38501862305E4002308F400E31E49
:1045100007EE0945EF50A0780347A4008DBFEFF0E8
:10452000FF80E1B7EFE24FBE1384C19103C7018B57
:104530008347A400631107144448938A9186D9CF16
:10454000130C000E938B8186954C130B000D130AF0
:1045500000FDFD59015983460401584403C60A0071
:10456000369783450700638D85076304660B638672
:10457000650B034714015C4883C60B00BA97238080
:10458000B70083471401850793F7F70FA308F400DA
:1045900063F7FC0003C70400FD176383E70A834742
:1045A000A40003460401138705F33337E000FD1729
:1045B0003307E040AE9693F7F70F0506F98D238099
:1045C000DB002305F4002308C4002380BA00C1F7F0
:1045D0000D45EF50C06C8347A400B5FF6FE04FB6A8
:1045E00063096603A3860192FD172380340193F7C4
:1045F000F70F85062384018623802A012305F40012
:104600002308D400A9FB0D45EF5060698347A4003F
:10461000E9B7850593F5F50FA9BFFD1793F7F70FD8
:10462000850623804A012305F4002308D40085F77A
:104630000D45A3840186EF5080668347A40071BFB7
:10464000913E8347A40003470401A3860192FD170E
:1046500093F7F70F050723840186A38401862305BA
:10466000F4002308E400E39807EE0D45EF502063C3
:104670008347A4009DB7B9C383470401B7440140F1
:104680009384048058442685BA9783C50700EFF0C9
:104690000FCD930500082685EFF0AFCD7DD9834778
:1046A00004010347A40085077D1793F7F70F1377DD
:1046B000F70F2308F4002305E40069F70D45EF50D8
:1046C000005E6FE0EFA7EFE2AFA6193BA13D1385B7
:1046D0008193EFF00FD01385C191EFF08FCF83C797
:1046E000A18799E36FE00FA7EFF09FA06FE08FA67F
:1046F000EFE20FA49384C18003C404009307F00F7A
:104700006301F4049386C18783D706000567130706
:1047100087388507C207C1832390F6006366F70ACE
:1047200009496301240F636089023DC83754004082
:10473000B7050300850513050440EFE07FD0631043
:1047400005106FE02FA18D47E31DF4FE375900409F
:10475000B70507009385450813050940EFE05FCED4
:104760006DD1854513050940EFE05FC683C7E1873A
:104770009386D180850703C70600238FF186239E89
:10478000018683C7E18763EDE70C238F0186FD5720
:104790002380F4009547E316F7FA2380860055B787
:1047A00037540040B705020013050440EFE01FCB6B
:1047B00049F9854513050440EFE03FBF8547238055
:1047C000F400239E0186B5BF375400401305044012
:1047D0008545EFE05FC5130504408145EFE0BFC4A8
:1047E000130504408145EFE05FBA85451305044099
:1047F000EFE0BFB923860180238F0186239E0186C7
:104800006FE04F9537540040B705070093852508A2
:1048100013050440EFE0DFC2E30505F203C7E187BB
:1048200093870181BA9783C5070013050440EFE021
:104830003FBE8D472380F400239E018619B703C72E
:10484000E18793870185BA9783C507000146130561
:104850000440EFE05FBC23802401239E0186D5B590
:1048600023860180F9BD03C7C1809307F00F63035E
:10487000F7008280EFE2CF8B1384B1800345040000
:10488000239E018623860180EF30803981451705FC
:104890000000130525E6EF30E0372300A4006FE0A9
:1048A0006F8B1345F5FF9357650093E707FC13677C
:1048B00005FC93F7F70F1377F70FA2073181D98F14
:1048C00093860181136505FC2390F6002381A600E1
:1048D00003C7C1809307F00F6303F7008280EFE204
:1048E0002F851384B18003450400239E018623860F
:1048F0000180EF30E032814517050000130585DFA8
:10490000EF3040312300A4006FE0CF84056613062A
:10491000068083A5C18117C5FF1F130525E06FE041
:104920002F84EFD25FFF0144014A814913898181BD
:104930009384C181196BB71A024035A0EFE08FED67
:10494000884085492295EFE0AFEF83250900884034
:10495000A2952295EFE0EFF1EFE0AFED1304041024
:10496000930704808DCB832509008840130600102F
:10497000A2952295EF50806475D1E39109FCEFE098
:10498000EF822A8A73100B8083A74A0093E70708F7
:1049900023A2FA0065B7639409006FD01FFB371795
:1049A00002405C43528593F7F7F75CC3EFE06F80FA
:1049B0006FD0BFF923A20188828023A2018803A7B8
:1049C0008181AA8735C30347870085460145630374
:1049D000D7008280FDDFF5DD83C60700E39BE6FE9E
:1049E00003C717001306E002E315C7FE03C805005E
:1049F00013068008E31FC8FC83C515001306400B8F
:104A0000E399C5FC83C5270003C637009387018857
:104A10002380D700A380E7002381B700A381C700CC
:104A2000054523A2D18882800145828003A5418863
:104A30007D15133515008280EFD29FEF13844188D6
:104A40001840854741116313F70E23A2018879CDE1
:104A5000AA8541460A85EFD0BFF0930801010A8775
:104A6000175500001305C56F8566834707000507C6
:104A7000AA97B69783C70780A30FF7FEE397E8FED0
:104A80000348F1009305F10093574800938677009F
:104A9000139726003697939627003A983383D700CA
:104AA000330368401303D3FD4203135303016D180E
:104AB0000346E1004208135808018A87B28603C6FC
:104AC00007008E06850713575600558FA38FE7FE04
:104AD000E396F5FE93767800A2060A8783470700DF
:104AE0000507B697AA9783C70700A30FF7FEE397BA
:104AF000E5FEE31E68FA13076100A5468347070039
:104B0000050713D64700BD8B63E2C60263E0F602D9
:104B1000E396E8FE02479387814B98C31247D8C3B8
:104B2000224798C73247D8C789471CC041016FD078
:104B30007FE203A741888947631AF70083A7818131
:104B400091C783C7870005476380E70A854723032A
:104B5000F50093070002A303F500C1472304F50005
:104B600003CF050083CE150003CE250003C3350017
:104B700083C8450003C8550083C6650003C7750098
:104B8000A304E5012305D501A305C501230665009E
:104B9000A306150123070501A307D5002308E50097
:104BA000034E0600034316008348260003483600E0
:104BB0008345460083466600034776000346560059
:104BC00093071501A308C50123096500A309150171
:104BD000230A0501A30AB500230BC5004D45238315
:104BE000D700A383E7008280138701882303F500A1
:104BF0008345070003461700834627008347370095
:104C00004147A303E50011472304E500A304B500D1
:104C10002305C500A305D5002306F5001D458280A8
:104C200083A641880947AA8701456383E6008280FD
:104C300003A78181014565DF834687000547E39827
:104C4000E6FEF5D71387018803C6070083460700F1
:104C50006306D600054513451500828003C617007C
:104C600083461700E318D6FE03C6270083462700B5
:104C7000E312D6FE83C6370083473700E39CF6FC79
:104C8000D9BFEFD2FFCA83A441880947639EE400DD
:104C900003A781812A84014511C783468700054700
:104CA0006387E6006FD01FCB01456FD0BFCAAE87C8
:104CB000F5D9414681453E85EFD05FCE630494002F
:104CC0000545CDB741469385814BEFD07FC905455A
:104CD000D1BFEFD2FFC51384814C13060004814578
:104CE0002285EFD0BFCB9307A0FA2300F4009307EF
:104CF000101E2311F400EF20D0482312A400EF006F
:104D0000303BAA8713060004A28511452313F40043
:104D1000EF30C0526FD01FC4B7F7FF1F83A6877E46
:104D200003A7C77E83A7077F93DF860013DF0601F3
:104D300093DE8601135E87001353070193588701A2
:104D400013D8870093D5070113D68701A301D50097
:104D50002301F501A300E5012300D501A303E5002C
:104D60002303C501A302650023021501A305F50075
:104D700023050501A304B5002304C500828091BF6B
:104D8000EFD21FBB13848150034704009307A00A8E
:104D90006304F7006FD01FBC1306E0038145138541
:104DA000A14CEFD0BFBF0347140083472400938476
:104DB000814C9306A0FAA380E4002380D40013075B
:104DC000000B6369F7041397870161876345070246
:104DD0001387F7FF1377F70FBD4663EDE6084147EA
:104DE000636AF70817670000130787C78A07BA972F
:104DF0009C43BA97828793C7070813070003636B26
:104E0000F706176700001307E7C98A07BA979C439C
:104E1000BA9782871307200E6389E7066373F70248
:104E20001307300E6398E7049307301E130600043F
:104E3000A68511452391F40023840188EF300040BA
:104E400091BF1307000E6388E7001307100E6393EA
:104E5000E702413581B7834744001307001E2391C1
:104E6000E4006380072A05476384E720FD57A38198
:104E7000F4000DB7FD57130600049385814C1145CE
:104E80002391F400EF30803B31B785472384F188CC
:104E9000130600049307201EA68511452391F400F4
:104EA000EF30C039C5BD1385C14CBD359307001126
:104EB000130600049385814C11452391F400EF30D3
:104EC000E037C9BD0347440091472381F40085467C
:104ED0009307F00F63E7E60083A781812384E7004F
:104EE0008547130600049385814C1145A381F40086
:104EF000EF30C03445B583A7818183C7870013078E
:104F00003010130600049385814C11452391E40071
:104F10002382F400EF308032B5BD0347440083A7FD
:104F20008181130600042383E7009385814C930756
:104F3000201011452391F400EF304030A1BD83A72C
:104F4000818183C76700130710101306000493853F
:104F5000814C11452391E4002382F400EF30002EB0
:104F600015BDEFF0BF9A9307001813060004938550
:104F7000814C11452391F400EF30402C21BD0345B5
:104F800044009307F00F834884008345940003474F
:104F9000A4006307F5269306000F03485400630C32
:104FA000D52C6309F824AE864686C285EF00B02969
:104FB0009307001B130600049385814C1145239130
:104FC000F400EF30A027F9B3EF20B01B2A84EF20C4
:104FD000F01A9317040113170501C183D98F130623
:104FE00000041307101A9385814C11452391E400A6
:104FF000DCC0EF30A02479BBEF2070309307001A9B
:10500000130600049385814C11452391F400EF3081
:10501000E02249B383A781819C4313060004938552
:10502000814CDCC01145930710192391F400EF3037
:10503000E0208DB3584083A781811306000498C3F4
:105040009385814C9307001911452391F400EF30AB
:10505000E01E89B3EFF0FF8C9307101813060004CD
:105060009385814C11452391F400EF30201D1DB331
:1050700083455400054593D6250013D61500858A2F
:10508000058A8589EF001022834564000D4593D67B
:10509000250013D61500858A058A8589EF009020A2
:1050A00083457400154593D6250013D61500858ACF
:1050B000058A8589EF00101F83458400014593D63A
:1050C000250013D61500858A058A8589EF00901D75
:1050D00083459400094593D6250013D61500858A8B
:1050E000058A8589EF00101C8345A400114593D6DD
:1050F000250013D61500858A058A8589EF00901A48
:1051000051B9034774008346640003465400814547
:105110000545EF0050130347A4008346940003465F
:10512000840085450545EF0010120347D4008346EF
:10513000C4000346B40089450545EF00D01003477D
:1051400004018346F4000346E4008D450545EF0065
:10515000900F03473401834624010346140191450F
:105160000545EF00500E0347640183465401034692
:10517000440195450545EF00100D03479401834612
:1051800084010346740181450145EF00D00B0347BC
:10519000C4018346B4010346A40185450145EF00DF
:1051A000900A0347F4018346E4010346D40189458C
:1051B0000145EF00500903472402834614020346C9
:1051C00004028D450145EF00100803475402834651
:1051D00044020346340291450145EF00D0060347DF
:1051E0008402834674020346640295450145EF003C
:1051F00090054DB62E86BA86C685EF00900A4DBB47
:105200003A864685EF00D0098346A4000346940001
:10521000834584000545EF00F0088346A40003465B
:105220009400834584000D45EF00D0078346A40019
:1052300003469400834584001545EF00B00683467D
:10524000A40003469400834584000145EF009005C7
:105250008346A40003469400834584000945EF007B
:1052600070048346A40003469400834584001145DE
:10527000EF00500335BB2E86BA86C6854285EF0007
:1052800070023DB383A7818103C76700854763032D
:10529000F70082809387C1551387C1591388C1597C
:1052A0008843CC439047D44708C34CC310C754C766
:1052B000C1074107E39607FF130600049385C15910
:1052C00005456F20B077EFD20FE59387C15D83C6A8
:1052D000070041476386E600EF2090256FD0EFE698
:1052E00003C717008D466301D70A63EDE6008547C3
:1052F0006305F70A8947E311F7FE93070003A38EBE
:10530000F156D9BF9146E319D7FC83C4270003C7E0
:10531000370083C64700C20493178700DD8CD58C05
:10532000176400001304448405499D498346B40072
:105330000346A400834594001305F9FFB3D6D400B7
:1053400033D6C400B3D5B400858A058A8589137520
:10535000F50FEF00207583462400034614008345B3
:1053600004004A85B3D6D40033D6C400B3D5B40004
:105370000909858A058A85891379F90FEF008072FA
:105380000D04E31539FB89BFA38E0156A38A01568C
:10539000239B0156238C015681B713841182034548
:1053A000040093070003A38EF156EF207007954584
:1053B00017050000130545EDEF20D0052300A400DC
:1053C00021BFEFD2EFD683C7E188B9E71306E00229
:1053D00081451385E15AEFD06FDC9387815483A810
:1053E000070003A847009447D84783D70701938550
:1053F000C1594946054523A0150123A2050194C5BD
:10540000D8C52398F500EF20706309E58547238709
:10541000F18801456FD00FD493874182984383C7A9
:1054200047009385C15923A0015A23A2015A15466A
:10543000054523A4015A23A6015A23A8015A23AAE9
:10544000015A23AC015A23AE015A23A0015C23A2C6
:10545000015C23A4015C23A6015C23A8015C23AAB0
:10546000015C23AC015C98C12382F500EF20105D44
:1054700055F123870188014571BFEFD26FCB83A718
:10548000818183C7670009476389E7020D47638FFE
:10549000E70805476382E70413840182034504009B
:1054A000EF20807B854517050000130545FDEF20A3
:1054B000C0762300A4006FD0EFC9EFF05F8C69FDC8
:1054C0001384018203450400EF2000791305F00FD7
:1054D0002300A4006FD00FC8138411820345040079
:1054E000EF2000749545170500001305E5D9EF205E
:1054F00060722300A4009387C1551387C159138894
:10550000C1598843CC439047D44708C34CC310C704
:1055100054C7C1074107E39607FF130600049385AC
:10552000C1590545EF20905125F959BF83C7D1884E
:1055300099CB413D35F183C7E188D9F3A386018832
:1055400023860188B5BF23870188A53DE31605F4AE
:1055500083C7C18889C78547A386F18835BF23875C
:105560000188B9BFEFD22FBB83D7018913D787003A
:105570009389C155A380F9002381E900A38C0156CA
:10558000239D0156238E0156975400009384046195
:1055900001443D492285392605041374F40F19C9C5
:1055A00083C7040083C61400CE9703C7D701558F65
:1055B000A38EE7008904E31F24FD03C7090283C704
:1055C000E90183964189134707F893C707042380AD
:1055D000E902238FF90063C406006FD00FB73D4581
:1055E000D12465DD03C7A90183C7C9010507850764
:1055F000238DE900238EF9006FD02FB5EFD2AFB124
:1056000083D7018993C7F7FFC207C1831387A18896
:105610008583035607009386418293D58700A38034
:10562000F6002381B6006303F60885462386D188F9
:1056300045468145138591542310F700EFD00FB6EE
:1056400013898154930710032300F9009754000035
:105650009384C4520144130A0021C149B3578A00FC
:10566000858B1375F40F85E3352C3307890001CD45
:105670008347190003C6040083C61400D18FA3001A
:10568000F9002301D70005048904E31934FD11450D
:10569000112C09E5930730032303F900254519244C
:1056A00001E59147A305F9006FD02FAA2386018851
:1056B00041B7EFD2EFA7D920E52A9387618983D438
:1056C00007002390A7002A84B3479500239AF18806
:1056D000EF20A008EF20E02A138721899347F5FFE8
:1056E000C20783560700C1832398F1886383F602BB
:1056F0002310F700EF20C06383A7818183C7670071
:1057000005476380E7020D47638BE700BD336FD029
:105710006FA42310D700E31F94FC6FD0AFA3F93D13
:10572000F5B78935E5B7931715001387C1623E9722
:105730009386C16483570700AA9603C606008607AE
:105740008D46D18FC207C1832310F7006381D70232
:1057500041679306F7FF638CD70071176383E700F7
:1057600091E79387C161AA9723800700828093877E
:10577000C161AA9705472380E7008280EFD24F9846
:1057800037140140854513050480EFD0DFACB945DF
:1057900013050480EFD0BFAA371B014093050040DA
:1057A000130504C0938AC164EFD07FA98144214AC4
:1057B00013090BC08D49154C914C054D930B0B8073
:1057C0002945EFD06F9FD68D0144B3158A00C205DD
:1057D000C1814A85EFD07FA4133515002380AD0029
:1057E0000504950DE31334FF8504850A638584075A
:1057F00063823405638694036385A4099145130588
:105800000B80EFD05FA5AD4513050B80EFD03FA314
:105810009305004013050BC0EFD07FA289444DB71C
:105820004A8593050040EFD01FA3BD455E85EFD0AC
:105830001FA179B713050B80A145EFD0DFA1130598
:105840000B809D45EFD0BF9F9305004013050BC013
:10585000EFD0FF9EB5B7C14513050B80EFD0FF9B7E
:10586000133515009387C164A387A7000144C14481
:10587000228505041374F40F7D35E31B94FE6FD06D
:10588000EF8B13050B808945EFD0FF9C13050B8030
:10589000B545EFD0DF9A9305004013050BC0EFD05C
:1058A0001F9A39BF9387C161AA9703C507008280F9
:1058B0009386C16181470145414603C706008506BD
:1058C0003317F700598D420585074181E397C7FEDD
:1058D0008280C205D18D220533E6A500014317BFA2
:1058E000FF1F130FEF7D930ED039FD559308D03471
:1058F0000D4E3308D30315457A98B306A8005D47CB
:10590000B357E600858BFD1793F7A7FB93873707FF
:105910002380F6007D178506E314B7FE6105E31EBC
:1059200015FD0503E317C3FD82809307D0393308C3
:10593000F5024206A205558E97B7FF1F9387477859
:105940004D8E1545FD559308D0343E98B306A800FA
:105950005D47B357E600858BFD1793F7A7FB938749
:1059600037072380F6007D178506E314B7FE61052F
:10597000E31E15FD8280EFC2BFFB13050020EFD0B0
:105980004FE019E16FC01FFD13050002EFD06FDF7C
:1059900075D937052000EFD0CFDE6DD51305002077
:1059A000EFD00FDF13050002EFD08FDE37052000A8
:1059B000EFD00FDEB7040040138504408145370463
:1059C0000240EFD07FE6130504038145EFD0CFD925
:1059D0001305C4018145EFD02FD91305C4068145B5
:1059E000EFD08FD8130504039305D039EFD02FD90A
:1059F0001305C4019305D039EFD06FD81305C40641
:105A00009305D039EFD0AFD71305C4018545EFD04A
:105A1000AFD5130504038545EFD00FD51305C40694
:105A20008545EFD06FD4854513850440EFD0DFDF87
:105A30006FC05FF2EFC2DFEFEF20E0362D3FEFE007
:105A40009FE26FC03FF19307200263F3B7008280AB
:105A50009307D0393305F50293971500AE978E075B
:105A600093950601220693865700B3E7E5005D8E05
:105A700097B7FF1F9387C764AA96BE965D47FD55EB
:105A8000B357E600858BB307F04093F7670493871D
:105A9000D7022380F6007D178506E313B7FE8280C8
:105AA0000DBD61B53336C0000606B337D000B3353F
:105AB000B000D18F8A0593868189CD8F36952300DA
:105AC000F5000146BD47F55503C7060085063317A7
:105AD000F700F517598EE399B7FE328523A0C18AE6
:105AE0006FE03FDC9387C191D84B9C4F93056500D5
:105AF0000346170083462700034737002380B7007B
:105B0000A380C7002381D700A381E7002382070079
:105B1000A382A700828097A7FF1F83C7E74F81E773
:105B200089472388F18A82808D4763F4A70617C7C7
:105B3000FF1F130767068347070083461700D58FAB
:105B4000B9E7834627009307F00F6392F604834773
:105B5000370083464700BE9693F6F60F8DEAF91795
:105B600093F7F70FA301F7006365F50203465700AB
:105B700085059306500D93F5F50F631AD60003477C
:105B800067006316B700139507014185828075553C
:105B9000828071558280EFC2BFD917A4FF1F130402
:105BA000644703453400894739712300F1009307A6
:105BB000F00F6307F500EF20200AFD57A301F40062
:105BC000930730209305803E170500001305A5219B
:105BD0002310F400EF20600497A7FF1F9387074569
:105BE00083C6970003C6870003C7A70083C7B70013
:105BF000A206D18E4207558FE207A301A400D98FD8
:105C00000A85814601468545829721616FC09FD4F0
:105C1000EFC21FD217A4FF1F1304C43F0345340073
:105C20009307401139713EC09307F00F6307F500E9
:105C3000EF208002FD57A301F40085659307301023
:105C400093858538170500001305E5192310F40026
:105C5000EF10B07C97A7FF1F9387473D83C697003F
:105C600003C6870003C7A70083C7B700A206D18E6B
:105C70004207558FE207A301A400D98F0A85814608
:105C800001469145829721616FC0DFCCEFC25FCAA8
:105C900017A4FF1F13040438B707FF013971938756
:105CA0002753034534003EC0C1472302F100930748
:105CB000F00F6307F500EF10307AFD57A301F400F1
:105CC000930730309305803E170500001305A5119A
:105CD0002310F400EF10707497A7FF1F9387073508
:105CE00083C6970003C6870003C7A70083C7B70012
:105CF000A206D18E4207558FE207A301A400D98FD7
:105D00000A85814601469545829721616FC09FC4EF
:105D1000EFC27FC097A4FF1F9384C42F83C61400D3
:105D20009387C1912547804F03A94701AA896382C0
:105D3000E6048347390083461900034729001946C2
:105D40002300C400A301F400A300D4002301E40055
:105D500003C5340085472380F400A3020400230216
:105D600034019307F00F6315F506EFE08FB76FC0AE
:105D7000DFBDEFE0BFCB55DD0145EFE0FFCB17A660
:105D8000FF1F1306062A97A5FF1F93850529228565
:105D9000EFE03FDA03461900834629000347390044
:105DA000930565002300B400A300C4002301D400C0
:105DB000A301E400AA8703C53400A302F4008547C9
:105DC0002380F400230204009307F00FE30FF5F89B
:105DD000EF109068FD57A381F400EFE08FB06FC023
:105DE000DFB6EFC2FFB417A7FF1F1307A722834632
:105DF00007009384C191954703A94401804C638BAC
:105E0000F604834717009D462300D7002947636B9C
:105E1000F70017570000130767DA8A07BA979C4301
:105E2000BA978287834739008346190003472900C0
:105E30001946A301F4008D472300C400A300D40039
:105E40002301E400A30204002302F400EFE06FA9A1
:105E50006FC05FB085472300F7006FC0BFAF8347B7
:105E6000390083461900034729001D46A301F400A9
:105E700085472300C400A300D4002301E4002302CB
:105E80000400A302F40023030400EFE08FA56FC019
:105E90007FAC834739008346190003472900194620
:105EA000A301F40085472300C400A300D40023010C
:105EB000E400A30204002302F400EFE08FA26FC00D
:105EC0007FA9EFE0BFB645C10145EFE0FFB617A6D9
:105ED000FF1F1306061597A5FF1F9385051422853E
:105EE000EFE03FC5D8489C4C93056500034617007A
:105EF00083462700034737002380B700A380C700ED
:105F00002381D700A381E70023820700A382A70093
:105F1000EFE02F9D35BF83C7018B8DFBEFF0BFC72F
:105F200035B783C7018BE39307F28D3305B78347FA
:105F300039008346190003472900A301F400B14743
:105F40004946A302F40085472300C400A300D400FF
:105F50002301E40023080400A30804002302F40042
:105F6000EFE02F98F5B5D8488346A9019C4C03452E
:105F70001700834527000346370013974600137721
:105F8000F70F2309D40023080400A3080400930694
:105F9000370135072380D700A380A7002381B700EE
:105FA000A381C70023820700A382E700EFE06F937D
:105FB00045B5EFC2FF9717A4FF1F130424078346BC
:105FC0001400034604000347240083473400A2065C
:105FD000D18E420717A6FF1F1306C603558FE2078F
:105FE000FD56A301D600D98F23020600829783466F
:105FF0005400034644000347640083477400A2062C
:10600000D18E4207558FE207D98F829793054006BC
:1060100017050000130565B8EF1030409305800C9C
:10602000170500001305C5C6EF10303F9305C012D9
:1060300017050000130505BEEF10303E9305007DE7
:1060400017050000130565ADEF10303D6FC09F9040
:10605000EFC21F8E17A4FF1F1304C4FB8347340035
:10606000397113072013C98D2310E1002301B100FA
:106070001307F00F6388E7003E85EF10F03DFD57F2
:10608000A301F400930730409305803E17050000FC
:10609000130565D52310F400EF10303897A7FF1FC4
:1060A0009387C7F883C6970003C6870003C7A70076
:1060B00083C7B700A206D18E4207558FE207A3011E
:1060C000A400D98F0A85814601468D4582972161BA
:1060D0006FC05F88EFC2DF8583475700834E07009C
:1060E000034E170003432700834837000348470047
:1060F000B336D0001376F60F397122069386060662
:10610000D18E130700142E862E84AA851305A100B4
:10611000A304F10097A4FF1F9384C4EF2310E100B0
:106120002311D1002302D101A302C1012303610085
:10613000A303110123040101EFC09F8203C53400B2
:106140009307F00F6307F500EF101031FD57A3819F
:10615000F400930730609305803E17050000130597
:1061600085C82390F400EF10502B97A7FF1F93874B
:10617000E7EB83C6970003C6870003C7A70083C762
:10618000B700A206D18E4207558F9305A400E207FF
:10619000A381A400D98F0A858146014693F5F50FA6
:1061A000829721616FC00FFBEFC28FF817A4FF1F0A
:1061B000130444E639711307001483473400231095
:1061C000E100130700032301E100A301A10013076D
:1061D000F00F6388E7003E85EF101028FD57A301FC
:1061E000F400930730709305803E170500001305F7
:1061F00085BF2310F400EF10502297A7FF1F93874D
:10620000E7E283C6970003C6870003C7A70083C7DA
:10621000B700A206D18E4207558FE207A301A40062
:10622000D98F0A85814601469145829721616FC0C9
:106230006FF2EFC2EFEF935785001317850017A495
:10624000FF1F130424DD5D8F03453400C1673971DE
:106250009387A7143EC02312E1002303B100A303D8
:1062600001009307F00FB2846307F500EF10D01E12
:10627000FD57A301F4008567A6859387378017052E
:106280000000130545B62310F400EF10101997A76E
:10629000FF1F9387A7D983C6970003C6870003C74C
:1062A000A70083C7B700A206D18E4207558FE20729
:1062B000A301A400D98F0A8581460146A145829792
:1062C00021616FC02FE9EFC2AFE639711384518AA3
:1062D000EFE04FEE83470400A5CF97A4FF1F938400
:1062E00064D303C534009307A0142310F1002301E5
:1062F00001009307F00F6319F506930730509305DB
:10630000803E17050000130505AE2390F400EF1042
:10631000D01097A7FF1F938767D183C6970003C646
:10632000870003C7A70083C7B700A206D18E420724
:10633000558FE207A381A400D98F0A8581460146C3
:106340008D45829781472300F40021616FC08FE063
:1063500041651306803E85457D15E13D8547230057
:10636000F40021616FC00FDFEF10100FFD57A38104
:10637000F40061B71D71A2CCA6CAD6C286CECAC827
:10638000CEC6D2C4801097AAFF1F938AAAC82A83B8
:10639000C14703C53A008A8463E767189147B2880A
:1063A00063E3C718330AC300150A060A137AFA0F03
:1063B00013091A0097A7FF1F938727C61379F90FB0
:1063C00083C3070083C2170083CF270003CF3700A2
:1063D00083CE470003CE570003C8670003C677008B
:1063E0001307F9009377071F3301F14023811A0146
:1063F00099472300F100A300710023015100A3017C
:10640000F1012302E101A302D1012303C101A3038E
:1064100001012304C100A30461008A89630F0312F0
:106420001316130029069307A1000A9603D7050047
:106430008907890513588700A38F07FF238FE7FE7D
:10644000E396C7FE93151300A90593F5F50F33875F
:10645000B900938715002300170193F7F70F638C9A
:10646000080286088508C69593F5F50F03D6060041
:10647000138717003388F9001377F70F93588600B6
:106480002300180189074E9793F7F70F2300C700E1
:106490008906E39DB7FC9307F00F6310F508856745
:1064A000938737909305803E170500001305A59349
:1064B0002390FA00EF10607697A7FF1F938707B726
:1064C00083C6970083C5870003C7A70083C7B700AB
:1064D00003C65A00A206CD8E4207558FE2079306E7
:1064E0000004090AA381AA002300D4FAA300C4FA75
:1064F000230144FBD98FCA864E868D45130504FAC5
:1065000082972681130104FAF6406644D644464930
:10651000B649264A964A25618280EF10E073FD57FE
:10652000A381FA00ADBF9307F00F6312F5028567F0
:10653000938777908145170500001305C58A23903E
:10654000FA00EF10806DA381AA00268165BFEF10CD
:10655000A070FD57A381FA00D9BFA945CDBDEFC2F8
:106560008FBB97A7FF1F938767AC83C6D70003C66F
:10657000C70003C7E70083C7F700A206D18E420712
:10658000558F9384418AE2071384C191D98F17B53F
:10659000FF1F130565604111A685032A4401832965
:1065A00084012382018A829703C5040009CD17A9BB
:1065B000FF1F130929A6834709000D476388E700D9
:1065C0001147638BE70041016FC02FB8914723004B
:1065D000F900954763E0A702834719002947E36460
:1065E000F7FE17470000130727608A07BA979C43F6
:1065F000BA97828797B7FF1F9387075A03C647004A
:1066000003C727009306F00F83C50700718F03C8E7
:10661000170003C63700E311D7FC83C65700B3E564
:1066200005013367B600558F45FB930AA5FF5686D3
:1066300097B5FF1F9385A5563E85EFC0CFB313F5E1
:10664000FA0F2380A40041D141BF93050004EFF06D
:10665000AFCD6347050E0345390095472300F90088
:106660009307F00F6307F500EF10005FFD57A301DC
:10667000F90058481C4C494583451700034627003C
:10668000834637003147A382E70003C759002380C0
:10669000A700A380B7002381C700A381D70023826E
:1066A000070023880900A38809002383E900EFD0AD
:1066B0005FA311BF93050004EFF00FC76342050805
:1066C00097B4FF1F9384444D83C7740093F7F70377
:1066D0009DE79307F5FF03C78400C207C187639155
:1066E000E70603472900FD1712073107639AE704FD
:1066F00083C7240103C73401D98F638F073E054543
:10670000EFF00FE1C9B59305A004EFF0EFC1E34846
:1067100005FE97B4FF1F9384244883C774006385E4
:1067200007220547E39DE7FC03CA940003C78400E2
:106730009307EAFEA302E90093F7D70F638F0724BC
:106740001145EFF0EFDC41B593050004EFF0CFBD4C
:10675000E34805FE97B7FF1F83C77744CDF3034592
:10676000390095472300F9009307F00F6307F50000
:10677000EF10804EFD57A301F90058481C4C5948B2
:106780008346270003451700034737004146A3808F
:10679000A700A381E700414797B5FF1F93854540B8
:1067A000238007012381D70023820700A382E7000B
:1067B00013856900EFC0CF9AEFD0BF9229B593053A
:1067C0000004EFF06FB6E34D05F697B7FF1F83C7E0
:1067D000173D95F70345390095472300F9009307C6
:1067E000F00F6307F500EF102047FD57A301F900F4
:1067F00058481C4C99450346170083462700034719
:1068000037002380B700A380C7002381D700A3816E
:10681000E70023820700A3820700EFD09F8C65B3B7
:106820009305A004EFF04FB0E34B05EC03453900AE
:1068300095472300F9009307F00F6307F500EF1069
:10684000A041FD57A301F90097B4FF1F9384C434FE
:1068500083C774006388071003C734009547E3F1CA
:10686000E7EE58481C4CB545834627000346170001
:10687000034737002381D7002380B700A381E700B7
:106880001D47A380C70023820700A382E70003C738
:10689000C40083C734002384E90093065700E3D182
:1068A000F6EA814705C33387F4008346D700338770
:1068B000F9008507A304D70003C7C40093F7F70FB7
:1068C000E3E3E7FE85472383F900C147A383F9008B
:1068D000EFD03F81CDB993052003EFF0EFA4E34162
:1068E00005E60345390095472300F9009307F00FAB
:1068F000E30BF5CCEF104036FD57A301F900E1B1F1
:1069000093052003EFF04FA2E34C05E20345390065
:1069100095472300F9009307F00F6307F500EF1088
:10692000A033FD57A301F90085472302F90061B99F
:106930008945EFF06F9FE35B05FC19B5D145EFF09A
:10694000AF9EE35505FCEDBB034539009547230099
:10695000F9009307F00F6307F500EF10E02FFD57E4
:10696000A301F90058481C4C9D4503461700834677
:106970002700034737002380B700A380C700A38107
:10698000E70005472381D70023820700A382E700A1
:1069900023830900EFD0EFF43DB10345390095475B
:1069A0002300F9009307F00F6307F500EF10C02AEA
:1069B000FD57A301F90097B7FF1F9387E71D1387C2
:1069C000990017B6FF1F1306A61D83C6B7008507DB
:1069D0000507A30FD7FE83C62701A303D700E396BD
:1069E000C7FE83C8190103C8290103C5390183C53E
:1069F000490103C6590183C6690103C7790183C7E9
:106A0000890123071901A30709012308A900A30885
:106A1000B9002309C900A309D900230AE900A30A80
:106A2000F90083C8990003C8A90003C5B90083C54C
:106A3000C90003C6D90083C6E90003C7F90083C7AC
:106A40000901230319012306E900A306F900A303A2
:106A500009012304A900A304B9002305C900A30563
:106A6000D900514781476318EA0083C7C40103C7AF
:106A7000B401A207D98F9795FF1F9385055B1795E2
:106A8000FF1F13058559231BF900EFD01FF30DC11C
:106A9000AD472316F10013873901E1779306E10032
:106AA00005466C0005452317F100EFF0BF8C21BEB1
:106AB0001796FF1F1306E6569795FF1F9385E5551A
:106AC0004E85EFE00F8754481C4C2A8783C516007B
:106AD00003C6260083C6360019052380A700A380BD
:106AE000B7002381C700A381D70023820700A382B8
:106AF000E700EFD00FDFC1BC034539009547230005
:106B0000F9009307F00F6307F500EF10E014FD574D
:106B1000A301F900834729008DCF5546920733061C
:106B200036419386090133853701CE851376F60FFA
:106B30002E87B307E60093F7F70FA69783C70700E2
:106B400005072309F700E316D7FEC105C106E311C7
:106B5000B5FEEFD0BFED0DC513853901EFD0DFEDE8
:106B60001796FF1F1306E64B9795FF1F9385E54A7F
:106B70004E85EFD01FFCEFE0FFF6EFD08FD6A1B42B
:106B80008347AA0123880900A388090013944700BA
:106B900035041374F40F2389F9002285EFE09FF484
:106BA00023838900EFD0EFD339BC1D71A2CCCAC8B2
:106BB000D6C286CEA6CACEC6D2C48010979AFF1F70
:106BC000938A4A452A88C14703C53A000A8963EB7C
:106BD000071DA94763E8C71C131A3600429A329A68
:106BE000150A060A137AFA0F93091A009797FF1FDE
:106BF0009387A74293F9F90F83C4070083C3170053
:106C000083C2270083CF370003CF470083CE5700CE
:106C100003CE670003C377009388F90093F7081F3A
:106C20003301F1402381CA00A147A3009100230052
:106C3000F10023017100A30151002302F101A3021D
:106C4000E1012303D101A303C10123046100A304D3
:106C500001018A8463020818131E1800290E930785
:106C6000A1000A9E83D805008907890513D38800EF
:106C7000A38F67FE238F17FFE396C7FF93151800B6
:106C8000A90593F5F50F3388B40093871500230009
:106C9000C80093F7F70F3DCE131816000508C295EC
:106CA00093F8F50FBE8503D3060013881500338EC5
:106CB000B4001378F80F935E83002300DE0189058A
:106CC000269893F5F50F230068008906E39D15FDCE
:106CD0009306F6FF8606B69793F7F70F998F9315ED
:106CE000460013862700BA86930807011376F60F2D
:106CF0002E97B68503C80500B307B60093F7F70FC4
:106D0000A697238007018505E396B8FEC106C10852
:106D1000E391E6FE9307F00F6310F508856793870C
:106D200037A09305803E17F5FFFF1305C50B239091
:106D3000FA00EF00906E9797FF1F9387272F83C667
:106D4000970083C5870003C7A70083C7B70003C6A2
:106D50005A00A206CD8E4207558FE2079306000423
:106D6000090AA381AA002300D4FAA300C4FA2301CC
:106D700044FBD98FCE8626868D45130504FA82976B
:106D80004A81130104FAF6406644D6444649B6499E
:106D9000264A964A25618280EF00106CFD57A38138
:106DA000FA00ADBF9307F00F6312F5028567938772
:106DB00077A0814517F5FFFF1305E5022390FA0040
:106DC000EF00B065A381AA004A8165BFEF00D068DB
:106DD000FD57A381FA00D9BFA94575B5EFB25FB5DC
:106DE0009385C191DC499796FF1F9386A62203C520
:106DF000D60083CF660003CF760083CE860003CE15
:106E0000960003C3A60083C8B60003C8C60003C625
:106E1000E700984D2386A700A382F701130516000B
:106E20002383E701A383D7012384C701A3846700D9
:106E300023851701A3850701A303A700214541115D
:106E40006307A60A637AC504B1476304F60E930785
:106E5000400A6312F612D4499C4D454583C516007D
:106E600003C6260083C636002380A700A380B70090
:106E7000A381D700AD462381C70023820700A382E8
:106E8000D70023080700834757002303F700EFD0FC
:106E90004FA541016FB01FAC630806109946631CF3
:106EA000D60C83C6970183C5870103C6A701A20636
:106EB000CD8E2313D1009318160034003685BE986A
:106EC00011CE83C5B70103C8C7018907A205B3E581
:106ED00005012310B5000905E39517FF930561002F
:106EE0004D070545EFF00FC941016FB0BFA603C7BD
:106EF000C70103C6B70103C8970183C687012207EC
:106F0000518F93188700220821833368D800B3E893
:106F1000E8003400930561001387D7010546054555
:106F20002313010123141101EFF03FC841016FB099
:106F30007FA2D0499C4D4D4803451600834526004D
:106F40000346360023800701A380A700A381C70062
:106F500035462381B70023820700A382C7008547F7
:106F60002308F70083C76601A308F70083C77601EB
:106F70002309F70009BFD4499C4D194583C5160064
:106F800003C6260083C636002380A700A380B7006F
:106F90002381C700A381D70023820700A3820700B3
:106FA0008D472302F700C5B5D0499C4D694803457C
:106FB0001600834526000346360023800701A38080
:106FC000A700A381C70051462381B7002382070091
:106FD000A382C70003C6660183C77601230CC700DE
:106FE000A30CF7004DB5EFB2BF94797185451165DB
:106FF00002CA02CC02CE02D002D202D402D602C60B
:1070000002C8EFC08FE985451145EFC00FE937147D
:107010000140930700200D494C0813050480231AF2
:10702000F100E1474ACC3ECEEFC0AF8A9307004063
:107030004C0813050480231AF10091473ECEEFC09F
:107040004F89930700104C0813050480231AF100A0
:10705000C1473ECE4ACCEFC0CF87F167B74401406D
:10706000938707200C10138504803ED0B7070C00CF
:107070003ED42316010202D2EFC05F99138504802B
:10708000054693055052EFC0FFA9054693054042BF
:1070900013850480EFC01FA99307501368002316BF
:1070A000F10085473EC823070100EFC02FBF1385BD
:1070B00004808545EFC05FA593050010130504808B
:1070C000EFC0EF9745616FB0FF88EFB27F869737CB
:1070D0000000938767F18C43D043944703D7C700E0
:1070E00083C7E7004111374401402EC032C236C485
:1070F0002316E1002307F1008A841309F100130429
:10710000048083C504002285EFC07FA59305000895
:107110002285EFC01FA67DD98504E39424FF410199
:107120006FB05F83EFB22FFF83470500AA84374516
:107130000140AE8A130505808145B7490140328977
:10714000368AA388F18A2A84EFC07FA193050008BC
:107150002285EFC01FA27DD9138509808145B749DB
:107160000140EFC0DF9F138409809305000822854A
:10717000EFC03FA07DD9138509809305F00FB74973
:107180000140EFC0DF9D138409809305000822852C
:10719000EFC03F9E7DD9B3874A0193F7F70F9385E0
:1071A00017001385098093C7F7FF374B014093F50C
:1071B000F50F93F9F70F13040B80EFC05F9A930557
:1071C00000082285EFC0FF9A7DD9CE8513050B807C
:1071D000B7490140EFC0BF981384098093050008A8
:1071E0002285EFC01F997DD99305400D1385098035
:1071F00037440140EFC0BF96130404809305000894
:107200002285EFC01F977DD9638B0A0A374401405E
:10721000A69A9309400D1304048083C504002285B7
:10722000EFC0FF93930500082285EFC09F947DD99E
:1072300083C704008504CE9793F9F70FE39F54FDAD
:10724000630A0A02374401404A9A130404808345C2
:1072500009002285EFC0BF90930500082285EFC08A
:107260005F917DD9834709000509CE9793F9F70F00
:10727000E31F2AFDB30530413745014093F5F50F73
:1072800013050580B7440140EFC07F8D138404804F
:10729000930500082285EFC0DF8D7DD981451385D8
:1072A000048037440140EFC09F8B13040480930592
:1072B00000082285EFC0FF8B7DD96FB00FE99309DD
:1072C000400DBDBF411122C63744014093055052C5
:1072D00013050480EFC0BF8A49E91384018B03477B
:1072E000040085476316F7003244410173002030E3
:1072F000374401409305404213050480EFC03F88A6
:1073000065D5035704808357448083C7618A63939C
:10731000070C03C7918A9387C18A3E97834607006B
:107320001387918AC5CE03C6718A89469385718A6F
:1073300063F7C60C83C6818A85062384D18A03C677
:10734000818A8D4663F4C6002384018A8346070040
:107350000D46850693F6F60F2300D70083460700F7
:10736000637ED606A384018A95A813050480EFC026
:10737000AFFF83C7018B85461375F50F1384018B0F
:107380006389D70683C7618AB9FB03C7918A93874C
:10739000C18A3E97034607001387918A9315860199
:1073A000E1851376F60F63C905048345070083461C
:1073B000070017B7FF1F130727869E052E97930513
:1073C00016003297B69713F6F50F2300A700238017
:1073D000C70031B71387918A9387C18A0347070093
:1073E000BA972380070032442383018A4101730046
:1073F0002030EFC07F8DE5B52383D18ACDB583C61C
:107400000500850693F6F60F2380D50081B7EFB20D
:107410008FD037440140AA892E89014693055052E6
:1074200013050480EFC00FF003C7018B85479384D9
:10743000018B6309F7000146930540421305048060
:10744000EFC04FEE03C4718A1387718A41C083C6AF
:10745000818A9397760017A6FF1F1306E67BB297E3
:1074600023A0F9009387C18AB69783C707008D468A
:107470002300F90083C7818A85072384F18A83C7A3
:10748000818A63F4F6002384018A83470700374426
:1074900001400546FD1793F7F70F9305505213056A
:1074A00004802300F700EFC0EFE703C7040085471F
:1074B0006316F700054422856FB02FC90546930572
:1074C000404213050480EFC0EFE5EDB737490140B6
:1074D00005469305505213050980EFC0AFE403C77A
:1074E00004008547E309F7FC054693054042130570
:1074F0000980EFC02FE3C1B7EFB2EFC14111AA8AF3
:107500002E8A9384018B89499305B1006800EFF0BE
:107510001FF01DC583C704006387370383C70400BA
:10752000E5F70344B100B24556852286EFB04FC35C
:107530009305B10023008A006800EFF05FED79F950
:1075400041016FB08FC00349B100E30F09FA324423
:107550002299034504000504EFC00FF7E31B24FF45
:1075600065B76FF07FF9EFB2AFBC011185451165CA
:1075700002C002C202C402C602C802CA02CC231E52
:107580000100EFC06F9385452145EFC00F9137147F
:10759000014061498D448A85130504C08567231025
:1075A000F1004AC426C2EFB0DFB28A85130504C0D9
:1075B00089672310F1004AC426C2EFB09FB19167DA
:1075C0008A85130504C02310F10091473EC4EFB033
:1075D0005FB0E1778A85130504C02310F1003744BA
:1075E00000404AC426C2EFB0DFAE130504808545D3
:1075F000EFC00F98B70704013EC6930700026C0066
:10760000130504803ECC9D47231EF10002C802CA28
:10761000EFC06F8C1305048005468945EFC0AF931A
:107620001305048005468545EFC0EF928545130597
:107630000480EFC02F9005616FB0CFB1EFB2AFAD56
:1076400079712A84AE89054585453289B68402C29E
:1076500002C402C602C802CA02CC02CE02D002D2C2
:1076600002D402D6EFC08F812285EFB0FF80C147E0
:107670003EC6930700084C003ECC228585674EC26B
:107680004AC426C83ED402CA02CE02D002D202D6D2
:10769000EFB09F8945616FB04FABEFB2CFA7797163
:1076A0002A84AE89054585453289B68402C202C462
:1076B00002C602C802CA02CC02CE02D002D202D452
:1076C00002D6EFB0BFFB2285EFB00FFB9307000897
:1076D0003ECC930700103ECE930700404C003ED0B6
:1076E000228585674EC24AC426C83ED402C602CA55
:1076F00002D202D6EFB05F8345616FB00FA5EFB243
:107700008FA179712A84AE89054585453289B68471
:1077100002C202C402C602C802CA02CC02CE02D011
:1077200002D202D402D6EFB07FF52285EFB0CFF4BB
:10773000930700084C003ECC228585674EC24AC4A0
:1077400026C83ED402C602CA02CE02D002D202D657
:10775000EFB08FFD45616FB04F9FEFB26F9D138704
:10776000818C1C4385466388D7008946638ED70E7B
:10777000C5CF6FB02F9E37050200EFB09F80630723
:10778000051C37050200EFB0BF800965EFB05F80D0
:1077900037450040814513050580EFB0BFF91385DB
:1077A000018C034845002A879385318C9307F00F9D
:1077B0001736000013060646834617000507B58FE7
:1077C000B29783C70700E319B7FE93C7F7FF93F794
:1077D000F70F6303F8183704024013058405814549
:1077E000EFB08FF8130584059945EFB04FF91305F5
:1077F00084058545EFB04FF7130544048145EFB08C
:10780000AFF6130544049945EFB06FF71305440430
:107810008545EFB06FF53745004085451305058078
:10782000EFB05FF16FB00F939386018C83C71600A2
:1078300083C5260003C6360083C64600CD8FD18F90
:10784000D58F1386D18283460600638407129387FF
:10785000F6FF93F7F70F2300F600C5EF85471CC32B
:10786000A38601826FB00F8F0945EFB08FF1E3025D
:1078700005F00945EFB0CFF197A7FF1F9387C75BCE
:1078800017A6FF1F13064663014783D60700890723
:107890003697E31CF6FE198393170701C18783957A
:1078A000618C3386B7008146634E060081CF056543
:1078B0009306F5FF6358A6006386D7002E979316AC
:1078C0000701C1829387E18B2390D70003D707007C
:1078D00037040240130584001347F7FF4207418332
:1078E0002390E70003D70700814512074207418331
:1078F0002390E700EFB04FE7130584009305800461
:10790000EFB0EFE7854513058400EFB0EFE56FB00A
:107910006F84C146E3FFF6E437450040894713050D
:10792000058081451CC337040240A3860182EFB065
:107930007FE0130584058145EFB00FE38145130512
:107940004404EFB06FE2EF90606825B50965EFB0D1
:107950004FE3E31805E231BD8347250003471500D7
:10796000A207D98F13978700A183D98F239FF18A0C
:107970009DB59387160093F7F70FF1BD03D5E18B03
:1079800082809385C18B83D7050003D7E18B931643
:107990000701D98E63F5E712B307F74093A71710D5
:1079A00093C717006392070E1388418B8347080023
:1079B0009388818B17A5FF1F130505469396170023
:1079C000369503A6080003530500938617003A96E0
:1079D00033066640935736009D8A23A0C80013865D
:1079E000218B2310E5002300D8001397070183564D
:1079F000060041832390E500BA87637CD70AB387EA
:107A0000F64093A7170493C7170081C72310E60019
:107A1000BA8683A7818183D7470021674165BE96D7
:107A2000C206E177C182BE9693971600B697BA97C1
:107A300003C7C18263DBA70813950701418163CEA9
:107A4000070215EF1386A1828357060063F3A70A86
:107A50003307F54042074183AA86A145368563FB7B
:107A6000E5009305000463E5E506B6978583139565
:107A7000070141812310D60082802DC7014523953F
:107A8000A18223860182828097A7FF1F9387C73830
:107A90001316370094C3D4C394C7D4C723ACC18A88
:107AA0001386218B835606002390E500BA87E3688E
:107AB000D7F4958F93A7170493C71700B9B7998F79
:107AC00093A7171093C71700F1BD7D1525DF45BF9C
:107AD00013953600158D3E950D8142054181231089
:107AE000D60082801386A1828357060081463E8796
:107AF000ADB73387A74042074183AA86B9BF03D7F2
:107B0000E18BE177998F03A781812312F7008280AF
:107B1000EFA27FE01DC5AA842E89B289EFA01FE9DC
:107B200099677390078017A7FF1F1307673A81476C
:107B300041481443410799CA8507E39C07FFEFA01A
:107B40005FE71304F00F22856FA03FE09396470094
:107B500017A7FF1F13074737369713F4F70F232292
:107B60002701232007002306370104C7EFA07FE485
:107B700022856FA09FDD83C7018DA5C3EFA2BFD96A
:107B80001384018D19699384118D97A9FF1F93891F
:107B9000A9320DA883C70400034704009396270069
:107BA0007D178507CE968D8B1377F70F03AA0600F6
:107BB0002380F4002300E400EFA0BFDF029A834794
:107BC000040091CBEFA09FDE73100980834704006F
:107BD000F1F3EFA01FDE6FA05FD78280411122C6B4
:107BE00037140040854513050480EFB09FDF09E599
:107BF0003244410173002030130504808545EFB005
:107C00001FE01387C18C1C43324485071CC341010C
:107C10007300203005466FF0BFEF01466FF05FEF55
:107C2000BD4763F3A7008280EFA29FD02A84EFA014
:107C3000FFD799677390078097A7FF1F9387C7287F
:107C40001204A29723A2070023A0070023A4070081
:107C5000EFA03FD66FA01FD0BD4763F3A70082807F
:107C6000EFA21FCD2A84EFA07FD49967739007807D
:107C700097A7FF1F938747251204A29723A2070007
:107C800023A0070023A40700EFA0BFD26FA09FCCC2
:107C9000EFA27FC8EFF03FEE3714004013050480D9
:107CA00001468545EFB05FBA05468545130504805A
:107CB00083A9C18C23A6018CEFB01FB9EFA01FCF01
:107CC00099677390078017A4FF1F1304E41F17A977
:107CD000FF1F1309692F196A044485CC1C405840C2
:107CE000CE971CC0B386E74063E5E7028347C40034
:107CF00014C099E723220400232004002324040055
:107D0000EFA03FCB8294EFF01FE7EFA03FCA7310C4
:107D10000A804104E31224FDEFA0BFC96FA0FFC297
:107D2000F9572387F18283A7818D91C3828782804F
:107D3000EFA21FC0138481811C409C438DC7938494
:107D4000E18203C504009307E00F6300F502EFF042
:107D5000BFF01C40170500001305C5FC8C43EFF075
:107D6000DFEB2380A4006FA0FFBE83A7418D91C3EA
:107D70008297FD572380F4001305F00FC9BF938746
:107D8000818D984301E788C3014582801305F00F78
:107D900082809387418D984301E788C301458280A3
:107DA0001305F00F828083A7818103C7770011C775
:107DB00003C767008D476303F7008280EFA25FB7B8
:107DC0000545EFD03FAE8547630DF50C8146014672
:107DD00085450545EFD01FCD0945EFD0BFAC8547A0
:107DE0006301F5108146054681450D45EFD09FCBD7
:107DF0000D45EFD03FAB85478546630EF50C014638
:107E000081451545EFD01FCA1145EFD0BFA9930694
:107E1000F00F35E91306F00F9305F00FEFD07FC890
:107E20001945EFD03FA885476300F50A8146014612
:107E300085450145EFD01FC71D45EFD0BFA685473B
:107E4000630DF5068146054681450945EFD09FC57E
:107E50002145EFD03FA585478546630AF5040146D5
:107E600081451145EFD01FC42545EFD0BFA3930630
:107E7000F00F0DE11306F00F9305F00F0545EFD05D
:107E80005FC26FA03FAD01469305F00F0145EFD0F3
:107E90005FC179B701469305F00F0545EFD07FC06C
:107EA000CDB7854605468545EFD0DFBF35B70546DA
:107EB00085451145EFD01FBF45BF85460546854521
:107EC0000945EFD03FBE69B7854605468545014562
:107ED000EFD05FBD95B7054685451545EFD09FBCF2
:107EE00025B78546054685450D45EFD0BFBB09B78B
:107EF000EFA21FA4EF90A025EF90003513050040DE
:107F0000EFB00FE70545EF800012EF80600F13051B
:107F10002003EFA01FAEEFC07F9FEF90803BEF905C
:107F2000A042EF9090122945EFA0BFACEF90C02087
:107F3000EF90A020EF80107DEF800020EF80000FF9
:107F4000EFE02F87EF80602CD14517E5FFFF130589
:107F5000A5AEEFF03FCC854517D5FFFF1305A575FE
:107F6000EFF05FCB954517C5FFFF13050576EFF0E2
:107F70007FCAF94517E5FFFF1305A55EEFF09FC91E
:107F8000EFF01FD1F5BF37050400EFB00F88730085
:107F90002030BD26730020308D4723ACF18E8280C7
:107FA00097A7FF1F83C7E70489C7954723ACF18EC6
:107FB0008280854723ACF18E8280EFA27F97AA84CE
:107FC0002E8411458545EFB04FEDB1CC37660040AA
:107FD000032706C4C166F516758FB7170140232025
:107FE000E6C403A74780B716F0FFFD16758F23A2DE
:107FF000E78003A7C780F9769386F67F758F23A65F
:10800000E78003A74780B7460400558F23A2E78087
:10801000374702408327078039CC93E72700232086
:10802000F7806FA03F93B766004003A706C4B71759
:108030000140136727004207418323A0E6C403A73A
:108040004780B716F0FFFD16758F23A2E78003A7C0
:10805000C780F9769386F67F758F23A6E78003A7FE
:108060004780B7360300558F23A2E7803747024089
:10807000832707805DF0F59B2320F7806FA09F8DFD
:10808000EFA21F8BEFD02FA40545EF1050416FA03A
:108090007F8CEFA2FF89EFC0BFCE1145EF103040BB
:1080A0006FA05F8B8280EFA2BF8889650545EF10C6
:1080B00030389385C15D0545EF10106593070004C6
:1080C0006307F5000545EF10903D6FA0BF8881451F
:1080D00017050000130505FBEFF03FB49307F00F01
:1080E000E315F5FEEFD02F9E0545EF10503BF1BF95
:1080F0008280EFA2FF8389651145EF10703393856D
:1081000081501145EF105060930700046307F5009C
:108110001145EF10D0386FA0FF838145170500008F
:10812000130565F7EFF07FAF9307F00FE315F5FE4A
:10813000EFC01FC51145EF109036F1BFEFA24FFF02
:10814000138481934C440945EF10105CAA8789651C
:1081500009452305F40023080400EF10702D6FA0DB
:108160006FFFEFA2EFFCB767004083A707C5373763
:1081700000204907C207C183BA9786079C431307AB
:10818000000293F7F73F639DE7009387819303C74E
:10819000970019E703C7570083C747006309F70033
:1081A000930500020945EF1030246FA0AFFA014695
:1081B000814513052008EF105052C5BFEFA24FF7BD
:1081C0001384C1914C440D45EF101054AA87896562
:1081D0000D452305F40023080400EF1070256FA05F
:1081E0006FF7EFA2EFF4B767004083A707C53737F3
:1081F00000206907C207C183BA9786079C4313070B
:10820000000293F7F73F639DE7009387C19103C78F
:10821000970019E703C7570083C747006309F700B2
:10822000930500020D45EF10301C6FA0AFF2014620
:10823000814513053008EF10504AC5BFEFA24FEF3C
:108240000D47AE843284630DE506636CA7020547D3
:10825000630FE50409476312E506EF101023930747
:108260000003630CF504A685228613052008EF1091
:10827000D046094593050003EF10101701456FA084
:108280006FED1147631BE502EF10302093070003E9
:108290006305F502A685228613054008EF10F0431A
:1082A000114593050003EF1030140145C9BFEF10CD
:1082B000D01D930700036318F50205456FA08FE9F1
:1082C000EF10B01C93070003E309F5FEA685228694
:1082D00013053008EF1070400D4593050003EF10B3
:1082E000B010014569BFA685228613051008EF105E
:1082F000D03E054593050003EF10100F014541B72F
:10830000EFA20FE337650040832705C5416793055A
:10831000F7FFB7360020ED8F9906B69786079C4386
:10832000130707C003D6818EF98F0111638CC70034
:10833000832705C5137606C0ED8FB6978607984349
:10834000518F98C3B766004003A746C493848190B9
:1083500083D704002393E18E03D7618E7D8F13773B
:1083600007201384618E19CB41671307F7DF23A21F
:10837000E6C403C7418E05072382E18E035704003C
:108380007D8F4207418763440718035704007D8FA0
:108390001377074019CFC167376700409387F7BF4E
:1083A0002322F7C49787FF1F83A7C7E8829783D745
:1083B00004000357040089667D8F758F19C73967DC
:1083C000B76600407D1723A2E6C403570400856604
:1083D0007D8F758F63120712035704007D8F2D83E5
:1083E000058B05C383A78184A1EB0945EF00C07607
:1083F000BD679387F77F376700402322F7C483D791
:10840000040003570400F98F93F707109DC3C1665A
:10841000B76700401387F6EF23A2E7C403A787C41A
:1084200013160701634C060023A0018E1D45EF00C3
:10843000A07205616FA00FD2AD255DBF1387018EBD
:1084400010438D45050610C31843E3F1E5FE03A76D
:1084500007C4218B61FF83A507C41386F6FF9388A9
:10846000C18DB3F6C50023A0D800938707C081460D
:108470002148884393952600938505028A95718D3E
:1084800023A0A5FE85069107E39506FF83A60800B5
:10849000B7650040B767004093E6160023A0D800F8
:1084A00083A60800F18E23A0D5C483A60800F99AFC
:1084B00023A0D80083A60800F18E23A0D5C483A6EC
:1084C00047C493F60640E5DE41669306F6BF23A255
:1084D000D7C47D16938707C0A145931627009386BE
:1084E00006028A9683A606FE91070507F18E23AE43
:1084F000D7FEE314B7FE0DBFBD67FD173767004019
:108500002322F7C40145892D83D70400F1B5EF106C
:10851000002083D7040095BD97A7FF1F83C767ADD1
:1085200081C7954723ACF18E8280914723ACF18EB1
:108530008280828099E513352500134515000605D4
:1085400082800945828011C51785FF1F1305C5D19B
:10855000828083A701911D472398E7008280EFA2C4
:108560002FBD938401919C40854603C7070003C635
:10857000170083C527001377F7076309D70293060F
:10858000100209456312D7026304E60413070002D0
:10859000631CE600170400001304244D80CF2399C8
:1085A00007000145029401456FA0CFBA13072002CE
:1085B0006385E502130710020945E397E5FE1704FA
:1085C00000001304C44780CF014502949C40F9B7D2
:1085D00017040000130464F7D1B717040000130454
:1085E000A443D5B703A70191834707009306100260
:1085F000014593F7F7076383D7008280834717000D
:1086000013072002E38BE7FE9387D7FDB337F00013
:10861000139517008280EFA2AFB183A70191238544
:108620000700B129B7650040B767004085669387AA
:1086300007C09386F6F0138605C298439107758F9D
:1086400023AEE7FEE39BC7FE9307F00F23A2F5C41A
:10865000EF10B0068145014523AC018EEFF0FF9588
:108660005145EFA00FB985450545EFF01F956FA067
:108670006FAEEFA2EFAB83A70191179700000347FE
:108680009710A384E700239507000145EF10C0521F
:10869000930500200145EF102053C1450145EF101F
:1086A000A054930500050145EF10206D93050006C9
:1086B0000145EF10806A0145EF1080629785FF1F2A
:1086C00083C5C5B90145EF1060730145EF10205D0A
:1086D00037670040832707C09166F58F89CF8327CE
:1086E00007C085669386F6F0F58FB1669386060817
:1086F000D58F2320F7C037670040832707C093F743
:10870000070489CF832707C085669386F6F0F58F27
:10871000A1669386060CD58F2320F7C093050060D1
:108720000545EF10604A930500020545EF10C04B68
:10873000930500070545EF1040629305000B0545C2
:10874000EF10A063930500040545EF10206B8D65C5
:108750000545EF10E04D37670040832747C093F78A
:10876000070489CF832747C085669386F6F0F58F87
:10877000A1669386060CD58F2322F7C03767004089
:10878000832747C09166F58F89CF832747C08566C9
:108790009386F6F0F58FB16693860608D58F23226F
:1087A000F7C081450945EF102042930500020945B5
:1087B000EF1080439305000D0945EF10005A930513
:1087C000000F0945EF10605B930500020945EF10AB
:1087D000E0628D650945EF10A045376700408327AB
:1087E00087C09166F58F89CF832787C0856693867A
:1087F000F6F0F58FB16693860608D58F2324F7C06F
:1088000037670040832787C093F7070489CF832702
:1088100087C085669386F6F0F58FA1669386060C71
:10882000D58F2324F7C081450D45EF10E03993051E
:1088300000020D45EF10403B930500110D45EF1070
:10884000C051930500130D45EF102053930500020E
:108850000D45EF10A05A8D650D45EF10603D37674F
:1088600000408327C7C09166F58F89CF8327C7C093
:1088700085669386F6F0F58FB16693860608D58FE8
:108880002326F7C0376700408327C7C093F7070444
:1088900089CF8327C7C085669386F6F0F58FA166DA
:1088A0009386060CD58F2326F7C0930500601145EB
:1088B000EF108031930500021145EF10E03293056F
:1088C00000171145EF1060499305001B1145EF108B
:1088D000C04A930500041145EF1040528D651145C3
:1088E000EF10003537670040832707C193F707046F
:1088F00089CF832707C185669386F6F0F58FA16639
:108900009386060CD58F2328F7C03767004083274E
:1089100007C19166F58F89CF832707C18566938646
:10892000F6F0F58FB16693860608D58F2328F7C039
:108930000145EF00B059854723ACF18E6FA08F81C0
:108940009385C1836F000078938541836F008077A2
:1089500083A7019183C53700214783D74700636B05
:10896000B706EF92FFFC130740412A869396550005
:10897000636EF702130730406370F7020547938771
:10898000C7BFB317F7004167130717107D8F29E79B
:1089900005674107F98FA5E39775FF1F9385057557
:1089A000B6953285EF0000726F90DFFA0567130706
:1089B0004710E393E7FE9777FF1F93872773B385ED
:1089C000D70003D7C50179DF93858601BE95EF00F7
:1089D000606FD9BF014582809777FF1F938707712A
:1089E000B385D70003D7450155DF93850601BE95B2
:1089F000EF00406D55BF9777FF1F9387276FB385B3
:108A0000D70003D7C50059DF93858600BE95EF00D8
:108A1000606B59BF83A7019183C557008547F11546
:108A200013F7F50F63F4E700014582809777FF1F86
:108A30009387C76A8E05BE9571A583A7019183C5EB
:108A400057008547F11513F7F50F63F4E70001456B
:108A500082809777FF1F938767678E05BE959DA5D8
:108A600082808280828011C51775FF1F1305C57F24
:108A7000828083A701911D472398E7008280B76712
:108A80000040054723A0E7C423A007C4096723A229
:108A900007C4130707C02394E19023A0E7C401454E
:108AA000828037660040832806C44165130606C0ED
:108AB000C20893D8080181479795FF1F9385C55039
:108AC0007D1521481442139727002E97E98E14C371
:108AD00085071106E39807FF3767004093E70840D2
:108AE0002320F7C493F7E8FF93E8184093E6074084
:108AF00013980701232017C5135808012320D7C452
:108B0000B767004003A747C41377074065DF416696
:108B10001307F6BF23A2E7C47D16938707C001475A
:108B2000214593162700AE96944291070507F18ED2
:108B300023AED7FEE317A7FE376700409367884050
:108B40002320F7C4832707C4C207C18393E74700E4
:108B50002320F7C46FF04FC4EF929FDD9D4713842D
:108B6000018F6303F50008C01C4015476369F70CCB
:108B7000172700001307071A8A07BA979C43BA976A
:108B8000828737670040832707C4C207C18393E702
:108B900007012320F7C495471CC0A9472302F4000E
:108BA0006F905FDB83474400FD1793F7F70F2302B5
:108BB000F40083474400EDF737670040832707C47C
:108BC000C207C183BD9BC207C1832320F7C4994755
:108BD0001CC023A6018EE9B783A7C18EADC79547F8
:108BE0001CC07DBFB764004083A704C4C207C18313
:108BF000ED9BC207C18323A0F4C4EFF06FBAB16745
:108C0000938707F023A0F4C491471CC0854723A68F
:108C1000F18E6F903FD489472302F4008D471CC02A
:108C20006F905FD383474400FD1793F7F70F23023C
:108C3000F40083474400ADF791471CC095B79947AE
:108C40001CC06F903FD1B764004083A704C4C20723
:108C5000C183ED9BC207C18323A0F4C4EFF04FB4DE
:108C6000B167938707F023A0F4C499471CC00DBFD8
:108C700001CDEF92FFCB83A741909C43829703A540
:108C8000019129056F901FCD83A701910547239876
:108C9000E700828001CDEF92BFC983A741909C4736
:108CA000829703A5019131056F90DFCA83A70191D7
:108CB00005472398E700828003A7019159C52390B7
:108CC0000190834707009386019093F7F7079DE78C
:108CD0008347970013D7470093F70704098BA9CF61
:108CE000136717002380E600EF929FC483A741908B
:108CF0009C4B8297138501906F90DFC50546638B6F
:108D0000C70409466396C704034757003766004007
:108D1000130606C09377F7008A07B29762079C4351
:108D20006187634E07000D660567F18FE39EE7FAE2
:108D300085472380F6004DBF2380E60075B7414785
:108D400093F70703E392E7FAE5B789472318F7009B
:108D500001458280138501908280EF92DFBB138AE8
:108D6000019183240A0003D4040183C9840019E417
:108D700091476387F9069149014409A883D74401C3
:108D800063FA8706894963F387003E849C4C42045A
:108D90004180228582972A890145EF102000AA850B
:108DA00022864A85EF00F05CA2850145EF10200382
:108DB00083D7040103D72401818FC2073A94420468
:108DC000C183C18F9CC89307000383240A00239B9F
:108DD000F1908D67239CF190238434016F90FFB64E
:108DE00003A7C18F85476309F700C147239BF19013
:108DF0009D49DDB7914941BFB767004083A707C5CB
:108E0000373700200907C207C183BA97860723A016
:108E1000070093070003239BF19023AE018E6DBFE3
:108E200083A7019103C7370083C65184094563E3D3
:108E3000E60283C6270099EE83D6470081EEEF92C3
:108E40003FAF2385E70083A74190DC43829701452C
:108E50006F905FB08280EF92BFAD138401911C4090
:108E600003A7C190184F83C5370003C557004111B0
:108E700002971C4003C7A70015CB2AC605E903C704
:108E800047000DE783C7270095E383A74190DC47A0
:108E900082971C40324583C6570003C73700A3851D
:108EA000D7002386E70041016F90DFAA0945410101
:108EB0006F905FAA03A701918347070093F7F70715
:108EC000A5CB894609456383D70082808357270055
:108ED000EDFF83474700F5FBEF929FA583475700BF
:108EE000B7660040938606C013F6F7F71314260002
:108EF0003694E2071440E18763C407048D65ED8E64
:108F000083C5418409456373B6028DC20347A70038
:108F100011CF63CA07021C408D640567E58F638526
:108F2000E70483A74190DC4B829701456F909FA295
:108F300083479700014593F7F7FDA304F70082806C
:108F400093F6060375BF1C40414793F70703E39A66
:108F5000E7FC1374F60F2285EF00905D9305000384
:108F60002285EF00704875BF39E29775FF1F83C5F2
:108F7000E52E0145EF0090681840F1779387F7F8E8
:108F80007D8F42078D6741833D8FE1779387070887
:108F90005D8F4207418318C01C40E58FE38397F83B
:108FA0008D6618C01C40F58FE39DD7FE9DBF3285AE
:108FB000EF0070551840F1779387F7F87D8F4207DF
:108FC0008D6741833D8FE177938707085D8F420767
:108FD000418318C01C40E58FE38597F48D6618C067
:108FE0001C40F58FE39DD7FE2DBF03A601910347DB
:108FF0005600B7660040938606C09375F7F79397BF
:109000002500B697620794436187634707060D659D
:10901000E98E03C84184094563FF05058355260091
:10902000B9E9B1CA8346A600B9C6EF927F909443CE
:109030006347070471771307F7F8F98EC2060567CF
:10904000C182B98E617713070708D98EC206C18223
:1090500094C398438D6505666D8F6307C70094C3FD
:1090600098436D8FE31DC7FE83A741909C4F829765
:1090700001456F903F8E828093F6060359BF657756
:109080001307F7FBF98EC206C18261771307070841
:1090900093C60601D98EC206C18294C39843C145C6
:1090A000414613770703E301B7FC94C39843137752
:1090B0000703E31CC7FE83A741909C4F829701459D
:1090C0006F905F8983A7019103D7270101C588416C
:1090D0003A95828083D645003387E6402398E7009F
:1090E0008280EF925F83138901910324090037671F
:1090F0000040832707C503468400A5464111631637
:10910000D6120357640085472304F40083441400F7
:109110005DEB034704001377F70751E725476387A3
:10912000E41C15476386E4260D476383E42C638EB5
:10913000F42883A7C190DC4B268582978D470324B2
:1091400009006304F522A1471DE1B767004083A72A
:1091500007C5373700200907C207C183BA978607BA
:1091600023A0070093070003239BF1909947230452
:10917000F40001459775FF1F83C5450EEF001048A9
:1091800003270900A147034587006318F500856799
:10919000239CF190C147239BF1905D151335150079
:1091A00041016F908FFA6307F7128946E313D7F8EE
:1091B000638BF4228D47E39EF4F6EFF01FE335F95D
:1091C0000324090059B719476387E412C5E8035718
:1091D0002400631907145840C1769386F60F758FE3
:1091E000B70602009389C190630CD72283A70900B8
:1091F00026859C4B82978D476303F51683270900CC
:1092000041677D1783D607016387E6140947630B1F
:10921000E50CE9CA03870700634B07140D47238455
:10922000E7008D67239CF190A9B7C166FD1637361C
:109230000020F58F1106B29786078443F58C8604CB
:10924000BA9483C704002300F40083C71400A3006A
:10925000F40003D54400EF0070452311A40003D5AA
:10926000840003240900EF0070442312A40003D7F4
:10927000C400032409002313E40071B52147638669
:10928000E40A9389C190294783A60900E390E4F694
:10929000034704001377F707E31AF7F48347A400A2
:1092A000B1D783572400B9F35C4041771307F70F18
:1092B000F98F4167E39CE7F29C4E034554008145DA
:1092C00082976319051E03240900970700009387FE
:1092D000A79CADA0AD47E39EF4E4EFF0DFB7E31A3F
:1092E00005E4F9BD21472384E70061B5EFF05FB3E2
:1092F000E31105E4F1B5034704009389C19083A607
:1093000009001377F707E31307EE0347240063060A
:10931000F71089476308F70A8D47E319F7ECDC5229
:1093200091EFE9B59389C190D1B58347040093F7D4
:10933000F707EDFB970700009387C7931CCC231911
:109340000400014582978327090041677D1783D672
:109350000701E390E6EC25472384E70019BD832746
:10936000090025472384E70029B5A54709B503D798
:10937000670003A6C1900346C6023AC6B24563EB36
:10938000D50263FCE60263F0C61023AE018E35A061
:1093900003073400A147E34C07DC03472400E3182C
:1093A00007DC03574400E31407DC0347A400E30E83
:1093B00007D875BB32472398E700239AC700EFF020
:1093C000DF9945BB9C52BDFB15B583473400E39242
:1093D00097D683574400E39E07D48347940093F7BE
:1093E0000702E38807D4EFF0FFACE31405D4C9BB50
:1093F00003473400E31FF7D283574400E39B07D2AF
:109400008347940093E70702A304F40083A74190E5
:10941000DC4F8297032409000DBBDC4E85F3F9B3C2
:10942000034704001377F70711EB83574400E39FCA
:1094300007DA970700009387678809B7630CF7047A
:109440008947E315F7DA834754003767004013076D
:1094500007C013F6F70093162600BA969395870176
:109460009842E18563CD05048D66758F83C641847E
:10947000E37AD6EA93F70707E39607EA5DFB8144B0
:109480009389C190A5B3B3E6C60285FA054723AE1A
:10949000E18E25B783A709000345540081459C4F01
:1094A000829709E9032409008347A400D9F3834480
:1094B00014002DBB8327090083C4170005BB137755
:1094C00007036DB7EF92CFC6138401911C4083C68A
:1094D00087001387E6FF1377D70F1DCF1946214763
:1094E0006382C6042384E70001459775FF1F83C587
:1094F000E5D6EF00B0101840A14703458700631878
:10950000F5008567239CF190C147239BF1905D1581
:10951000133515006F900FC4EFF03F841C4003C754
:109520008700C9B783C6170015476389E60083A77C
:10953000C1909C4782971C4021476DB703C7070025
:109540001377F7076DF73767004003C5418403C8F9
:109550003700130707C081460DC1856521669385D5
:10956000F5F0130606081C431107ED8FD58FD18F38
:10957000232EF7FE8506E318D5FE13680808B767A3
:10958000004023A607C583A741909C53829745B707
:10959000EF926FB893840191804021490347840082
:1095A0009307E7FF93F7D70F89CB9307D7FF93F77D
:1095B000D70F95CF9D47630EF7082304240101457B
:1095C0009775FF1F83C585C9EF0050039840A147D9
:1095D000034587006318F5008567239CF190C14718
:1095E000239BF1905D15133515006F900FB6184C45
:1095F0008357040131C303564401B5C363E4C70C68
:1096000013190601135909014A850297835704016A
:1096100003572401AA89B38727414A97C207420703
:10962000C183D98F1CC80145EF004079AA854A86BD
:109630004E85A523835704018DE79C4003564401C2
:109640009386619129EA0D472384E7003E840D4902
:10965000ADB783A7C190DC4782978040B9BFA2878E
:10966000C5B78D6781450145239CF1908D2F8357A8
:10967000040103574401938661911306000323906C
:10968000C60063F3E704804091C795472304F400C4
:10969000154925B7A28719472384E700376700409B
:1096A000032707C537360020090642074183329752
:1096B000060723200700130700032390E6003E84DB
:1096C0001949E5BD3E862DBF9C40B5BF03C8418406
:1096D000630708023767004085652166130707C0E6
:1096E00081469385F5F0130606081C431107ED8F9C
:1096F000D58FD18F232EF7FE8506E318D8FE13658C
:109700000508B767004023A6A7C482808280EF9235
:10971000AF9F411123170100B767004083A747C4DB
:109720002393F18EC207C18763D20726B764004036
:10973000A56A056A3169938B618E138C41911384FC
:1097400004C09389FAF0130BFAF81309F9F8B5A8D5
:109750001397270022971443C206C1822317D10012
:109760008356E100C206C18663DF0600FD1714437D
:109770001776FF1F130606928A07B2979043B3F736
:1097800066011CC302968357E10093F707089DC347
:1097900083470C001776FF1F130686911397270047
:1097A0002297FD1714438A07B2979043B3F7360107
:1097B0001CC3029683A744C4139707014183C207C1
:1097C0002390EB00C18763D3071C83D70B00BD8BAD
:1097D0002300FC00B5FF1C40138D6191938C819197
:1097E000239CF19083D7819193F707032310FD0009
:1097F00083D781910D67F98F2390FC0018401440A6
:109800009387FAFB7D8FB3F626018967134707021A
:10981000BD8E2166B3E7E60013060608D18F1CC093
:109820001C4042071306000293F70703418363803D
:10983000C702E177938707085D8F420741831306CC
:10984000000218C01C4093F70703E39CC7FE1C40AE
:109850000D660967F18F6380E702E1779387070858
:1098600033E7F600420741830D66896618C01C4045
:10987000F18FE39DD7FE83D70B00C18B638B07105D
:109880001C4013070A80C207C1832317F1008357C6
:10989000E100F98F6398071E8357E100C207C18773
:1098A000E3DA07F083A704C01307FAF8F98F23A0BF
:1098B000F4C0EFF0FFCD83A704C083A504C003D795
:1098C0000C008566758FA5669386F6FBF58FB166ED
:1098D0009386F6F8F58D19C3B3C5450103D70C007F
:1098E0008966758F19C30967B98D03570D00418BC0
:1098F00019C393C7070103570D001377070219C354
:1099000093C70702A16633E7B70093860608376658
:109910000040558F2320E6C0032706C003560D00E4
:109920009396070193770703C1826384C702E177A7
:1099300093870708DD8EC206C18237670040232067
:10994000D7C0832707C003560D0093F70703E3181A
:10995000F6FEB767004083A707C003D70C008D66EB
:10996000F58F6385E702E1779387070833E6F50013
:1099700042064182376700408D652320C7C0832798
:1099800007C083D60C00ED8FE399D7FE41016F80AD
:109990003FFBB764004083A704C025641307F4F0BD
:1099A000F98F23A0F4C0EFF0FFB183A704C083A513
:1099B00004C003D70C0085661304F4FB758FB166F1
:1099C0009386F6F8E18FF58D19C30567B98D03D736
:1099D0000C008966758F19C30967B98D03570D008F
:1099E000418B19C393C7070103570D001377070273
:1099F00019C393C70702A16633E7B7009386060829
:109A0000558F376600402320E6C0032706C08356E3
:109A10000D00C20713770703C1836305D70261777F
:109A200013070708D98F139707014183B7660040D2
:109A300023A0E6C083A706C003560D0093F70703D3
:109A4000E318F6FEB767004083A707C003D70C00F2
:109A50008D66F58FE38CE7F2E1779387070833E6AD
:109A6000F50042064182376700408D652320C7C05C
:109A7000832707C083D60C00ED8FE399F6FE4101E2
:109A80006F801FEC83A704C01307FAF8F98F23A097
:109A9000F4C0EFF00FE583A704C083A504C003D78B
:109AA0000C008566758FA5669386F6FBF58FB1660B
:109AB0009386F6F8F58D19C3B3C5450103D70C009D
:109AC0008966758F19C30967B98D03570D00418BDE
:109AD00019C393C7070103570D001377070219C372
:109AE00093C70702A16633E7B70093860608376677
:109AF0000040558F2320E6C0032706C003560D0003
:109B00009396070193770703C1826384C702E177C5
:109B100093870708DD8EC206C18237670040232085
:109B2000D7C0832707C003560D0093F70703E31838
:109B3000F6FEB767004083A707C003D70C008D6609
:109B4000F58FE385E7E4E1779387070833E6F500CF
:109B500042064182376700408D652320C7C08327B6
:109B600007C083D60C00ED8FE399D7FE41016F80CB
:109B70003FDD0506B7370020BE950586860509CE70
:109B800083471500034705007D16A207D98F239050
:109B9000F500090591056DF682800506B7370020AE
:109BA000BE950586860501CA9C417D169105231048
:109BB000F500090575FA8280619942054181B76710
:109BC000004023A8A7C48280B7670040938707C0DE
:109BD0000A053E951C4165771307F798F98FDD8DCF
:109BE000C205C1810CC18280B7670040938707C05E
:109BF0000A053E951841E5779387F7FB7D8F42076D
:109C000093F70501418399C31347070193F70502B1
:109C100099C313470702E177938707085D8F4207CF
:109C2000418318C11C4193F70703E39CF5FE828032
:109C3000B7670040938707C00A053E951841F17742
:109C40009387F7F87D8F85664207B3F7D500418388
:109C500081C7358F420741838967B3F6F50081C616
:109C60003D8F42074183E177938707085D8F420765
:109C7000418318C11C418D66F58F6387F50018C1BB
:109C80001C41F58FE39DB7FE8280B7670040938744
:109C900007C00A053E950841137505038280B76722
:109CA0000040938707C00A053E951841F1779387D6
:109CB000F7F87D8F42078D6741833D8FE17793876A
:109CC00007085D8F4207418318C11C418D66F58FDF
:109CD0006387D70018C11C41F58FE39DD7FE8280B2
:109CE000B7670040938707C00A053E951C4105678A
:109CF0001307F7E0F98F617713070708D98FC207B9
:109D0000C1831CC18280B7670040938707C00A05E2
:109D10003E951C411167F98F99CB1C4105671307CC
:109D2000F7F0F98F316713070708D98F1CC18280BC
:109D3000B7670040938707C00A053E951C4193F71B
:109D4000070499CB1C4105671307F7F0F98F2167CA
:109D50001307070CD98F1CC18280B767004083A707
:109D600007C50E058581C207C1833E95B737002020
:109D70003E95060586050CC18280B767004083A723
:109D800007C50E058581C207C1833E95B737002000
:109D900091073E95060586050CC18280B767004095
:109DA00003A707C59317350042074183BA97373792
:109DB0000020BA97860703D507008280B767004066
:109DC00003A707C59317350042074183BA97373772
:109DD00000201107BA97860703D507008280B7676E
:109DE000004083A707C50E05C207C1833E95B7375C
:109DF000002089073E9506050CC18280B7670040A8
:109E000083A707C513173500C207C183BA97373731
:109E100000201907BA971307E0038607637AB7048F
:109E200013F7F501958129CFAA052167D98D8CC338
:109E30001DED9767FF1F83C767421307E003637F2A
:109E4000F70013F7F701958301E7FD17C207C183F8
:109E50006177AA07D98F2394F18E828013F71700B8
:109E60003337E0008583BA97AA072394F18E828066
:109E700013F715003337E0008581BA95AA0545BF71
:109E8000FD15C205C1814DB7B767004003A707C5DF
:109E90009317350042074183BA97373700201907D7
:109EA000BA97860788431375F53F8280931785001C
:109EB00021815D8D42054181828037670040F177C5
:109EC000232207C4938707F02394F190B167938707
:109ED00007F02320F7C401458280EF827FA59374A9
:109EE000F5071314060126852E894180EFF01FEB3C
:109EF000AA8522864A85EFF0DFC72685A285EFF086
:109F00001FEE01456F801FA5EF829FA29374F50796
:109F100026852E89EFF05FF72A842685EFF01FEA69
:109F2000AA8522864A85EFF05FC722856F809FA2AF
:109F300001A09771FF1F9381E1B217B1FF1F1301B9
:109F4000610C17150000130565DE9765FF1F9385EB
:109F5000650B1386018663FAC5008322050023A0E2
:109F6000550011059105E3EAC5FE13850186978525
:109F7000FF1F938525096377B50023200500110590
:109F8000E36DB5FEFD42739002BC8D42739042803A
:109F900093028008739002309792FFFF9382C286EB
:109FA00093E2320073905230EF70601A97E2FFFF35
:109FB000938242F47390123473002030014763148B
:109FC000E60001458280B307E5000507B386E5009A
:109FD00083C7070083C6F6FFE383D7FE3385D740E8
:109FE0008280000055550000000000FF03FDD414DE
:109FF0000117000031353039332D303600000000B4
:10A000003637313041000000AEA3FFFFFCA1FFFF57
:10A0100010A2FFFFFCA1FFFFFCA1FFFFFCA1FFFFBF
:10A02000FCA1FFFFFCA1FFFFFCA1FFFFFCA1FFFFC4
:10A03000FCA1FFFFFCA1FFFFFCA1FFFFFCA1FFFFB4
:10A04000FCA1FFFFFCA1FFFF02A3FFFF14A3FFFF82
:10A0500074A2FFFFFCA1FFFFFCA1FFFFFCA1FFFF1B
:10A06000FCA1FFFFFCA1FFFFFCA1FFFFFCA1FFFF84
:10A07000FCA1FFFFFCA1FFFFFCA1FFFFFCA1FFFF74
:10A08000FCA1FFFFFCA1FFFF7AA2FFFFB6A2FFFF2A
:10A09000D6A2FFFFFCA1FFFF48A3FFFF66A3FFFFBF
:10A0A000FCA1FFFFFCA1FFFFFCA1FFFFFCA1FFFF44
:10A0B000FCA1FFFFFCA1FFFFFCA1FFFFFCA1FFFF34
:10A0C000FCA1FFFFFCA1FFFFFCA1FFFF88A3FFFF96
:10A0D0009AA3FFFFFCA1FFFFFCA1FFFFFCA1FFFF74
:10A0E000FCA1FFFFFCA1FFFFFCA1FFFFFCA1FFFF04
:10A0F000FCA1FFFFFCA1FFFFFCA1FFFFFCA1FFFFF4
:10A10000FCA1FFFFFCA1FFFFFCA1FFFF26A3FFFFB7
:10A11000FCA1FFFFFCA1FFFFFCA1FFFFFCA1FFFFD3
:10A12000FCA1FFFFFCA1FFFFFCA1FFFFFCA1FFFFC3
:10A13000FCA1FFFFFCA1FFFFFCA1FFFFFCA1FFFFB3
:10A14000FCA1FFFFFCA1FFFFFCA1FFFF2CA3FFFF71
:10A150003833372D3135333936000000243CBA36D8
:10A16000E385A4D0934373B9706EC9F1100E9B2C94
:10A1700097E70B636C2920FE86F3E1F5F69FB61690
:10A18000047B8FABB1392A1BEB5CA8AC3811125F92
:10A19000893E7DCAEC53DB6D1ED281789646FFF96D
:10A1A000541C287A4FD3C0DCC16AF2BCCB57FD4A9D
:10A1B000E4F0B2C79540625241E2AD49A6B51F0234
:10A1C000C8DA92E5B0C564764821DE0F45584CDF09
:10A1D000A784CFD5154E27806B7FFC44714722DDC5
:10A1E000300CA13BE037A03523903274BF8DC2EA1A
:10A1F000D650BBD9C483B43168558B5DF47218B79F
:10A20000EFF7982D010361CC0A8E1300E814AF0913
:10A210005175A52F1D0D658ACD66073D05D84BE903
:10A220009D997C91D1B819C32B426988C679173A98
:10A230004D5BA25AFB253FBDF8EDCEE687A326A9CC
:10A240002EBE94087E67608C9C5E6FB39E06FA8279
:10A25000AEEE5977D71A9A34D456AA33F9817C00D6
:10A26000B93037D590516EF0B206FBCD39145FF896
:10A270001BC74A82708C921DEAC34EC812E6B61004
:10A28000D32F95842542A572E58F55EF86A253AE54
:10A29000ED262047DE786828E445CC35BC3EBB8EF1
:10A2A000C0BE34AFA60964017B44F5F3B13FA4B34B
:10A2B0003280C94F6F40BF214C74E1115EEB3D719C
:10A2C0002E9D6275D41648771367AD6B5D0787F7CF
:10A2D000A89A59768B9B1ED8EEAAE9992DC597F1BD
:10A2E000A783FCCADCBAB84BE88917050BA0652325
:10A2F000D1CE3603D7E0F291DF0E9C2C0D66D673DB
:10A30000585CB40A4DC23BD2B7E2AC33DB6027BD28
:10A3100056432404028D7D7FF6B5F4FDDD5BEC79B8
:10A32000C4221FA18854E71998947E31A329E35AC7
:10A33000CB6AB0CF6D936C7A08A93C1CD06350C631
:10A340008538C14149AB61522A9FD9181A57462B0B
:10A3500069DAFAFF0F15963A8AFE9E0C11A29AC38B
:10A3600094A051015BF7D130EE1F06D57767D3C1BA
:10A370006EE76A1AA48E9F6566D60C2DC6E469B78F
:10A38000565A5760FC791EE11652F007D0CDCA78B4
:10A39000C98BB38827F6E0C084CF2FA30400804088
:10A3A000A7FA759D4B89462228373413FF20B4DA6B
:10A3B00008266C8FF25D7B735C4C9071418A9EBB6A
:10A3C00012E8556D2A254AAFBD9519A531BAADD908
:10A3D000C5A66B83C4B6A9CCF9A1B17ADCC7DB2EC4
:10A3E0007E7F8D4E620F0339FDB8D418C2EC610236
:10A3F000531C3B7DBC1D59F58C98F16F9385F82C4F
:10A4000074D85E4D97AB87820A21425F0D58334462
:10A410003ADDE9FB5047C8D7819BE51B1754862BD3
:10A42000EFF429320E7C2315EBE63C35E296683FCB
:10A430000B43CEDE9CBE4F457276B510E3DF92D261
:10A44000A84891B9ACBF49B2996470EAF33E63146D
:10A45000AEEDAA24FE3DCBB009383605C4F028493C
:10A46000554AF5FD75AF2069C843866BC9A8C65427
:10A470004CDD025BE89B597734D7C0515FF37ED443
:10A48000F19081CE198A7833CD978CD66A4B8FA400
:10A4900080DC1A1714C5078766AD9D85B2F88D98C4
:10A4A000DF3E1F3F645840AC6C5C085D53BAFFD27E
:10A4B000A92C25ABE432389AF9CBC29167D0E322BC
:10A4C000292D9248B40E9905A36F0A15EFD5104FA8
:10A4D000D8F600E6462B31578394AE03EB8E132457
:10A4E000A11E5ED126D9A7CA366E7137EEB1FA7CAD
:10A4F0007606B823BE21BC9EC1DA7A3B62277BB0C8
:10A50000E56318827F0FEDA02A9CBF11BDE0880D86
:10A510003A795256F7B6D309161B70B342602F1C16
:10A52000A29F72124547BBE10B018B1DDEEC0C4E66
:10A53000E9CFCC9574F4A593C7DB4DFB3565FEE7F9
:10A5400039B5EA96C304414484FC6D30E2F268B741
:10A55000897D733DB95A50A63C61AA2E1A599CAD0B
:10A56000C8E41154ED370F3AE65F3C4BB81589B19A
:10A57000E8DA697791568BDB0624CF18F8B087DFCD
:10A580008C35CB86539DA4664A7A710A4838FFDC25
:10A590008320CE9832F6D7AF705E738A14721EC1D4
:10A5A00029790708E94346D02FDE2A4F3D2C50B3C6
:10A5B00075FC0B64AE317B61A530A093D2BEC25551
:10A5C000BA6CF36268FDAC3B95491F6BB485F7A686
:10A5D00003EC6E9A81090C6AEE9E4EF0AB2D7EA1C3
:10A5E000E1BBC9BC41F2FA2E1BDD2734D36004B5B0
:10A5F00001D640F9D50247D9D8E08F2BFBB7C5EB80
:10A600005716E5788DF400CD8239C696BDBFE33686
:10A61000450E261D63E7843EB69B22A3F58E236D6F
:10A62000C3997D9097102580D44CE274CCB25C33F2
:10A63000C7EA05123F51A8FEF11C42CAD176286F25
:10A6400092A767A919A2445BAAEF587F21C0886529
:10A65000B95D4D0D5AC413527C9F9417C72B82616C
:10A660005BD09684D34A70A19B59339FC02014536A
:10A670002917C50BC97B97020D3A1E7C3F6B52E828
:10A68000753DF6E40C8A4FC35F2665733123284875
:10A6900074AAA73609B1E291045122FC08A605A4C8
:10A6A000F1121C19EB4037C2A0411DD4DC07438FC7
:10A6B00047AFD12E98AB01BAF06668ACF9E769B63E
:10A6C000CB8D78871503D5DFA31A9D6AEA2F944EA8
:10A6D0009E42D7B83892D8BBDEDD9ABCB04C79F434
:10A6E000583EE98381FFE355FD5DB2EF9C6D5499BF
:10A6F00060DA3BECFA11D6C42AED4BAE13BFB906B3
:10A700008BE01F7F5AAD90390FF3BD466C2CF2F8E9
:10A71000FED9E6720E89BE5EC6A8CFF5577E8CB70D
:10A72000E1887AC81B18DB6F35D216326463A58EB8
:10A73000F7B47695867DE5A95C8500C1934DFB3025
:10A74000A2B5253410773C67712D4445560A50B3A5
:10A75000CD6280CE214924CAEE276ECCA5B06DB261
:10A7600051551FBF3E8DDD1992EA1BBD326529A4EC
:10A770008967B1906800DA0DA65954F210142F457C
:10A78000E03B23FAD750AC93E643010A5C7870981B
:10A7900046A97BF395072AD374B33FA36082394E51
:10A7A0003448C01CF6C291644D3CF89D359A94E340
:10A7B0007AF0F96EB912B8042D02281385728087D9
:10A7C000DB2BF14F26A2E1497E9CCCA7B6A0D09B03
:10A7D0003677AD8B6B4A031D058A064BAFE531B565
:10A7E000D4C60C66BA83FD090FAE71B76FDC41E8C1
:10A7F000178E407F6230FFA88425FB16CE3744AB0E
:10A80000991EEB183A47F75F81CFED582C6CFE9EEE
:10A8100057539720CA791A5A88F5699FE7D90EBE0F
:10A8200042DF56E44C22AA730B15C5EEFCC7D6CB0B
:10A83000CD8CE27621E9D1ECC87DD88F617C2EBC2D
:10A84000DEB475D2C4633DA15E5D6A0824C927BB2E
:10A85000EF33865BD5385211F4C396C1345ADB2CE2
:10A860005957122B30C2A092BFEDBC45DE279B96F4
:10A87000D3E6C5EBD8244BA421CCA8D6CE3CBAB1A4
:10A8800009E0D732664A831D19CA89670F420771EA
:10A89000E9BB445E8517C4AE9C3F6B78E76D02A7A9
:10A8A000FE33E3D90A7DEAF118877B6203795223EC
:10A8B000003E25B9DD16683B1F90A62AC629918A5D
:10A8C0009DEF1E8476EE4F39FB111B0B93AD49B7FC
:10A8D00005E14DCBE838D055F2F70D8B65CDFAD4B4
:10A8E0009EC9814E14C826B6F9AAF580F86A98ABBD
:10A8F00058F3B88EB5974372A2DA64C1405C13B0C6
:10A90000E5BD089F1C7E8F06BE6E501A2F37A1FC36
:10A91000102E705304206348E2FD6F7A7561B335E1
:10A920003ACF5B888251D247A5A9746C31947C9A46
:10A93000C0EC150E28012DC3F0B4E48DDCAC3D5FF6
:10A9400086C79522F4B2A35446D1778C0CFFAF563C
:10A950005D36697F994CD56073DF41F604DA79631F
:10A960001EBDEAE30B652501CDA992ED18755730A0
:10A970008903096ADCC798A450911FB10C778566DA
:10A98000CA121C67C2E01783599DD5228256A89F20
:10A99000C66048B311FCA328FB06DD5DBA297A4FD7
:10A9A000E8FEE910CBF3937B6C6954E744A2841D65
:10A9B0008DCEFFFA1A879074A1F814AABCC0CF31CB
:10A9C000B4D9BFD85E262DD0E43F19D68C2FAB3931
:10A9D00058726EDF3BE63CB66288DE40B28F9B7CED
:10A9E0009543D19EAC9CD423E10E4B5333462013A8
:10A9F000341B97F7F1C3614A6F5A217F702E55417E
:10AA000005C5D776E52715EC425C4D78358BEFD23E
:10AA1000EEB5BEAE023AD35FC424F0F9514EEB005E
:10AA20000FFDAF3EC19A528681807EF62BCCB97D58
:10AA300068F2AD99A7072C7338B06BB78E71A0F48C
:10AA40003DA60D37DB0A473616966D322A5BE24586
:10AA500094F5A54CC88A4964BB08C9B818A4FFFF7F
:10AA6000E2A4FFFFBEA4FFFF9AA4FFFF68A4FFFFBC
:10AA700018A4FFFF18A4FFFF18A4FFFF18A4FFFFEE
:10AA800018A4FFFF18A4FFFF18A4FFFF18A4FFFFDE
:10AA900018A4FFFF18A4FFFF18A4FFFF4AA4FFFF9C
:10AAA000C2A4FFFFB4A5FFFFD4A3FFFFD4A3FFFF01
:10AAB000D4A3FFFFD4A3FFFFD4A3FFFFD4A3FFFFC2
:10AAC000D4A3FFFFD4A3FFFFD4A3FFFFD4A3FFFFB2
:10AAD000D4A3FFFFD4A3FFFFD4A3FFFFD4A3FFFFA2
:10AAE00094A5FFFF74A5FFFFD4A3FFFFD4A3FFFF2E
:10AAF000D4A3FFFFD4A3FFFFD4A3FFFFD4A3FFFF82
:10AB0000D4A3FFFFD4A3FFFFD4A3FFFFD4A3FFFF71
:10AB1000D4A3FFFFD4A3FFFFD4A3FFFFD4A3FFFF61
:10AB200058A5FFFF28A5FFFFD4A3FFFFD4A3FFFF75
:10AB3000D4A3FFFFD4A3FFFFD4A3FFFFD4A3FFFF41
:10AB4000D4A3FFFFD4A3FFFFD4A3FFFFD4A3FFFF31
:10AB5000D4A3FFFFD4A3FFFFD4A3FFFFD4A3FFFF21
:10AB6000DEA4FFFF17141613151211100F0E0D0C93
:10AB70000B0A09080706000000000016000700097C
:10AB800000330000000D000E000F0004001400133D
:10AB9000003A003B0000003C0000000100200010D3
:10ABA00001400000000202010180038003400120F7
:10ABB00001020040000000006CB2FFFF94B2FFFFF2
:10ABC0005EB3FFFF6AB3FFFF94B2FFFFA6B2FFFFC1
:10ABD000DAB2FFFFDAB2FFFFA6B2FFFF0AB3FFFF50
:10ABE00076B3FFFFE2B9FFFF58BDFFFF4CBDFFFF8B
:10ABF0001CBDFFFFF2BCFFFF3CBCFFFFDABBFFFF49
:10AC000064BBFFFF22BBFFFFD0BAFFFF66BAFFFFA6
:10AC1000001D3A2774694E53E8F5D2CF9C81A6BB3C
:10AC2000CDD0F7EAB9A4839E25381F02514C6B762C
:10AC3000879ABDA0F3EEC9D46F7255481B06213C1C
:10AC40004A57706D3E230419A2BF9885D6CBECF10C
:10AC5000130E2934677A5D40FBE6C1DC8F92B5A8FC
:10AC6000DEC3E4F9AAB7908D362B0C11425F7865EC
:10AC70009489AEB3E0FDDAC77C61465B0815322FDC
:10AC80005944637E2D30170AB1AC8B96C5D8FFE2CC
:10AC9000263B1C01524F6875CED3F4E9BAA7809DBC
:10ACA000EBF6D1CC9F82A5B8031E3924776A4D50AC
:10ACB000A1BC9B86D5C8EFF24954736E3D20071A9C
:10ACC0006C71564B1805223F8499BEA3F0EDCAD78C
:10ACD00035280F12415C7B66DDC0E7FAA9B4938E7C
:10ACE000F8E5C2DF8C91B6AB100D2A3764795E436C
:10ACF000B2AF8895C6DBFCE15A47607D2E3314095C
:10AD00007F6245580B16312C978AADB0E3FED9C44B
:10AD1000C8DEFFFFD4DEFFFF06DFFFFF14DFFFFF0B
:08AD200072DEFFFF94DEFFFF6D
:10AD280000000000010203040102030406070809E9
:10AD3800000000FF0000000000000000000000000C
:10AD48000000000000000000E66F0000CA7000006C
:10AD5800247100006275000000000000000000007F
:10AD680001020304060708093203300030003000EE
:10AD7800300030003000300030003000300030004B
:10AD8800300030003000300030003000300030003B
:10AD98003000300030003000300000001201100197
:10ADA800EF02011000000000000001020301000092
:10ADB800A68000003C810000BC810000F2800000F9
:10ADC8000C9700000C9700000C970000A48000006E
:10ADD80062810000E2810000F08000000C97000012
:10ADE8000C9700000C9700001218010009000000E1
:10ADF8003218010009000000901401001001000041
:10AE0800741401001B0000006C1701001000000002
:10AE18006C170100100000006C1701001000000002
:10AE28006C17010010000000601701000A00000004
:10AE3800000000000000000000000000000000000A
:10AE48000000000000000000381701002600000084
:10AE5800181701001E00000000000000000000009C
:10AE68000000000000000000480000203200000040
:10AE780000000000000000000000000000000000CA
:10AE8800000000000000000000170100160000008C
:10AE980000000000000000000000000000000000AA
:10AEA800000000000000000044160100BA00000085
:10AEB800000000000000000000000000000000008A
:10AEC8000000000000000000241601001E00000021
:10AED800101601001400000000000000000000002F
:10AEE8000000000000000000EC1501002200000036
:10AEF800D415010018000000000000000000000048
:10AF08000000000000000000B41501001E00000051
:10AF1800A01501001400000000000000000000005F
:10AF280000000000000000000C97000018850000D9
:10AF38000C9700000C9700000C970000628A000034
:10AF48000C970000328500002A8500001686000054
:10AF580072860000648A0000608A00005E85000036
:10AF6800E48500003485000040890000488900001D
:10AF780050890000000000001000000000000000E0
:10AF88000204060800C20100000008FFFF050000D7
:10AF9800FFFFFFFF050000001807002000F8000869
:10AFA800FFFF000022000000400000800108FF00B1
:10AFB800004495087C170100CD0000007C000020AB
:10AFC800120000000F010000010000000000000056
:10AFD8007274707648000000050000000000000050
:10F80000C027090000000101010000000000000005
:10F8100000000000000000000000000000000000E8
:10F8200000000000000000000000000000000000D8
:10F8300000000000000000000000000000000000C8
:10F8400000000000000000000000000000000000B8
:10F8500000000000000000000000000000000000A8
:10F860000000000000000000000000000000000098
:10F870000000000000000000000000000000000088
:10F880000000000000000000000000000000000078
:10F890000000000000000000000000000000000068
:10F8A0000000000000000000000000000000000058
:10F8B0000000000000000000000000000000000048
:10F8C0000000000000000000000000000000000038
:10F8D0000000000000000000000000000000000028
:10F8E0000000000000000000000000000000000018
:10F8F0000000000000000000000000000000000008
:10F9000000000000000000000000000000000000F7
:10F9100000000000000000000000000000000000E7
:10F9200000000000000000000000000000000000D7
:10F9300000000000000000000000000000000000C7
:10F9400000000000000000000000000000000000B7
:10F9500000000000000000000000000000000000A7
:10F960000000000000000000000000000000000097
:10F970000000000000000000000000000000000087
:10F980000000000000000000000000000000000077
:10F990000000000000000000000000000000000067
:10F9A0000000000000000000000000000000000057
:10F9B0000000000000000000000000000000000047
:10F9C0000000000000000000000000000000000037
:10F9D0000000000000000000000000000000000027
:10F9E0000000000000000000000000000000000017
:10F9F0000000000000000000000000000000000007
:10FA000000000000000000000000000000000000F6
:10FA100000000000000000000000000000000000E6
:10FA200000000000000000000000000000000000D6
:10FA300000000000000000000000000000000000C6
:10FA400000000000000000000000000000000000B6
:10FA500000000000000000000000000000000000A6
:10FA60000000000000000000000000000000000096
:10FA70000000000000000000000000000000000086
:10FA80000000000000000000000000000000000076
:10FA90000000000000000000000000000000000066
:10FAA0000000000000000000000000000000000056
:10FAB0000000000000000000000000000000000046
:10FAC0000000000000000000000000000000000036
:10FAD0000000000000000000000000000000000026
:10FAE0000000000000000000000000000000000016
:10FAF0000000000000000000000000000000000006
:10FB000000000000000000000000000000000000F5
:10FB100000000000000000000000000000000000E5
:10FB200000000000000000000000000000000000D5
:10FB300000000000000000000000000000000000C5
:10FB400000000000000000000000000000000000B5
:10FB500000000000000000000000000000000000A5
:10FB60000000000000000000000000000000000095
:10FB70000000000000000000000000000000000085
:10FB80000000000000000000000000000000000075
:10FB90000000000000000000000000000000000065
:10FBA0000000000000000000000000000000000055
:10FBB0000000000000000000000000000000000045
:10FBC0000000000000000000000000000000000035
:10FBD0000000000000000000000000000000000025
:10FBE0000000000000000000000000000000000015
:10FBF0000000000000000000000000000000000005
:10FC000000000000000000000000000000000000F4
:10FC100000000000000000000000000000000000E4
:10FC200000000000000000000000000000000000D4
:10FC300000000000000000000000000000000000C4
:10FC400000000000000000000000000000000000B4
:10FC500000000000000000000000000000000000A4
:10FC60000000000000000000000000000000000094
:10FC70000000000000000000000000000000000084
:10FC80000000000000000000000000000000000074
:10FC90000000000000000000000000000000000064
:10FCA0000000000000000000000000000000000054
:10FCB0000000000000000000000000000000000044
:10FCC0000000000000000000000000000000000034
:10FCD0000000000000000000000000000000000024
:10FCE0000000000000000000000000000000000014
:10FCF0000000000000000000000000000000000004
:10FD000000000000000000000000000000000000F3
:10FD100000000000000000000000000000000000E3
:10FD200000000000000000000000000000000000D3
:10FD300000000000000000000000000000000000C3
:10FD400000000000000000000000000000000000B3
:10FD500000000000000000000000000000000000A3
:10FD60000000000000000000000000000000000093
:10FD70000000000000000000000000000000000083
:10FD80000000000000000000000000000000000073
:10FD90000000000000000000000000000000000063
:10FDA0000000000000000000000000000000000053
:10FDB0000000000000000000000000000000000043
:10FDC0000000000000000000000000000000000033
:10FDD0000000000000000000000000000000000023
:10FDE0000000000000000000000000000000000013
:10FDF0000000000000000000000000000000000003
:10FE000000000000000000000000000000000000F2
:10FE100000000000000000000000000000000000E2
:10FE200000000000000000000000000000000000D2
:10FE300000000000000000000000000000000000C2
:10FE400000000000000000000000000000000000B2
:10FE500000000000000000000000000000000000A2
:10FE60000000000000000000000000000000000092
:10FE70000000000000000000000000000000000082
:10FE80000000000000000000000000000000000072
:10FE90000000000000000000000000000000000062
:10FEA0000000000000000000000000000000000052
:10FEB0000000000000000000000000000000000042
:10FEC0000000000000000000000000000000000032
:10FED0000000000000000000000000000000000022
:10FEE0000000000000000000000000000000000012
:10FEF0000000000000000000000000000000000002
:10FF000000000000000000000000000000000000F1
:10FF100000000000000000000000000000000000E1
:10FF200000000000000000000000000000000000D1
:10FF300000000000000000000000000000000000C1
:10FF400000000000000000000000000000000000B1
:10FF500000000000000000000000000000000000A1
:10FF60000000000000000000000000000000000091
:10FF70000000000000000000000000000000000081
:10FF80000000000000000000000000000000000071
:10FF90000000000000000000000000000000000061
:10FFA0000000000000000000000000000000000051
:10FFB0000000000000000000000000000000000041
:10FFC0000000000000000000000000000000000031
:10FFD0000000000000000000000000000000000021
:10FFE0000000000000000000000000000000000011
:10FFF0000000000000000000000000000000000001
:020000021000EC
:1000000037177A001307072083A70183B3D7E702C6
:100010001307803E93F7F70F3387E7022381F186BA
:100020002390E186828023A2A18682801387819318
:10003000138641C310C33706800250C3138641B9EB
:1000400050C7138641A59306000250CB1386419DED
:100050009387C1912314D7002305070023180700B5
:1000600010CF138741BB98C337078003D8C31387CA
:1000700041B7D8C7138741A1D8CB138741952394A3
:10008000D700238507002398070098CF8280EF22AE
:100090009F8801112A89AE842145854502C202C488
:1000A00002C602C802CA02CC02CEEF300FDF85457D
:1000B00037052000EF304FE037140140714A8D4979
:1000C0004C00130504C0930700042312F10052C62C
:1000D0004EC4EF300F804C00130504C09307000896
:1000E0002312F10052C64EC4EF20BFFEB707FFBF78
:1000F000375400403ECA930700400C0813050440E3
:10010000231DF1009167231EF1004AC8231C9100B2
:10011000EF30EF95130504408545EF300FA7854577
:1001200013050440EF30AFAC05616F201F8261659D
:1001300089451305056AA1BFEF228FFF9128EF00C3
:10014000F0609387C15505472380E700130700F847
:100150002381E70013070004238FE7000D671307CF
:10016000070813841182A38007002390E702EF5051
:100170006FBF03450400EF70BFAA95451755FFFFF9
:1001800013058510EF701FA92300A4006F208FFCBA
:10019000EF220FFA411185453145EF300FD037146A
:1001A0000140C1440D494C0013050480BD47231292
:1001B000F10026C64AC4EF20DFF14C00130504C04D
:1001C000930700402312F10026C64AC4EF207FF0B7
:1001D00093078003130980044C00130504C0231205
:1001E000F1004AC6EF20FFEE4C00130504802312F5
:1001F00091004AC6EF20FFED93050040130504C0AF
:10020000EF30EF8341016F20EFF4EF226FF293059F
:10021000401F1705000013052554EF701FA093051C
:10022000803E1705000013058571EF701F9F930531
:10023000C05D1705000013052534EF701F9E930560
:10024000007D170500001305C514EF701F9D85651F
:10025000938585BB171500001305658CEF70FF9B18
:100260006F204FEFEF22CFEC93848189A38C01881C
:10027000A686BD470145755603C706008506331798
:10028000F700F517598DE399C7FE1384018A08C05A
:10029000EF402FE1A38D018893868189BD470145F9
:1002A000755603C7060085063317F700F517598DF5
:1002B000E399C7FE08C0EF40CFDEA38E0188938686
:1002C0008189BD470145755603C70600850633176A
:1002D000F700F517598DE399C7FE08C0EF406FDCB2
:1002E000238C018893868189BD470145755603C7D4
:1002F000060085063317F700F517598DE399C7FEF9
:1003000008C0EF400FDA238D018893868189BD47AD
:100310000145755603C7060085063317F700F51724
:10032000598DE399C7FE08C0EF40AFD7238E0188EF
:10033000BD470145F55603C7040085043317F70090
:10034000F517598DE399D7FE08C0EF408FD51306F6
:1003500080349305D0021715FF1F13058510EF2079
:10036000EFE3130680349305D0021715FF1F130522
:1003700075D5EF20AFE2130680349305D002171530
:10038000FF1F1305D547EF206FE16F20AFDCEF2291
:100390002FDA938781891D47BE84A380E7003E89B9
:1003A000BE860145BD47755603C70600850633174F
:1003B000F700F517598DE399C7FE1384018A08C029
:1003C000EF402FCE9D47A301F90013898189CA868A
:1003D000BD470145755603C7060085063317F7006C
:1003E000F517598DE399C7FE08C0EF408FCB9D47A5
:1003F000A302F90013898189CA86BD470145755654
:1004000003C7060085063317F700F517598DE399E2
:10041000C7FE08C0EF40EFC89D472300F9001389CD
:100420008189CA86BD470145755603C70600850602
:100430003317F700F517598DE399C7FE08C0EF4051
:100440004FC69D472301F90013898189CA86BD479C
:100450000145755603C7060085063317F700F517E3
:10046000598DE399C7FE08C0EF40AFC39D472302F3
:10047000F9000145BD47F55603C70400850433174D
:10048000F700F517598DE399D7FE08C0EF406FC10B
:100490001716FF1F1306C6C2370800019716FF1F65
:1004A0009386A6FD9718FF1F9388A831B2857D1803
:1004B000138786FE1385953BB307E540B357F800D5
:1004C000858BFD1793F7A7FB938737072300F7006A
:1004D0000507E393E6FEE106E105E39B16FD370819
:1004E00000019716FF1F938676BF9718FF1F93880A
:1004F00078F39715FF1F9385A5BC7D18138786FE9B
:100500001385C501B307E540B357F800858BFD1788
:1005100093F7A7FB938737072300F7000507E3133B
:10052000D7FE93068701E105E39A16FD3705000122
:100530009716FF1F9386362E1718FF1F1308386271
:100540007D15138786FE93056675B387E540B3571F
:10055000F500858BFD1793F7A7FB938737072300DB
:10056000F7000507E393E6FEE1066106E31BD8FC0E
:100570006F204FBEEF22CFBB938781890547BE8492
:10058000A380E7003E89BE860145BD47755603C777
:10059000060085063317F700F517598DE399C7FE56
:1005A0001384018A08C0EF40CFAF8547A301F9004B
:1005B00013898189CA86BD470145755603C7060060
:1005C00085063317F700F517598DE399C7FE08C064
:1005D000EF402FAD8547A302F90013898189CA86B0
:1005E000BD470145755603C7060085063317F7005A
:1005F000F517598DE399C7FE08C0EF408FAA8547CC
:100600002300F90013898189CA86BD4701457556C3
:1006100003C7060085063317F700F517598DE399D0
:10062000C7FE08C0EF40EFA785472301F9001389F3
:100630008189CA86BD470145755603C706008506F0
:100640003317F700F517598DE399C7FE08C0EF403F
:100650004FA585472302F9000145BD47F55603C75D
:10066000040085043317F700F517598DE399D7FE79
:1006700008C0EF400FA31716FF1F130666A49716B6
:10068000FF1F938686DF9718FF1F93888813B28514
:100690001308F00F138786FE1385953BB307E540DB
:1006A000B357F800858BFD1793F7A7FB93873707A0
:1006B0002300F7000507E393E6FEE106E105E39B6F
:1006C00016FD9716FF1F938676A19718FF1F938834
:1006D00078D59715FF1F9385A59E1308F00F1387F4
:1006E00086FE1385C501B307E540B357F800858B37
:1006F000FD1793F7A7FB938737072300F70005073C
:10070000E313D7FE93068701E105E39A16FD9716DA
:10071000FF1F938656101718FF1F13085844130520
:10072000F00F138786FE93056675B387E540B357D0
:10073000F500858BFD1793F7A7FB938737072300F9
:10074000F7000507E393E6FEE1066106E31BD8FC2C
:100750006F204FA0EF22CF9D938781891147BE84E0
:10076000A380E7003E89BE860145BD47755603C795
:10077000060085063317F700F517598DE399C7FE74
:100780001384018A08C0EF40CF919147A301F9007B
:1007900013898189CA86BD470145755603C706007E
:1007A00085063317F700F517598DE399C7FE08C082
:1007B000EF402F8F9147A302F90013898189CA86E0
:1007C000BD470145755603C7060085063317F70078
:1007D000F517598DE399C7FE08C0EF408F8C9147FC
:1007E0002300F90013898189CA86BD4701457556E2
:1007F00003C7060085063317F700F517598DE399EF
:10080000C7FE08C0EF40EF8991472301F900138923
:100810008189CA86BD470145755603C7060085060E
:100820003317F700F517598DE399C7FE08C0EF405D
:100830004F8791472302F9000145BD47F55603C78D
:10084000040085043317F700F517598DE399D7FE97
:1008500008C0EF400F851716FF1F13066686416814
:100860009716FF1F938666C19718FF1F938868F538
:10087000B285130808F0138786FE1385953BB307EE
:10088000E540B357F800858BFD1793F7A7FB9387D7
:1008900037072300F7000507E393E6FEE106E105CD
:1008A000E39B16FD41689716FF1F938636839718C2
:1008B000FF1F938838B79715FF1F9385658013082E
:1008C00008F0138786FE1385C501B307E540B357CB
:1008D000F800858BFD1793F7A7FB93873707230055
:1008E000F7000507E313D7FE93068701E105E39AB6
:1008F00016FD41659716FF1F9386F6F11718FF1F27
:100900001308F825130505F0138786FE9305667511
:10091000B387E540B357F500858BFD1793F7A7FB29
:10092000938737072300F7000507E393E6FEE10608
:100930006106E31BD8FC6F20EF81EF127FFF9387E6
:1009400081890947BE84A380E7003E89BE860145B0
:10095000BD47755603C7060085063317F700F51720
:10096000598DE399C7FE1384018A08C0EF307FF3E5
:100970008947A301F90013898189CA86BD470145CA
:10098000755603C7060085063317F700F517598D0E
:10099000E399C7FE08C0EF30DFF08947A302F900F2
:1009A00013898189CA86BD470145755603C706006C
:1009B00085063317F700F517598DE399C7FE08C070
:1009C000EF303FEE89472300F90013898189CA86F9
:1009D000BD470145755603C7060085063317F70066
:1009E000F517598DE399C7FE08C0EF309FEB894793
:1009F0002301F90013898189CA86BD4701457556CF
:100A000003C7060085063317F700F517598DE399DC
:100A1000C7FE08C0EF30FFE889472302F90001450F
:100A2000BD47F55603C7040085043317F700F517D3
:100A3000598DE399D7FE08C0EF30BFE61706FF1FB8
:100A4000130606689716FF1F938626A39718FF1FA5
:100A5000938828D7B2853708FF00138786FE138551
:100A6000953BB307E540B357F800858BFD1793F727
:100A7000A7FB938737072300F7000507E393E6FEFC
:100A8000E106E105E39B16FD9706FF1F93861665B9
:100A90009718FF1F938818999705FF1F9385456244
:100AA0003708FF00138786FE1385C501B307E540AD
:100AB000B357F800858BFD1793F7A7FB938737078C
:100AC0002300F7000507E313D7FE93068701E1052E
:100AD000E39A16FD9716FF1F9386F6D31718FF1F8C
:100AE0001308F8073705FF00138786FE9305667520
:100AF000B387E540B357F500858BFD1793F7A7FB48
:100B0000938737072300F7000507E393E6FEE10626
:100B10006106E31BD8FC6F10FFE3EF127FE19387C0
:100B200081891147BE84A380E7003E89BE860145C6
:100B3000BD47755603C7060085063317F700F5173E
:100B4000598DE399C7FE1384018A08C0EF307FD521
:100B50008947A301F90013898189CA86BD470145E8
:100B6000755603C7060085063317F700F517598D2C
:100B7000E399C7FE08C0EF30DFD28547A302F90032
:100B800013898189CA86BD470145755603C706008A
:100B900085063317F700F517598DE399C7FE08C08E
:100BA000EF303FD091472300F90013898189CA862D
:100BB000BD470145755603C7060085063317F70084
:100BC000F517598DE399C7FE08C0EF309FCD8947CF
:100BD0002301F90013898189CA86BD4701457556ED
:100BE00003C7060085063317F700F517598DE399FB
:100BF000C7FE08C0EF30FFCA85472302F900014550
:100C0000BD47F55603C7040085043317F700F517F1
:100C1000598DE399D7FE08C0EF30BFC81706FF1FF4
:100C20001306064A41689716FF1F93860685971894
:100C3000FF1F938808B9B2857D18138786FE138538
:100C4000953BB307E540B357F800858BFD1793F745
:100C5000A7FB938737072300F7000507E393E6FE1A
:100C6000E106E105E39BD8FC41659706FF1F9386EB
:100C7000F6461708FF1F1308F87A7D15138786FEBE
:100C80009305C601B387E540B357F500858BFD1783
:100C900093F7A7FB938737072300F7000507E39334
:100CA000E6FEE1066106E39B06FD1306803493052C
:100CB000D0021715FF1F130595B4EF103FCE6F102C
:100CC0007FC9EF12FFC6397185450945EF20DF9EC8
:100CD00085452145EF207F9C85451145EF20FF9BF1
:100CE00085450545EF209F993714014061498544AA
:100CF0002C00130504C08D472314F1004AC826C6F2
:100D0000EF202FBD930700042C001305048023144B
:100D1000F100370400404AC826C6EF208FBB1305F8
:100D20000440EF20BFB50546130504408145EF2080
:100D30003FB6130504408145EF203FB6130504403C
:100D40009305300BEF207FC6130504408145EF204B
:100D50005FC7130504408145EF201FBC1305044005
:100D6000A145EF201FB7130504408145EF203FB98F
:100D700013050440A145EF20BFB41305044081458D
:100D8000EF20DFB613050440A145EF205FB2130545
:100D900004408145EF209FC213050440130600065E
:100DA000B145EF207FBB054613050440B145EF2058
:100DB0003FB8130504408145EF20FFBF13050440F1
:100DC00013060006A145EF203FB905461305044070
:100DD000A145EF20FFB5130504409305A005EF20C2
:100DE0003FBD13050440130600068145EF20DFB622
:100DF0000546130504408145EF209FB313070010FB
:100E00003AD613070008B7040240930704443AD4C3
:100E1000414709694C08138504033ACE3ECA1307BB
:100E2000D0399707FF1F9387A7293AD03ECC4ADCD9
:100E300002D202D802DA02DEEF200F8F13850403FC
:100E40008545EF206F929307C4434C081385C40176
:100E50003ECA9707FF1F938777603ECCEF20CF8C69
:100E60001385C4018545EF202F90930744434C0818
:100E70001385C4063ECA9717FF1F938707983ECC79
:100E8000EF208F8A1385C4068545EF20EF8D9305EB
:100E900009A0130504400546EF20BF9C85451305B6
:100EA0000440EF207F9821616F10DFAAEF125FA846
:100EB000014681450145EF40DFA19707FF1F93875A
:100EC0002720238E0738A38C07729717FF1F2384D0
:100ED00007CCC53B6F101FA8EF129FA501468145A7
:100EE0000145EF401F9F9707FF1F9387671D238EC4
:100EF0000738A38C07729717FF1F238E07C8D133BB
:100F00006F105FA5EF12DFA2014681450145EF405A
:100F10005F9C9707FF1F9387A71A238E0738A38C20
:100F200007729717FF1F238807C6613BEFF02FA0BA
:100F300017F5FFFF13054533EF607FE417F5FFFF5B
:100F40001305E52CEF60FFE46F10DFA0EF125F9E4A
:100F500037040240EF602FE1B74400409385C4801E
:100F600013058405994613868185EF602FED994618
:100F70001386018C9385C48013054404EF602FF819
:100F8000371501408565130505C0EF204FAB1305EC
:100F900084058545EF105FFD130544048545EF107A
:100FA000BFFCB7240140138504408145EF10FFAE1C
:100FB000138504408145EF103FAD81451305840042
:100FC000EF109FFA23A4018C6F10DF98EF125F9649
:100FD00079718545114502C802CA02CC02CE02D001
:100FE00002D202D402D602C202C402C6EF20EFEA45
:100FF000854513050020EF204FEA3165EF204FDAD9
:1010000037150140930700024C0013050580372473
:1010100001402312F10002C6EF20AF8B854737074E
:101020000E00130504400C083ECC3ACE2302F10218
:1010300002C802CA02D0EF107F9F954605461305ED
:1010400004409545EF109FAA130504408545EF1015
:10105000DFA4130504408545EF101FA313050440CA
:101060008145EF107FB413050440B7240140EF1011
:101070001FA4138404402285EF101FA46DFD138567
:101080000440B7240140EF10BFA31384044022851D
:10109000EF10BFA36DFD13850440EF109FB237041E
:1010A0000240AA87930680041716FF1F1306C6D7AF
:1010B0009385C444130584002393F18CEF60EFDD26
:1010C000138504408545EF10DFA085451305840096
:1010D000EF109FE945616F10FF87EF127F850111C7
:1010E00085451145EF204FDD371400409307F00888
:1010F0004C08130504803ECA9307703E3ECCEF2097
:101100002FE985679387E7F22316F100BD47680052
:101110002307F10085473EC8EF204FB81305048030
:1011200005468545EF204FF2854513050480EF20E5
:10113000AFEF05616F101F824DB7EF126FFF03C550
:10114000E182EF607FB1EF60BFBE6F10BF80B71765
:1011500002409843B706FFF8370681FF1367170070
:1011600098C3D8437D164111758FD8C39843B706ED
:10117000F7FEFD16758F98C39843B706FCFFFD1662
:10118000758F98C3D8434165B7160240718FD8C395
:1011900037079F0098C702C402C68C433707020076
:1011A0000566C98D8CC321A0A247638AC7009C42F3
:1011B000F98F3EC6A24785073EC4B247F5D7B71799
:1011C00002409C4337070200F98F89CB85473EC612
:1011D000324785476309F7004101828002C63247E2
:1011E0008547E31BF7FEB7170240D843B705C1FF99
:1011F000FD15D8C3D843B7060002D8C3D04337176C
:10120000024013660640D0C3D0436D8ED0C3D04396
:10121000B7053D004D8ED0C39043B70500014D8EFC
:1012200090C31C43F58FF5DF5C4337160240A1469F
:10123000F19B5CC35C4393E727005CC35C42B18BCA
:10124000E39ED7FE41018280B7160240D842B7170D
:101250007A002146318B938707206303C702371733
:101260000240584397F6FE1F938646DD11833D8B5F
:10127000369703470700B3D7E70023A8F18282809F
:10128000DC42D8424166C983BD8B8907C546718F50
:10129000638ED70211EF3747024003270780418B47
:1012A00019CF37177A0013070720B387E70245BF26
:1012B000371702405843B7060200758F7DD33717A2
:1012C0003D0013070790B387E70251BFC9476DF38D
:1012D000D9B7EF12EFE5B747950803A701839387C6
:1012E00007406305F702B7E7B805938707806309EE
:1012F000F702B777DC02938707C0630DF7028545D5
:1013000037058000EF204FBB6F10CFE40945EF2079
:101310008FA7854537058000EF200FBA6F108FE348
:101320000545EF204FA6854537058000EF20CFB853
:101330006F104FE20145EF200FA58545370580006E
:10134000EF208FB76F100FE1EF128FDE011137051D
:101350000400EF109FCBB7070400054408083EC8FF
:10136000C1473ECC22CE02CAEF101FC3280093070C
:1013700040022314F10022C623050100EF200F9242
:1013800028009307A0032314F10023058100EF2018
:10139000EF9005616F100FDC131816002E98A5480A
:1013A0000DC29356C5011387760363E4D8001387F3
:1013B00006032380E500A380050089051205E3925A
:1013C00005FF8280B7F7FF1F83A5877E03A6C77E30
:1013D00083A6077F97F7FE1F938747C717F8FE1F5F
:1013E0001308C8C73E87254E13D3C501930873035E
:1013F00063646E009308030323011701A301070030
:1014000009079205E312E8FE17F7FE1F130707C44A
:1014100025439358C601138578036364130113852C
:1014200008032309A700A309070009071206E3120E
:10143000E8FE254593D5C601138675036364B500A0
:10144000138605032381C702A38107028907920639
:10145000E312F8FE8280B717210017F7FE1F13076B
:1014600027C2938737CA1CC7930700202316F700AB
:10147000828000000600FF0901A10185AA1500264F
:10148000FF007508953F0902810209039102C0001F
:1014900005010904A10185010901A10009300931F3
:1014A000093009310930093109300931093309346A
:1014B0000933093409360936150027FFFF000035C6
:1014C0000047FFFF0000950E75108102C005020560
:1014D0000919012930150025014501750195308153
:1014E0000209007508951D810106A0FF09008510FD
:1014F000A1010900150026FF007508953F9102C063
:10150000C005010902A10185210901A100050919F0
:1015100001290515002501750195058102750395C1
:1015200001810105010930093109381581257F75CF
:101530000895038106C0C005010902A101852209A1
:1015400001A100050109300931150026FFFF350012
:1015500046FFFF751095028102C0C005010906A172
:1015600001853105071500250119E029E775019569
:101570000881020507150026FF001900299175084A
:1015800095108100C0050C0901A1018532050C15DB
:101590000026FF7F19002AFF02751095018100C007
:1015A0001403530069006D00470045004B004900DB
:1015B000BE8B6E7F1E03530069006D00470045001F
:1015C0004B004900200043006F006E006600690078
:1015D0006700000018034E0046004300FB8B615378
:1015E0006856200043004F004D00310022034300A5
:1015F0006100720064002000520065006100640018
:1016000065007200200043004F004D0031000000D3
:101610001403BE8B07596F704951200043004F00DF
:101620004D0033001E034C004500440020004200E2
:101630006F00610072006400200043004F004D0005
:1016400033000000BA0349002F004F002000430080
:101650004F004E00540052004F004C00200042004A
:1016600044003B00310035003200350037003B00BC
:10167000300031003B00390030003B0031003800C1
:10168000330031003B00360036003700390041009E
:101690003B00300030003B0047004F005500540035
:1016A0003D00310034005F004100440049004E001D
:1016B0003D0038002C0045005F0052004F005400F0
:1016C00049004E003D0034005F0043004F004900D8
:1016D0004E0049004E003D0032005F0053005700AD
:1016E00049004E003D0032002C0045005F005500CF
:1016F000510031003D00340031002C003600000064
:101700001603530069006D0044006500760069000F
:1017100063006500730000001E03530069006D0044
:10172000470045004B00490057883A67CE983C680F
:10173000A7633652685600002603530069006D0007
:10174000470045004B004900200043006F006E0039
:10175000740072006F006C006C0065007200000085
:101760000A0353004500470041000000100304082D
:101770000410040C04040414110409040902CD002B
:1017800006010480FA080B000202020006090400A8
:1017900000010202010005240010010524010001DE
:1017A00004240202052406000107058603400040C8
:1017B00009040100020A00000007050202200000DF
:1017C00007058202200000080B020202020007093E
:1017D0000402000102020100052400100105240199
:1017E00000030424020205240600010705870340C4
:1017F000004009040300020A00000007050302205C
:101800000000070583022000000904040002030011
:101810000005092111010001221001070581034083
:10182000000107050103400005090405000203004B
:101830000008092111010001221B00070584034053
:1018400000050705040340000500EF126F8E9D3E62
:1018500019311707FF1F1307277923A8E19097F77E
:10186000FE1F9387E79C944309462304C70023A6E1
:10187000F19097F7FE1F9387679923A2F1908296C4
:041880006F104F8D09
:0400000300002800D1
:00000001FF
