:042800006F70007481
:102804000028000000000000CC3B0000D03B00008A
:10281400000000003E9F00000000000000000000D7
:102824003E9F00003E9F00000000000000000000EA
:102834003E9F0000000000003E9F000000000000DA
:102844003E9F00003E9F00003E9F00003E9F000010
:102854003E9F00003E9F00003E9F00003E9F000000
:102864003E9F00003E9F00003E9F00003E9F0000F0
:102874003E9F00003E9F00003E9F00003E9F0000E0
:102884003E9F00003E9F00003E9F00003E9F0000D0
:10289400AC7F00003E9F00003E9F00003E9F000072
:1028A4003E9F00003E9F00003E9F00003E9F0000B0
:1028B4003E9F00003E9F00005E7B00003E9F0000A4
:1028C4003E9F00003E9F00003E9F00003E9F000090
:1028D4003E9F0000AC7200003E9F00003E9F00003F
:1028E4003E9F00003E9F0000A07F00003E9F00002E
:0C28F4003E9F00003E9F00003E9F000041
:10290000397101436EC619A0397141536AC866CA4C
:1029100062CC5ECE19A0397101535AD056D252D42E
:102920004ED64AD826DA22DC06DE330161408282A6
:1029300041114AC026C222C406C68282B24D41015C
:10294000024D924C224CB24B4101024B924A224A18
:10295000B2494101024992442244B240410182807D
:102960002A8309CA83830500230073007D160503AB
:1029700085056DFA828015C22A8385466367B50096
:10298000FD561307F6FF3A93BA958383050023009B
:1029900073007D163693B6956DFA82802A8311C630
:1029A0002300B3007D16050365FE82807325003089
:1029B0008280731005308280B7F700E0D8438146EB
:1029C000799BD8C303C721863306A70237F700E0F7
:1029D00090CBD4CB944393E6060194C3944393E6FF
:1029E000160294C35C43858BF5DF1C43F99B1CC323
:1029F0008280B7F700E0D8438146799BD8C303D7DC
:102A000001863306A70237F700E090CBD4CB94437E
:102A100093E6060194C3944393E6160294C35C4381
:102A2000858BF5DF1C43F99B1CC382809C4103A866
:102A30008501D04DD4415841B3E70701D18F370606
:102A4000F1E0A2061306F6EF718FD58FD98F5CC126
:102A5000D0459C4994451845D18F37F6F1FF86063D
:102A60001306D67F718FD58FD98F1CC583C74501BB
:102A70005855B70610FFFD1793F7F70FFD16758F22
:102A8000D207D98F5CD582801C4589C593E7170092
:102A90001CC58280F99B1CC582801C4589C593E7B3
:102AA00007101CC5828093F7F7EF1CC582801C4578
:102AB00093E787001CC5828008450D8105898280C7
:102AC0001C4593E747001CC582800845098105899C
:102AD00082801C4591C537075000D98F1CC5828064
:102AE0003707B0FF7D17F98F1CC58280A54763F7B4
:102AF000B704938765FF139717003E970328C50017
:102B00009D47B397E70093C7F7FFB3F70701B39665
:102B1000E600DD8E54C5994763E5C7047D1693171B
:102B200026003E965859FD47B397C70093C7F7FF55
:102B3000F98F3396C5005D8E50D9828013971500AA
:102B4000032805012E979D47B397E70093C7F7FF2A
:102B5000B3F70701B396E600DD8E14C99947E3FF8A
:102B6000C7FAB14763E2C7026516931726001459E6
:102B7000B2977D473317F7001347F7FF758FB39769
:102B8000F500D98F1CD982804D1613172600545595
:102B90003297FD47B397E70093C7F7FFF58FB395DB
:102BA000E500DD8D4CD582805C4191C5370700047E
:102BB000D98F5CC18280370700FC7D17F98F5CC11B
:102BC000828001112303010003476100A54763E5EB
:102BD000E70425461C4593E787001CC51C45A18BCF
:102BE000F5FF1C4593E747001CC51C45918BF5FF7D
:102BF0007445834761000347610086070507137723
:102C0000F70F2303E10093870702034761008A97C8
:102C10002396D7FEE370E6FC23030100034761001F
:102C2000A54763EAE70A2146A545A30301008347B8
:102C300071006367F6080347710083477100060758
:102C40008507860713070702938707020A978A9763
:102C50000357C7FE83D7C7FE63F9E70483477100B4
:102C60008607938707028A9783D7C7FE2314F1004C
:102C7000034771008346710083477100050706070B
:102C8000130707020A970358C7FE85071397160014
:102C9000035581001307070286070A9793870702E7
:102CA000231607FF8A972396A7FE8347710085079F
:102CB00093F7F70FA303F10083477100E37DF6F666
:102CC00083476100850793F7F70F2303F1008347DC
:102CD0006100E3FCF5F42314010023150100230334
:102CE000010003476100954763ECE7049306006029
:102CF000154625A883476100035781008907860789
:102D0000938707028A9783D7C7FEBA97C207C18302
:102D10002314F10083476100850793F7F70F23031E
:102D2000F10083476100636DF60083476100890706
:102D30008607938707028A9783D7C7FEE3FCF6FAD4
:102D40008347610063850710035781008345610055
:102D50008357810003466100834661003347B70211
:102D6000B3E7C7028607B3C7D702BA97C207C183C2
:102D70002314F100034761009947998F93F7F70FE8
:102D8000A303F10083477100F5C303476100954732
:102D900063EEE7029546834761000357A100890768
:102DA0008607938707028A9783D7C7FEBA97C20719
:102DB000C1832315F10083476100850793F7F70F5F
:102DC0002303F10083476100E3F7F6FC0357A100FA
:102DD000834571008357A10003467100834671004B
:102DE0003347B702B3E7C7028607B3C7D702BA971C
:102DF000C207C1832315F100035581008355A1004B
:102E0000835781000356A10085661307004093860F
:102E10000680B307F7403386C640098F8D8EC20700
:102E20004206C18741864207C206B297C1864187E2
:102E3000369793D6F7011355F701B6973A95858BD8
:102E40000585958F3E9542054185056182809307F2
:102E500000402314F100034761009947998F93F7CD
:102E6000F70FA303F1008347710085F3856793870C
:102E700007802315F10049B71C4141677917F98F85
:102E80001CC1232005002322050023240500B707C9
:102E9000024023260500138787006304E504138797
:102EA000C701630BE502138707036307E504138774
:102EB0004704630AE504138787056309E50213875E
:102EC000C7066307E504138707086309E50413874A
:102ED00047096308E5008280D8431367070FD8C30A
:102EE0008280D8431367F700D8C38280D843B706DF
:102EF0000F00558FD8C38280D8438566938606F02D
:102F0000558FD8C38280D843BD66558FD8C3828081
:102F1000D843B706F000558FD8C38280D843B70690
:102F2000000F558FD8C3828090519C459449D84951
:102F300083A88501D18FD58FD04DD451D98FB3E7D8
:102F40001701184103A88502D18FD58FE176BD0600
:102F5000D045758FB3E707019441D98F1CC1DC417F
:102F600050C114C55CC582801C4189C593E7170018
:102F70001CC1828041677917F98F1CC182804CC1C6
:102F80008280B70702409C437D8D3335A00082804C
:102F9000B7070240C8C3828058410C410328C500CE
:102FA000B7060140938706403E9713C6F5FF6303BB
:102FB000080483A80640032885004143B3F8C800ED
:102FC00023A01641D443F18ED4C31443CD8E14C331
:102FD000184190479346F7FF758E90C7D047F18E02
:102FE000D4C7630D68003E98832708005D8F2320B7
:102FF000E80082801C43F18F1CC382809447D98EE5
:1030000094C7D447558FD8C78280B707014023AAF9
:10301000A7408280B7066745B727024093863612DD
:103020003797EFCDD4C31307B79AD8C3D4D3D8D327
:103030008280372702401C4BA166D58F1CCB828033
:10304000B7270240984BB7060200137505F0558F5D
:1030500098CBC8CB944B3727024093E6060494CB19
:103060005C47858BF5FF1C4B8176FD16F58F1CCBDD
:103070008280372702401C4BC166137505F0D58F3F
:103080001CCB5C47858BF5FF372702405C47898B5B
:10309000F5FFAE86158D93850510372702409042C7
:1030A000B387A600910690C35C47898BF5FFE39830
:1030B000B6FE1C4B37062000B7260240D18F1CCB32
:1030C000DC46858BF5FF9C4A41777D17F98F9CCABA
:1030D000828003A8850093770801137EF80081C7DA
:1030E000DC41336EFE00B7270240985BB707000F44
:1030F000F98FE9EB8547A381F186B7170140630A91
:10310000F50C83D6050093F7F60FB5E39307F00FA0
:1031100063FED7040323450001478548930E8002D0
:10312000130F8004A14521A00507630FB702930781
:103130008700B397F80033F6D700E397C7FE630123
:10314000D80B6313E8011CC913162700BD47B397BA
:10315000C70093C7F7FF33F367003316CE0033631E
:1031600066000507E315B7FC232265008280032370
:10317000050081478548930E8002BD4F130F8004E0
:10318000A14521A08507638CB7023397F8003376F9
:10319000D700E319C7FE6304D8076313E80118C911
:1031A000139727003396EF001346F6FF337366003C
:1031B0003317EE00336367008507E398B7FC2320DD
:1031C0006500A9B7B7170140E31DF5F283C7318643
:1031D0008DDB83D60500B5822390D500C9FA8280A5
:1031E000131627005CC9BD47B397C70093C7F7FF05
:1031F00033F367003316CE00336366009DB758C9BA
:10320000139727003396EF001346F6FF33736600DB
:103210003317EE003363670045B7B7170140630704
:10322000F5001C45FD8D3335B000828083C73186A3
:10323000EDDB1C45B581FD8D3335B0008280B717BD
:1032400001406304F5000CC9828083C73186E5DF45
:10325000B5810CC98280B71701406304F5004CC9E1
:10326000828083C73186E5DFB5814CC98280EFF269
:103270002FEC8357450001112A84680093940701BD
:103280002E89052ED24737470F001307072433D75F
:10329000E702C18093F404FCC204C1800326090044
:1032A00061651305056A93150701C181CD8C231251
:1032B000940083560400C206C182F99AC206C182F4
:1032C0002310D4006363C5060606B3D7C7021147AF
:1032D00093960701C18263E0E60A8505C205C181B4
:1032E000C207C1832310B402231EF40083570400D5
:1032F000835649008355A90093E717002310F40073
:10330000835704000357C90003568900C207C183CD
:10331000CD8E93F757BFD58F2310F400B367C70046
:103320002314F40005616FF0EFE283556900B16684
:10333000FD166384D50493161600B2968E06B296D7
:10334000B3D7D7029166C207C183D58F9396470141
:1033500099E293E717009306C0123307D702A166DC
:10336000D58F9306803E3347D70205074207418336
:103370002310E40295BF91478DB793161600B296BD
:10338000B3D7D702C207C183D1B78357050091C510
:1033900093E717002310F5008280C207C183F99BD1
:1033A000C207C1832310F50082808357050091C5B1
:1033B00093E707102310F5008280C207C18393F7BB
:1033C000F7EFC207C1832310F50082808357050001
:1033D00091C593E707202310F5008280C207C183BF
:1033E00093F7F7DFC207C1832310F500828083576C
:1033F000050091C593E707402310F5008280C207BE
:10340000C18393F7F7BFC207C1832310F500828001
:103410002318B500828093F7E50F19C293E71500D2
:103420002318F50082808357050091C52167D98F45
:103430002310F5008280C607C5832310F500828023
:10344000035745018357850113950701598D6D8DEC
:10345000220521810D8D133515008280411102C492
:1034600002C693D7C5012AC63EC4A247A205A181C0
:1034700099CBB247D1073EC6B247884341016D8D13
:103480003335A0008280B247C181E1073EC6B24712
:10349000884341016D8D3335A0008280938741863A
:1034A00098430346050015EB8347250037E700E006
:1034B0009207329793F7F70F2300F74054410547DF
:1034C000935756003317C70085CE938707048A07A2
:1034D000B7E600E0B69798C38280984385466309B3
:1034E000D7028C430947638EE50498438D466300F9
:1034F000D70498439147E313F7FC834715007DB742
:10350000938707068A07B7E600E0B69798C38280DC
:10351000834725008346150092076380E60437E75A
:1035200000E093F7F70F32972300F74041BF83463F
:103530001500834725006365D7028606B697920774
:10354000F9BF034715008347250063FFE60079179D
:103550000A07BA9793F7F70F920793E707F8C1B7EF
:10356000F1168606B697FDB70A07BA97920745BFC8
:10357000B7160240DC4271771307F77FF98F0E050B
:103580005D8DC8C28280B7170240D843B70640FF9E
:10359000FD16758FD8C3D8435A05598DC8C382808C
:1035A000B7160240DC4251777D17F98FC98FDCC214
:1035B0008280B7160240DC42214613F7C700B717D6
:1035C0007A00938707206302C7061CC137160240A2
:1035D000584297D6FF1F9386E6A211833D8B3697FC
:1035E00003470700B3D7E7005CC1584221831D8B16
:1035F00036970347070033D7E70018C558422D8395
:103600001D8BBA9603C7060097D6FF1F938686C503
:10361000B3D7E7005CC5584239830D8B3697034713
:103620000700B3D7E7021CC98280DC42D84241665A
:10363000C983BD8B8907C546718F638ED70211EF91
:103640003747024003270780418B19CF37177A008D
:1036500013070720B387E7028DBF3717024058438F
:10366000B7060200758F7DD337173D00130707900B
:10367000B387E70299BFC9476DF3D9B799C5371723
:1036800002405C4BC98F5CCB8280B7170240D84B9D
:103690001345F5FF798DC8CB828099C53717024055
:1036A0001C4FC98F1CCF8280B7170240984F13451B
:1036B000F5FF798D88CF828099C5371702405C4F1E
:1036C000C98F5CCF8280B7170240D84F1345F5FFF2
:1036D000798DC8CF828003D6250083D7050083D695
:1036E000450003D7650083D88500D18F03D8A50096
:1036F000D58FD98F83D6C500B3E7170103570500CF
:1037000003D6E500B3E70701D58F8D6693860604DF
:10371000758FD18FD98F2310F5008357C5017D7721
:1037200083D605011307F77FF98F231EF5002318B1
:10373000D50082808357050091C593E707042310C5
:10374000F5008280C207C18393F7F7FBC207C183EC
:103750002310F50082808357450009C6CD8F2312C0
:10376000F500828093C5F5FFED8F2312F50082806E
:103770008357450091C593E747002312F5008280E7
:10378000C207C183ED9BC207C1832312F50082806B
:103790008357050037370140130707C0C20783D698
:1037A000050003D6450003D86500C1836307E5041F
:1037B000370700406300E50213070740630CE5008C
:1037C000371700409308078063061501130707C0E9
:1037D0006317E50003D7250093F7F7F8D98F93F720
:1037E000F7CFB3E707012310F5002316C502231412
:1037F000D5028547231AF500828003D7250093F769
:10380000F7F8D98F93F7F7CFB3E707012310F50047
:103810002316C5022314D50283C785002318F50299
:103820008547231AF50082808357050091C593E7E9
:1038300017002310F5008280C207C183F99BC207DD
:10384000C1832310F50082808357C50009C6CD8F40
:103850002316F500828093C5F5FFED8F2316F50042
:1038600082808357C50009C6DD8D2316B50082808E
:1038700093C5F5FFED8F2316F500828083578500F1
:10388000C207C183E19BC207C1832314F500828074
:103890002314B502231AC500828083570500C2078E
:1038A000C18393F7F7F8CD8F2310F50082808357FB
:1038B0008501C207C183DD9BCD8F231CF50082806B
:1038C0008357C501C207C183DD9BCD8F231EF50041
:1038D00082808357C5017D771307F77FF98FA20593
:1038E000CD8FC207C183231EF50082808357050256
:1038F000C207C183F59BCD8F2310F50282808357C9
:103900000502A205C207C18393F7F7DFCD8FC20777
:10391000C1832310F50282808357050279777D17D2
:10392000F98FB205CD8FC207C1832310F5028280C3
:10393000035705028547B397B70093C7F7FF7D8FFD
:103940002310E502835705023316B600D18FC20754
:10395000C1832310F5028280035705028547B39780
:10396000B70093C7F7FFF98F2310F50293F775FFA0
:10397000610595C3F115C205C1818581AA959C4158
:1039800065777D17F98F9CC19C41220642064182D2
:103990005D8E90C182808581AA959C4193F7F7F84E
:1039A0009CC19C415D8E90C182802316B5028280AD
:1039B000231AB5028280231EB50282802310B5042B
:1039C000828083570500C207C18393F7F7CFC207F0
:1039D000C1832310F50083570500CD8F2310F50018
:1039E0008280835705010355C500ED8F4205418153
:1039F00089C76D8D3335A00082800145828093C5D3
:103A0000F5FFC205C1812318B5008280EFE25FF2A5
:103A10000357050183D76500F576FD16758FD98F9D
:103A200003D7C5002318F5008356C50083D745008A
:103A30007D762A841306369F03D58500F18EAE84E9
:103A400083D5A500D58FC98FCD8F2316F40083575A
:103A5000440101116800C207C18393F7F7CFD98FE2
:103A6000231AF400B936B747014093870780630BE8
:103A7000F40852468356C40093171600B297C20644
:103A80008E07C1869840B29763C006040A07B3D771
:103A9000E702930640060356C4004206418633D728
:103AA000D702B3F7D7021207634006049207938741
:103AB0002703B3D7D702BD8BD98FC207C183231485
:103AC000F40005616FE01FE90607B3D7E70293062C
:103AD00040060356C4004206418633D7D702B3F7E7
:103AE000D7021207E35406FC8E0793872703B3D748
:103AF000D7029D8BD98FC207C1832314F4000561BF
:103B00006FE05FE56246BDB78357C50091C50967A1
:103B1000D98F2316F500828079777D17F98F2316C8
:103B2000F500828093F7F50F05479583B315B7002D
:103B30006384E702894613074501638CD7001C4361
:103B400001C6CD8F1CC3828093C5F5FFFD8D0CC3CC
:103B5000828013070501E5B71307C500CDB793F5BC
:103B6000F51F2312B5008280035545001375F51F1C
:103B70008280035505006D8D3335A000828093F659
:103B8000F50F054695822A87B317B600638BC602E8
:103B900009466383C6028356450133F5F600835711
:103BA0000700C207C18301C9A18105473317B700C8
:103BB000F98F3335F00082808356050133F5F60026
:103BC000F9BF8356C50033F5F600D1BF730020302E
:103BD00001A0EFE2FFD503A7818F95472A84630AEE
:103BE000F70083474500A3040500A302F5006FE03A
:103BF0007FD603457500EF60200A93070002E318A3
:103C0000F5FE03475400834744006308F7046379D3
:103C1000F70483468400998F93F7F70F93F4F60F18
:103C200063EAD7020C402686138541B5BA95EFE0CA
:103C30003FD383475400268603457400BE9493F413
:103C4000F407A3029400938541B5EF400060A304FC
:103C5000040071BF93F4F70FF1B783479400C1DB01
:103C6000930700F87DB7EFE2BFCC83A6818F15479D
:103C7000834745002A846388E600A302F500A30475
:103C800005006FE03FCD1841938617002302D50051
:103C9000BA972380B70083474500834655001397A2
:103CA000870161871347F7FF7D87F98F2302F500AE
:103CB000E399F6FC8547A304F5002285193F834765
:103CC0009400E5FF6FE01FC9EFE29FC61384C19126
:103CD00083A6818F1547834744006388E600A302CB
:103CE000F400A38201926FE0FFC61840938617008C
:103CF0002302D400BA972380A70083474400834659
:103D000054001397870161871347F7FF7D87F98F69
:103D10002302F400E399F6FC8547A304F40022850E
:103D20004D3D83479400E5FF6FE0DFC2EFE2BFBE89
:103D30009387819303A98701C04B1306F003814544
:103D400013051900EFE09FC5834614000547815510
:103D50002301D900034624002302E90083474400DD
:103D60002300B900A300C9002303E900A302F9005E
:103D70009305000F6382B72663EBF52051476388F4
:103D8000E72E637AF714130720086398E7220347A6
:103D90007400834664000346540081450545EF10D6
:103DA0001049034774008346640003465400854568
:103DB0000545EF10D047034774008346640003466F
:103DC000540089450545EF1090460347A4008346FB
:103DD0009400034684008D450545EF105045034788
:103DE000A400834694000346840091450545EF10E6
:103DF00010440347A400834694000346840095457D
:103E00000545EF10D0421309B400994493091002FC
:103E1000034729008346190003460900A685850447
:103E2000054593F4F40FEF1090400D09E39234FF31
:103E30000347B40B8346A40B0346940B814501450D
:103E4000EF10F03E0347B40B8346A40B0346940BDC
:103E500085450145EF10B03D0347B40B8346A40BE5
:103E60000346940B89450145EF10703C0347840BD2
:103E70008346740B0346640B8D450145EF10303BC0
:103E80000347840B8346740B0346640B914501453D
:103E9000EF10F0390347840B8346740B0346640B21
:103EA00095450145EF10B0381304340B99441309BC
:103EB0001002034724008346140003460400A6852D
:103EC0008504014593F4F40FEF1070367514E392F6
:103ED00024FF6FE09FA741476384E71A4547639E2D
:103EE000E70C83455400034764000945A303B90068
:103EF0002304E900954513077900B2968506B69725
:103F0000AE978507A301B90093F7F70F3306A70013
:103F1000834607000507B69793F7F70FE31AE6FE07
:103F20009305000E4A95A303F50013858193253B65
:103F3000054485449389819319A835338347390013
:103F400005041374F40F9107A28463CE8702CA9408
:103F500083C504004E859387050393F7F70EF1FFA1
:103F60009305000D093383C504004E850504FD1536
:103F700093F5F50FCD39834739001374F40FA284FC
:103F80009107E3D687FCEF30505C6FE01F9C9305F0
:103F9000200F638BB7129305300F6397B700A3030D
:103FA000E9002304E90029A01307100F6397E70035
:103FB0000D4599451307790089B736967D57B29715
:103FC0008D072302E9000D47A301E90093F7F70FDE
:103FD0009305000E0145B9B7176700001307870264
:103FE00003450700976500009385850203C305001C
:103FF00083C8150003C82500A303A90003C5350025
:1040000083C545008343170083422700834F370051
:10401000034F4700834E5700034E67000347770066
:10402000230AB900FD552307E900A30AB90029476F
:10403000930500FAA307E900A309A900230BB9001F
:1040400023047900A30459002305F901A305E9011C
:104050002306D901A306C90123086900A308190191
:1040600023090901130779004145CD4579B5034777
:10407000540005459145A303E90013077900B5BD38
:104080008146014681450545EF10302081460146B5
:1040900081450145EF10701F034729008347190030
:1040A0000346490083465900BA978D0703476900C4
:1040B000B297B697BA970D4783450900A301E90067
:1040C00093F7F70F0145B9BD1307A0FAA303E90061
:1040D000130730052304E9000945954513077900C6
:1040E00029BD83C7018B81E78547238DF1868280B7
:1040F000EFE27F8283A4419303C65400238D01869F
:104100009305660093F5F50F2380B400D1C1150621
:10411000938714001376F60F3E96268781478346D1
:1041200007000507B69793F7F70FE31AC7FEA695A2
:104130002380F5001385C1919305000E2D360144AF
:104140009389C19109A8053683C704000504137437
:10415000F40F63ED870233898400834509004E859F
:104160009387050393F7F70EF9FF9305000DE53CE0
:10417000834509004E850504FD1593F5F50FE534DB
:1041800083C704001374F40FE3F787FC6FE0EFFBC1
:10419000814771BFEFE2CFF99387C191804FC44B44
:1041A0001306000881452285EFE04FFF03C7240076
:1041B00083C6140083C734002301E4001947230099
:1041C000E400A300D400A301F40013071008636700
:1041D000F7021307F0026377F702938707FD93F75F
:1041E000F70F13071005636FF70017670000130739
:1041F000A7E28A07BA979C43BA9782871307000FF2
:10420000638CE70083C7018B81E78547238DF186A7
:10421000EF30B0336FE00FF497670000938747F4F7
:1042200003CE070003C3170083C8270003C8370065
:1042300003C5470083C5570003C6670083C67700E0
:1042400003C78700BD472300F400A547A302F4007D
:104250002303C401A303640023041401A304040181
:104260002305A400A305B4002306C400A306D400BC
:104270002307E40083C7018BC9DB59BFEF2020036C
:1042800041BF03C8540003C5640083C5740003C65E
:10429000840083C6940003C7A4009387C18623804B
:1042A0000701A380A7002381B700A381C700238251
:1042B000D700A382E70083C7018BA1DB91BF1384E2
:1042C00054002285EF00D01515FD03C69400138716
:1042D000C186814691452285EF10505E15BF03C50A
:1042E000940013096400CA85EF00B0196304050E39
:1042F000834704004147A302E400C1072300F40000
:1043000083C7018BE38307F021B785450145EF1093
:10431000B05283C7018BE38A07EEDDBD81450145BD
:10432000EF10905183C7018BE38107EED5B5EF20E5
:104330007029F9BD83C6740003C6640083C55400A8
:104340000945EF10807483C7018BE38007ECC9B582
:1043500003C8540003C5640083C5740003C6840009
:1043600083C6940003C7A400938741870DBF1384BD
:1043700054002285EF00D00AE31605E803C6940036
:1043800013874187854691452285EF10305349B503
:10439000930700022302F40083C7018BE38707E63B
:1043A00085BD9306F00F1306F00F9305F00F094536
:1043B000EF10A06D81BD9D472300F400930740F9E5
:1043C0002303F4008547A302F40083C7018BE38E27
:1043D00007E23DBD03C59400CA85EF10705B0DBDBB
:1043E000EFE28FD2138481930347A400032C44018E
:1043F00045C39389B186130B000E954B930A000DAC
:10440000138AA18613090002FD54834604015C440B
:1044100003C60900B69783C70700638D6707630764
:104420005609638D57098346140103460A0058480C
:1044300036972300F7000347140105071377F70F9A
:10444000A308E40063F7EB0083463C006D17630CA0
:10445000D7080347A40083450401938607F3B336C6
:10446000D0007D17B306D0403E961377F70F850531
:10447000F58F2300CA002305E4002308B40023803D
:10448000F90041F70945EF5070020347A40035FFDA
:104490006FE00FCB630C5601A384019423002A0123
:1044A000A3019C0013060002814651B7850783468D
:1044B000140103460A0093F7F70F95BF7D17137792
:1044C000F70F8506930700FD2380F9002305E4001C
:1044D0002308D4001DFB0945A3850186EF50007D0C
:1044E0000347A4006DB7638CC7020347A40083474A
:1044F0000401A38401947D171377F70F85072385A3
:104500000186A38501862305E4002308F400E31E49
:1045100007EE0945EF5080790347A4008DBFEFF007
:10452000FF80E1B7EFE24FBE1384C19103C7018B57
:104530008347A400631107144448938A9186D9CF16
:10454000130C000E938B8186954C130B000D130AF0
:1045500000FDFD59015983460401584403C60A0071
:10456000369783450700638D85076304660B638672
:10457000650B034714015C4883C60B00BA97238080
:10458000B70083471401850793F7F70FA308F400DA
:1045900063F7FC0003C70400FD176383E70A834742
:1045A000A40003460401138705F33337E000FD1729
:1045B0003307E040AE9693F7F70F0506F98D238099
:1045C000DB002305F4002308C4002380BA00C1F7F0
:1045D0000D45EF50A06D8347A400B5FF6FE04FB6C7
:1045E00063096603A3860192FD172380340193F7C4
:1045F000F70F85062384018623802A012305F40012
:104600002308D400A9FB0D45EF50406A8347A4005E
:10461000E9B7850593F5F50FA9BFFD1793F7F70FD8
:10462000850623804A012305F4002308D40085F77A
:104630000D45A3840186EF5060678347A40071BFD6
:10464000913E8347A40003470401A3860192FD170E
:1046500093F7F70F050723840186A38401862305BA
:10466000F4002308E400E39807EE0D45EF500064E2
:104670008347A4009DB7B9C383470401B7440140F1
:104680009384048058442685BA9783C50700EFF0C9
:104690000FCD930500082685EFF0AFCD7DD9834778
:1046A00004010347A40085077D1793F7F70F1377DD
:1046B000F70F2308F4002305E40069F70D45EF50D8
:1046C000E05E6FE0EFA7EFE2AFA6193BA13D1385D7
:1046D0008193EFF00FD01385C191EFF08FCF83C797
:1046E000A18799E36FE00FA7EFF09FA06FE08FA67F
:1046F000EFE20FA49384C18003C404009307F00F7A
:104700006301F4049386C18783D706000567130706
:1047100087388507C207C1832390F6006366F70ACE
:1047200009496301240F636089023DC83754004082
:10473000B7050300850513050440EFE07FD0631043
:1047400005106FE02FA18D47E31DF4FE375900409F
:10475000B70507009385450813050940EFE05FCED4
:104760006DD1854513050940EFE05FC683C7E1873A
:104770009386D180850703C70600238FF186239E89
:10478000018683C7E18763EDE70C238F0186FD5720
:104790002380F4009547E316F7FA2380860055B787
:1047A00037540040B705020013050440EFE01FCB6B
:1047B00049F9854513050440EFE03FBF8547238055
:1047C000F400239E0186B5BF375400401305044012
:1047D0008545EFE05FC5130504408145EFE0BFC4A8
:1047E000130504408145EFE05FBA85451305044099
:1047F000EFE0BFB923860180238F0186239E0186C7
:104800006FE04F9537540040B705070093852508A2
:1048100013050440EFE0DFC2E30505F203C7E187BB
:1048200093870181BA9783C5070013050440EFE021
:104830003FBE8D472380F400239E018619B703C72E
:10484000E18793870185BA9783C507000146130561
:104850000440EFE05FBC23802401239E0186D5B590
:1048600023860180F9BD03C7C1809307F00F63035E
:10487000F7008280EFE2CF8B1384B1800345040000
:10488000239E018623860180EF304039814517053C
:104890000000130525E6EF3000302300A4006FE090
:1048A0006F8B1345F5FF9357650093E707FC13677C
:1048B00005FC93F7F70F1377F70FA2073181D98F14
:1048C00093860181136505FC2390F6002381A600E1
:1048D00003C7C1809307F00F6303F7008280EFE204
:1048E0002F851384B18003450400239E018623860F
:1048F0000180EF30A032814517050000130585DFE8
:10490000EF3060292300A4006FE0CF840566130612
:10491000068083A5C18117C5FF1F130525E06FE041
:104920002F84EFD25FFF0144014A814913898181BD
:104930009384C181196BB71A024035A0EFE08FED67
:10494000884085492295EFE0AFEF83250900884034
:10495000A2952295EFE0EFF1EFE0AFED1304041024
:10496000930704808DCB832509008840130600102F
:10497000A2952295EF50606575D1E39109FCEFE0B7
:10498000EF822A8A73100B8083A74A0093E70708F7
:1049900023A2FA0065B7639409006FD01FFB371795
:1049A00002405C43528593F7F7F75CC3EFE06F80FA
:1049B0006FD0BFF923A20188828023A2018803A7B8
:1049C0008181AA8735C30347870085460145630374
:1049D000D7008280FDDFF5DD83C60700E39BE6FE9E
:1049E00003C717001306E002E315C7FE03C805005E
:1049F00013068008E31FC8FC83C515001306400B8F
:104A0000E399C5FC83C5270003C637009387018857
:104A10002380D700A380E7002381B700A381C700CC
:104A2000054523A2D18882800145828003A5418863
:104A30007D15133515008280EFD29FEF13844188D6
:104A40001840854741116313F70E23A2018879CDE1
:104A5000AA8541460A85EFD0BFF0930801010A8775
:104A60001755000013058570856683470700050705
:104A7000AA97B69783C70780A30FF7FEE397E8FED0
:104A80000348F1009305F10093574800938677009F
:104A9000139726003697939627003A983383D700CA
:104AA000330368401303D3FD4203135303016D180E
:104AB0000346E1004208135808018A87B28603C6FC
:104AC00007008E06850713575600558FA38FE7FE04
:104AD000E396F5FE93767800A2060A8783470700DF
:104AE0000507B697AA9783C70700A30FF7FEE397BA
:104AF000E5FEE31E68FA13076100A5468347070039
:104B0000050713D64700BD8B63E2C60263E0F602D9
:104B1000E396E8FE02479387814B98C31247D8C3B8
:104B2000224798C73247D8C789471CC041016FD078
:104B30007FE203A741888947631AF70083A7818131
:104B400091C783C7870005476380E70A854723032A
:104B5000F50093070002A303F500C1472304F50005
:104B600003CF050083CE150003CE250003C3350017
:104B700083C8450003C8550083C6650003C7750098
:104B8000A304E5012305D501A305C501230665009E
:104B9000A306150123070501A307D5002308E50097
:104BA000034E0600034316008348260003483600E0
:104BB0008345460083466600034776000346560059
:104BC00093071501A308C50123096500A309150171
:104BD000230A0501A30AB500230BC5004D45238315
:104BE000D700A383E7008280138701882303F500A1
:104BF0008345070003461700834627008347370095
:104C00004147A303E50011472304E500A304B500D1
:104C10002305C500A305D5002306F5001D458280A8
:104C200083A641880947AA8701456383E6008280FD
:104C300003A78181014565DF834687000547E39827
:104C4000E6FEF5D71387018803C6070083460700F1
:104C50006306D600054513451500828003C617007C
:104C600083461700E318D6FE03C6270083462700B5
:104C7000E312D6FE83C6370083473700E39CF6FC79
:104C8000D9BFEFD2FFCA83A441880947639EE400DD
:104C900003A781812A84014511C783468700054700
:104CA0006387E6006FD01FCB01456FD0BFCAAE87C8
:104CB000F5D9414681453E85EFD05FCE630494002F
:104CC0000545CDB741469385814BEFD07FC905455A
:104CD000D1BFEFD2FFC51384814C13060004814578
:104CE0002285EFD0BFCB9307A0FA2300F4009307EF
:104CF000101E2311F400EF2050472312A400EF00F0
:104D0000B039AA8713060004A28511452313F400C5
:104D1000EF30A0536FD01FC4B7F7FF1F83A6877E65
:104D200003A7C77E83A7077F93DF860013DF0601F3
:104D300093DE8601135E87001353070193588701A2
:104D400013D8870093D5070113D68701A301D50097
:104D50002301F501A300E5012300D501A303E5002C
:104D60002303C501A302650023021501A305F50075
:104D700023050501A304B5002304C500828091BF6B
:104D8000EFD21FBB13848150034704009307A00A8E
:104D90006304F7006FD01FBC1306E0038145138541
:104DA000A14CEFD0BFBF0347140083472400938476
:104DB000814C9306A0FAA380E4002380D40013075B
:104DC000000B6369F7041397870161876345070246
:104DD0001387F7FF1377F70FBD4663EDE6084147EA
:104DE000636AF70817670000130747C88A07BA976E
:104DF0009C43BA97828793C7070813070003636B26
:104E0000F706176700001307A7CA8A07BA979C43DB
:104E1000BA9782871307200E6389E7066373F70248
:104E20001307300E6398E7049307301E130600043F
:104E3000A68511452391F40023840188EF30E040DA
:104E400091BF1307000E6388E7001307100E6393EA
:104E5000E702413581B7834744001307001E2391C1
:104E6000E4006380072A05476384E720FD57A38198
:104E7000F4000DB7FD57130600049385814C1145CE
:104E80002391F400EF30603C31B785472384F188EB
:104E9000130600049307201EA68511452391F400F4
:104EA000EF30A03AC5BD1385C14CBD359307001145
:104EB000130600049385814C11452391F400EF30D3
:104EC000C038C9BD0347440091472381F40085469B
:104ED0009307F00F63E7E60083A781812384E7004F
:104EE0008547130600049385814C1145A381F40086
:104EF000EF30A03545B583A7818183C787001307AD
:104F00003010130600049385814C11452391E40071
:104F10002382F400EF306033B5BD0347440083A71C
:104F20008181130600042383E7009385814C930756
:104F3000201011452391F400EF302031A1BD83A74B
:104F4000818183C76700130710101306000493853F
:104F5000814C11452391E4002382F400EF30E02ED0
:104F600015BDEFF0BF9A9307001813060004938550
:104F7000814C11452391F400EF30202D21BD0345D4
:104F800044009307F00F834884008345940003474F
:104F9000A4006307F5269306000F03485400630C32
:104FA000D52C6309F824AE864686C285EF003028EA
:104FB0009307001B130600049385814C1145239130
:104FC000F400EF308028F9B3EF20301A2A84EF2064
:104FD00070199317040113170501C183D98F1306A4
:104FE00000041307101A9385814C11452391E400A6
:104FF000DCC0EF30802579BBEF20F02E9307001A3C
:10500000130600049385814C11452391F400EF3081
:10501000C02349B383A781819C4313060004938571
:10502000814CDCC01145930710192391F400EF3037
:10503000C0218DB3584083A781811306000498C313
:105040009385814C9307001911452391F400EF30AB
:10505000C01F89B3EFF0FF8C9307101813060004EC
:105060009385814C11452391F400EF30001E1DB350
:1050700083455400054593D6250013D61500858A2F
:10508000058A8589EF009020834564000D4593D6FD
:10509000250013D61500858A058A8589EF00101F23
:1050A00083457400154593D6250013D61500858ACF
:1050B000058A8589EF00901D83458400014593D6BC
:1050C000250013D61500858A058A8589EF00101CF6
:1050D00083459400094593D6250013D61500858A8B
:1050E000058A8589EF00901A8345A400114593D65F
:1050F000250013D61500858A058A8589EF001019C9
:1051000051B9034774008346640003465400814547
:105110000545EF00D0110347A400834694000346E1
:10512000840085450545EF0090100347D400834671
:10513000C4000346B40089450545EF00500F0347FE
:1051400004018346F4000346E4008D450545EF0065
:10515000100E034734018346240103461401914590
:105160000545EF00D00C0347640183465401034614
:10517000440195450545EF00900B03479401834694
:1051800084010346740181450145EF00500A03473D
:10519000C4018346B4010346A40185450145EF00DF
:1051A00010090347F4018346E4010346D40189450D
:1051B0000145EF00D007034724028346140203464B
:1051C00004028D450145EF009006034754028346D3
:1051D00044020346340291450145EF005005034760
:1051E0008402834674020346640295450145EF003C
:1051F00010044DB62E86BA86C685EF0010094DBB49
:105200003A864685EF0050088346A4000346940082
:10521000834584000545EF0070078346A4000346DC
:105220009400834584000D45EF0050068346A4009A
:1052300003469400834584001545EF0030058346FE
:10524000A40003469400834584000145EF00100448
:105250008346A40003469400834584000945EF007B
:10526000F0028346A4000346940083458400114560
:10527000EF00D00135BB2E86BA86C6854285EF0089
:10528000F0003DB383A7818103C7670085476303AF
:10529000F70082809387C1551387C1591388C1597C
:1052A0008843CC439047D44708C34CC310C754C766
:1052B000C1074107E39607FF130600049385C15910
:1052C00005456F209078EFD20FE59387C15D83C6C7
:1052D000070041476386E600EF2030276FD0EFE6F6
:1052E00003C717008D466301D70A63EDE6008547C3
:1052F0006305F70A8947E311F7FE93070003A38EBE
:10530000F156D9BF9146E319D7FC83C4270003C7E0
:10531000370083C64700C20493178700DD8CD58C05
:10532000176400001304048505499D498346B400B1
:105330000346A400834594001305F9FFB3D6D400B7
:1053400033D6C400B3D5B400858A058A8589137520
:10535000F50FEF00A0738346240003461400834535
:1053600004004A85B3D6D40033D6C400B3D5B40004
:105370000909858A058A85891379F90FEF0000717B
:105380000D04E31539FB89BFA38E0156A38A01568C
:10539000239B0156238C015681B713841182034548
:1053A000040093070003A38EF156EF2030079545C4
:1053B00017050000130545EDEF20E07D2300A40054
:1053C00021BFEFD2EFD683C7E188B9E71306E00229
:1053D00081451385E15AEFD06FDC9387815483A810
:1053E000070003A847009447D84783D70701938550
:1053F000C1594946054523A0150123A2050194C5BD
:10540000D8C52398F500EF20506409E58547238728
:10541000F18801456FD00FD493874182984383C7A9
:1054200047009385C15923A0015A23A2015A15466A
:10543000054523A4015A23A6015A23A8015A23AAE9
:10544000015A23AC015A23AE015A23A0015C23A2C6
:10545000015C23A4015C23A6015C23A8015C23AAB0
:10546000015C23AC015C98C12382F500EF20F05D64
:1054700055F123870188014571BFEFD26FCB83A718
:10548000818183C7670009476389E7020D47638FFE
:10549000E70805476382E70413840182034504009B
:1054A000EF20C079854517050000130545FDEF2065
:1054B000C0722300A4006FD0EFC9EFF05F8C69FDCC
:1054C0001384018203450400EF2040771305F00F99
:1054D0002300A4006FD00FC8138411820345040079
:1054E000EF20C0739545170500001305E5D9EF209F
:1054F000806A2300A4009387C1551387C15913887C
:10550000C1598843CC439047D44708C34CC310C704
:1055100054C7C1074107E39607FF130600049385AC
:10552000C1590545EF20705225F959BF83C7D1886D
:1055300099CB413D35F183C7E188D9F3A386018832
:1055400023860188B5BF23870188A53DE31605F4AE
:1055500083C7C18889C78547A386F18835BF23875C
:105560000188B9BFEFD22FBB83D7018913D787003A
:105570009389C155A380F9002381E900A38C0156CA
:10558000239D0156238E0156975400009384C461D5
:1055900001443D492285DD2C05041374F40F19C91B
:1055A00083C7040083C61400CE9703C7D701558F65
:1055B000A38EE7008904E31F24FD8397418963C418
:1055C00007006FD08FB83D45D12465DD03C7A90121
:1055D00083C7C90105078507238DE900238EF900DC
:1055E0006FD0AFB6EFD22FB383D7018993C7F7FF40
:1055F000C207C1831387A18885830356070093865A
:10560000418293D58700A380F6002381B60063030F
:10561000F60885462386D1884546814513859154F1
:105620002310F700EFD08FB713898154930710032D
:105630002300F90097540000938404550144130A91
:105640000021C149B3578A00858B1375F40F85E398
:10565000352C3307890001CD8347190003C60400A8
:1056600083C61400D18FA300F9002301D7000504DD
:105670008904E31934FD1145112C09E59307300322
:105680002303F9002545192401E59147A305F900F5
:105690006FD0AFAB2386018841B7EFD26FA9D92075
:1056A000E52A9387618983D407002390A7002A8481
:1056B000B3479500239AF188EF20A008EF20E02A55
:1056C000138721899347F5FFC20783560700C183DB
:1056D0002398F1886383F6022310F700EF20E06639
:1056E00083A7818183C7670005476380E7020D4771
:1056F000638BE70059336FD0EFA52310D700E31F6A
:1057000094FC6FD02FA5F93DF5B7A93DE5B79317E8
:1057100015001387C1623E979386C16483570700C3
:10572000AA9603C6060086078D46D18FC207C1839D
:105730002310F7006381D70241679306F7FF638C5C
:10574000D70071176383E70091E79387C161AA9738
:105750002380070082809387C161AA970547238031
:10576000E7008280EFD2CF993714014085451305B9
:105770000480EFD05FAEB94513050480EFD03FAC95
:10578000371B014093050040130504C0938AC16490
:10579000EFD0FFAA8144214A13090BC08D49154C53
:1057A000914C054D930B0B802945EFD0EFA0D68D82
:1057B0000144B3158A00C205C1814A85EFD0FFA517
:1057C000133515002380AD000504950DE31334FF58
:1057D0008504850A638584076382340563869403A0
:1057E0006385A409914513050B80EFD0DFA6AD4575
:1057F00013050B80EFD0BFA49305004013050BC029
:10580000EFD0FFA389444DB74A8593050040EFD000
:105810009FA4BD455E85EFD09FA279B713050B808D
:10582000A145EFD05FA313050B809D45EFD03FA1AD
:105830009305004013050BC0EFD07FA0B5B7C1455D
:1058400013050B80EFD07F9D133515009387C1643E
:10585000A387A7000144C144228505041374F40FF3
:105860007D35E31B94FE6FD06F8D13050B8089454A
:10587000EFD07F9E13050B80B545EFD05F9C93055D
:10588000004013050BC0EFD09F9B39BF9387C161C8
:10589000AA9703C5070082809386C16181470145AD
:1058A000414603C7060085063317F700598D4205A8
:1058B00085074181E397C7FE8280C205D18D22050D
:1058C00033E6A500014317BFFF1F130F6F7F930E31
:1058D000D039FD559308D0340D4E3308D303154508
:1058E0007A98B306A8005D47B357E600858BFD178D
:1058F00093F7A7FB938737072380F6007D1785066C
:10590000E314B7FE6105E31E15FD0503E317C3FDB0
:1059100082809307D0393308F5024206A205558EDE
:1059200097B7FF1F9387C7794D8E1545FD5593088F
:10593000D0343E98B306A8005D47B357E600858B88
:10594000FD1793F7A7FB938737072380F6007D1792
:105950008506E314B7FE6105E31E15FD8280EFC2E4
:105960003FFD13050020EFD0CFE119E16FC09FFE8E
:1059700013050002EFD0EFE075D937052000EFD016
:105980004FE06DD513050020EFD08FE01305000226
:10599000EFD00FE037052000EFD08FDFB7040040D5
:1059A00013850440814537040240EFD0FFE713051B
:1059B00004038145EFD04FDB1305C4018145EFD0CF
:1059C000AFDA1305C4068145EFD00FDA13050403DF
:1059D0009305D039EFD0AFDA1305C4019305D03960
:1059E000EFD0EFD91305C4069305D039EFD02FD9E6
:1059F0001305C4018545EFD02FD713050403854552
:105A0000EFD08FD61305C4068545EFD0EFD5854579
:105A100013850440EFD05FE16FC0DFF3EFC25FF1A9
:105A2000EF20003A2D3FEFE01FE46FC0BFF2930775
:105A3000200263F3B70082809307D0393305F50263
:105A400093971500AE978E079395060122069386CD
:105A50005700B3E7E5005D8E97B7FF1F9387476652
:105A6000AA96BE965D47FD55B357E600858BB307F2
:105A7000F04093F767049387D7022380F6007D17E1
:105A80008506E313B7FE82800DBD61B53336C000D5
:105A90000606B337D000B335B000D18F8A059386A0
:105AA0008189CD8F36952300F5000146BD47F55518
:105AB00003C7060085063317F700F517598EE399DB
:105AC000B7FE328523A0C18A6FE0BFDD9387C19105
:105AD000D84B9C4F9305650003461700834627006B
:105AE000034737002380B700A380C7002381D70076
:105AF000A381E70023820700A382A700828097A7E3
:105B0000FF1F83C7675181E789472388F18A828015
:105B10008D4763F4A70617C7FF1F1307E7078347DF
:105B2000070083461700D58FB9E783462700930700
:105B3000F00F6392F6048347370083464700BE9612
:105B400093F6F60F8DEAF91793F7F70FA301F70015
:105B50006365F5020346570085059306500D93F5DE
:105B6000F50F631AD600034767006316B700139555
:105B70000701418582807555828071558280EFC210
:105B80003FDB17A4FF1F1304E44803453400894793
:105B900039712300F1009307F00F6307F500EF2040
:105BA000E009FD57A301F400930730209305803EE0
:105BB000170500001305A5212310F400EF20E001D4
:105BC00097A7FF1F9387874683C6970003C6870062
:105BD00003C7A70083C7B700A206D18E4207558F1F
:105BE000E207A301A400D98F0A85814601468545B5
:105BF000829721616FC01FD6EFC29FD317A4FF1FEA
:105C000013044441034534009307401139713EC0E9
:105C10009307F00F6307F500EF204002FD57A30143
:105C2000F4008565930730109385853817050000CB
:105C30001305E5192310F400EF10307A97A7FF1F22
:105C40009387C73E83C6970003C6870003C7A70094
:105C500083C7B700A206D18E4207558FE207A30182
:105C6000A400D98F0A85814601469145829721611A
:105C70006FC05FCEEFC2DFCB17A4FF1F13048439C0
:105C8000B707FF01397193872753034534003EC09E
:105C9000C1472302F1009307F00F6307F500EF10EF
:105CA000F079FD57A301F400930730309305803E4F
:105CB000170500001305A5112310F400EF10F07173
:105CC00097A7FF1F9387873683C6970003C6870071
:105CD00003C7A70083C7B700A206D18E4207558F1E
:105CE000E207A301A400D98F0A85814601469545A4
:105CF000829721616FC01FC6EFC2FFC197A4FF1F2B
:105D00009384443183C614009387C1912547804F03
:105D100003A94701AA896382E604834739008346C1
:105D200019000347290019462300C400A301F40009
:105D3000A300D4002301E40003C534008547238079
:105D4000F400A3020400230234019307F00F63154B
:105D5000F506EFE00FB96FC05FBFEFE03FCD55DD57
:105D60000145EFE07FCD17A6FF1F1306862B97A5F1
:105D7000FF1F9385852A2285EFE0BFDB03461900CC
:105D80008346290003473900930565002300B400CA
:105D9000A300C4002301D400A301E400AA8703C523
:105DA0003400A302F40085472380F400230204009A
:105DB0009307F00FE30FF5F8EF105068FD57A3813C
:105DC000F400EFE00FB26FC05FB8EFC27FB617A765
:105DD000FF1F13072724834607009384C19195472B
:105DE00003A94401804C638BF604834717009D464A
:105DF0002300D7002947636BF700175700001307EC
:105E0000A7DC8A07BA979C43BA97828783473900F1
:105E100083461900034729001946A301F4008D4762
:105E20002300C400A300D4002301E400A302040063
:105E30002302F400EFE0EFAA6FC0DFB18547230033
:105E4000F7006FC03FB1834739008346190003470D
:105E500029001D46A301F40085472300C400A300C8
:105E6000D4002301E40023020400A302F40023036E
:105E70000400EFE00FA76FC0FFAD834739008346F2
:105E80001900034729001946A301F40085472300A0
:105E9000C400A300D4002301E400A30204002302F1
:105EA000F400EFE00FA46FC0FFAAEFE03FB845C1D8
:105EB0000145EFE07FB817A6FF1F1306861697A5CA
:105EC000FF1F938585152285EFE0BFC6D8489C4CFF
:105ED00093056500034617008346270003473700F4
:105EE0002380B700A380C7002381D700A381E700E8
:105EF00023820700A382A700EFE0AF9E35BF83C7D0
:105F0000018B8DFBEFF0BFC735B783C7018BE393E0
:105F100007F28D3305B783473900834619000347DD
:105F20002900A301F400B1474946A302F4008547C4
:105F30002300C400A300D4002301E40023080400CC
:105F4000A30804002302F400EFE0AF99F5B5D848A8
:105F50008346A9019C4C034517008345270003464F
:105F60003700139746001377F70F2309D40023084F
:105F70000400A30804009306370135072380D700E7
:105F8000A380A7002381B700A381C7002382070055
:105F9000A382E700EFE0EF9445B5EFC27F9917A425
:105FA000FF1F1304A408834614000346040003479C
:105FB000240083473400A206D18E420717A6FF1F94
:105FC00013064605558FE207FD56A301D600D98F6B
:105FD0002302060082978346540003464400034789
:105FE000640083477400A206D18E4207558FE207F2
:105FF000D98F82979305400617050000130565B8F1
:10600000EF10B03D9305800C170500001305C5C6C1
:10601000EF10B03C9305C01217050000130505BE34
:10602000EF10B03B9305007D17050000130565AD2B
:10603000EF10B03A6FC01F92EFC29F8F17A4FF1FDF
:10604000130444FD83473400397113072013C98DAD
:106050002310E1002301B1001307F00F6388E7006C
:106060003E85EF10B03DFD57A301F400930730408B
:106070009305803E17050000130565D52310F40035
:10608000EF10B03597A7FF1F938747FA83C6970095
:1060900003C6870003C7A70083C7B700A206D18E37
:1060A0004207558FE207A301A400D98F0A858146D4
:1060B00001468D45829721616FC0DF89EFC25F87FE
:1060C00083475700834E0700034E17000343270002
:1060D0008348370003484700B336D0001376F60FE5
:1060E0003971220693860606D18E130700142E8678
:1060F0002E84AA851305A100A304F10097A4FF1F15
:10610000938444F12310E1002311D1002302D10133
:10611000A302C10123036100A303110123040101B0
:10612000EFC01F8403C534009307F00F6307F50029
:10613000EF10D030FD57A381F40093073060930532
:10614000803E17050000130585C82390F400EF106A
:10615000D02897A7FF1F938767ED83C6970003C6D4
:10616000870003C7A70083C7B700A206D18E4207E6
:10617000558F9305A400E207A381A400D98F0A8557
:106180008146014693F5F50F829721616FC08FFC20
:10619000EFC20FFA17A4FF1F1304C4E739711307E6
:1061A0000014834734002310E10013070003230188
:1061B000E100A301A1001307F00F6388E7003E850B
:1061C000EF10D027FD57A301F4009307307093051B
:1061D000803E17050000130585BF2310F400EF1063
:1061E000D01F97A7FF1F938767E483C6970003C656
:1061F000870003C7A70083C7B700A206D18E420756
:10620000558FE207A301A400D98F0A858146014674
:106210009145829721616FC0EFF3EFC26FF1935701
:1062200085001317850017A4FF1F1304A4DE5D8FDC
:1062300003453400C16739719387A7143EC0231208
:10624000E1002303B100A30301009307F00FB28420
:106250006307F500EF10901EFD57A301F40085675A
:10626000A6859387378017050000130545B62310D0
:10627000F400EF10901697A7FF1F938727DB83C6C4
:10628000970003C6870003C7A70083C7B700A2060D
:10629000D18E4207558FE207A301A400D98F0A854A
:1062A00081460146A145829721616FC0AFEAEFC2E6
:1062B0002FE839711384518AEFE0CFEF8347040050
:1062C000A5CF97A4FF1F9384E4D403C5340093079C
:1062D000A0142310F100230101009307F00F6319AC
:1062E000F506930730509305803E1705000013050F
:1062F00005AE2390F400EF10500E97A7FF1F938771
:10630000E7D283C6970003C6870003C7A70083C7E9
:10631000B700A206D18E4207558FE207A381A400E1
:10632000D98F0A85814601468D4582978147230092
:10633000F40021616FC00FE241651306803E854580
:106340007D15E13D85472300F40021616FC08FE09A
:10635000EF10D00EFD57A381F40061B71D71A2CCE0
:10636000A6CAD6C286CECAC8CEC6D2C4801097AA44
:10637000FF1F938A2ACA2A83C14703C53A008A8429
:1063800063E767189147B28863E3C718330AC3000D
:10639000150A060A137AFA0F13091A0097A7FF1FA6
:1063A0009387A7C71379F90F83C3070083C2170028
:1063B00083CF270003CF370083CE470003CE57009B
:1063C00003C8670003C677001307F9009377071F18
:1063D0003301F14023811A0199472300F100A30002
:1063E000710023015100A301F1012302E101A30285
:1063F000D1012303C101A30301012304C100A304AC
:1064000061008A89630F031213161300290693078C
:10641000A1000A9603D7050089078905135887004C
:10642000A38F07FF238FE7FEE396C7FE93151300A4
:10643000A90593F5F50F3387B9009387150023005D
:10644000170193F7F70F638C080286088508C69535
:1064500093F5F50F03D60600138717003388F9006C
:106460001377F70F935886002300180189074E977A
:1064700093F7F70F2300C7008906E39DB7FC930746
:10648000F00F6310F5088567938737909305803E7A
:10649000170500001305A5932390FA00EF10E07391
:1064A00097A7FF1F938787B883C6970083C5870088
:1064B00003C7A70083C7B70003C65A00A206CD8E44
:1064C0004207558FE20793060004090AA381AA0038
:1064D0002300D4FAA300C4FA230144FBD98FCA864F
:1064E0004E868D45130504FA82972681130104FA1E
:1064F000F6406644D6444649B649264A964A25613E
:106500008280EF10A073FD57A381FA00ADBF9307FF
:10651000F00F6312F5028567938777908145170521
:1065200000001305C58A2390FA00EF10006BA381C9
:10653000AA00268165BFEF106070FD57A381FA00A5
:10654000D9BFA945CDBDEFC20FBD97A7FF1F938748
:10655000E7AD83C6D70003C6C70003C7E70083C7FC
:10656000F700A206D18E4207558F9384418AE20735
:106570001384C191D98F17B5FF1F1305E561411130
:10658000A685032A4401832984012382018A8297F4
:1065900003C5040009CD17A9FF1F1309A9A7834745
:1065A00009000D476388E7001147638BE70041014D
:1065B0006FC0AFB991472300F900954763E0A70288
:1065C000834719002947E364F7FE174700001307C4
:1065D00067628A07BA979C43BA97828797B7FF1F6B
:1065E0009387875B03C6470003C727009306F00F16
:1065F00083C50700718F03C8170003C63700E31176
:10660000D7FC83C65700B3E505013367B600558F45
:1066100045FB930AA5FF568697B5FF1F938525581E
:106620003E85EFC04FB513F5FA0F2380A40041D18A
:1066300041BF93050004EFF0AFCD6347050E03455E
:10664000390095472300F9009307F00F6307F50021
:10665000EF10C05EFD57A301F90058481C4C494596
:106660008345170003462700834637003147A3823E
:10667000E70003C759002380A700A380B700238148
:10668000C700A381D7002382070023880900A388BD
:1066900009002383E900EFD0DFA411BF93050004B4
:1066A000EFF00FC76342050897B4FF1F9384C44EF1
:1066B00083C7740093F7F7039DE79307F5FF03C7BC
:1066C0008400C207C1876391E70603472900FD17CD
:1066D00012073107639AE70483C7240103C7340113
:1066E000D98F638F073E0545EFF00FE1C9B59305DC
:1066F000A004EFF0EFC1E34805FE97B4FF1F9384B9
:10670000A44983C77400638507220547E39DE7FC1E
:1067100003CA940003C784009307EAFEA302E900BA
:1067200093F7D70F638F07241145EFF0EFDC41B5E6
:1067300093050004EFF0CFBDE34805FE97B7FF1FB8
:1067400083C7F745CDF30345390095472300F9008A
:106750009307F00F6307F500EF10404EFD57A301BC
:10676000F90058481C4C5948834627000345170038
:10677000034737004146A380A700A381E7004147B4
:1067800097B5FF1F9385C541238007012381D7005B
:1067900023820700A382E70013856900EFC04F9CA6
:1067A000EFD03F9429B593050004EFF06FB6E34DA9
:1067B00005F697B7FF1F83C7973E95F70345390046
:1067C00095472300F9009307F00F6307F500EF10DA
:1067D000E046FD57A301F90058481C4C9945034673
:1067E000170083462700034737002380B700A380A4
:1067F000C7002381D700A381E70023820700A3827B
:106800000700EFD01F8E65B39305A004EFF04FB0E3
:10681000E34B05EC0345390095472300F900930746
:10682000F00F6307F500EF106041FD57A301F90079
:1068300097B4FF1F9384443683C77400638807109E
:1068400003C734009547E3F1E7EE58481C4CB545C3
:106850008346270003461700034737002381D700EC
:106860002380B700A381E7001D47A380C7002382D0
:106870000700A382E70003C7C40083C73400238452
:10688000E90093065700E3D1F6EA814705C3338751
:10689000F4008346D7003387F9008507A304D700A7
:1068A00003C7C40093F7F70FE3E3E7FE85472383AD
:1068B000F900C147A383F900EFD0BF82CDB993059A
:1068C0002003EFF0EFA4E34105E6034539009547C7
:1068D0002300F9009307F00FE30BF5CCEF1000361F
:1068E000FD57A301F900E1B193052003EFF04FA29A
:1068F000E34C05E20345390095472300F90093076F
:10690000F00F6307F500EF106033FD57A301F900A6
:1069100085472302F90061B98945EFF06F9FE35B7A
:1069200005FC19B5D145EFF0AF9EE35505FCEDBB75
:106930000345390095472300F9009307F00F6307DB
:10694000F500EF10A02FFD57A301F90058481C4C8B
:106950009D450346170083462700034737002380E1
:10696000B700A380C700A381E70005472381D700B4
:1069700023820700A382E70023830900EFD06FF68C
:106980003DB10345390095472300F9009307F00F07
:106990006307F500EF10802AFD57A301F90097B7B0
:1069A000FF1F9387671F1387990017B6FF1F1306F2
:1069B000261F83C6B70085070507A30FD7FE83C62A
:1069C0002701A303D700E396C7FE83C8190103C8B4
:1069D000290103C5390183C5490103C6590183C68D
:1069E000690103C7790183C7890123071901A30737
:1069F00009012308A900A308B9002309C900A309B4
:106A0000D900230AE900A30AF90083C8990003C842
:106A1000A90003C5B90083C5C90003C6D90083C650
:106A2000E90003C7F90083C70901230319012306FD
:106A3000E900A306F900A30309012304A900A304A4
:106A4000B9002305C900A305D90051478147631840
:106A5000EA0083C7C40103C7B401A207D98F979581
:106A6000FF1F9385855C1795FF1F1305055B231B8F
:106A7000F900EFD09FF40DC1AD472316F100138745
:106A80003901E1779306E10005466C0005452317BF
:106A9000F100EFF0BF8C21BE1796FF1F130666585A
:106AA0009795FF1F938565574E85EFE08F88544873
:106AB0001C4C2A8783C5160003C6260083C63600F1
:106AC00019052380A700A380B7002381C700A381F5
:106AD000D70023820700A382E700EFD08FE0C1BC7C
:106AE0000345390095472300F9009307F00F63072A
:106AF000F500EF10A014FD57A301F900834729000A
:106B00008DCF55469207330636419386090133856A
:106B10003701CE851376F60F2E87B307E60093F77D
:106B2000F70FA69783C7070005072309F700E316A9
:106B3000D7FEC105C106E311B5FEEFD03FEF0DC58D
:106B400013853901EFD05FEF1796FF1F1306664DCF
:106B50009795FF1F9385654C4E85EFD09FFDEFE025
:106B6000FFF6EFD00FD8A1B48347AA01238809000C
:106B7000A38809001394470035041374F40F238984
:106B8000F9002285EFE09FF423838900EFD06FD5D1
:106B900039BC1D71A2CCCAC8D6C286CEA6CACEC682
:106BA000D2C48010979AFF1F938ACA462A88C14789
:106BB00003C53A000A8963EB071DA94763E8C71CB0
:106BC000131A3600429A329A150A060A137AFA0FF5
:106BD00093091A009797FF1F9387274493F9F90F9A
:106BE00083C4070083C3170083C2270083CF370005
:106BF00003CF470083CE570003CE670003C377005F
:106C00009388F90093F7081F3301F1402381CA00EC
:106C1000A147A30091002300F10023017100A3010B
:106C200051002302F101A302E1012303D101A303D7
:106C3000C10123046100A30401018A8463020818CE
:106C4000131E1800290E9307A1000A9E83D8050081
:106C50008907890513D38800A38F67FE238F17FF49
:106C6000E396C7FF93151800A90593F5F50F338830
:106C7000B400938715002300C80093F7F70F3DCEAB
:106C8000131816000508C29593F8F50FBE8503D3B7
:106C9000060013881500338EB4001378F80F935E46
:106CA00083002300DE018905269893F5F50F230064
:106CB00068008906E39D15FD9306F6FF8606B697E4
:106CC00093F7F70F998F9315460013862700BA861E
:106CD000930807011376F60F2E97B68503C80500B3
:106CE000B307B60093F7F70FA69723800701850532
:106CF000E396B8FEC106C108E391E6FE9307F00FE4
:106D00006310F5088567938737A09305803E17F5D4
:106D1000FFFF1305C50B2390FA00EF00106C979747
:106D2000FF1F9387A73083C6970083C5870003C7DB
:106D3000A70083C7B70003C65A00A206CD8E42073C
:106D4000558FE20793060004090AA381AA002300D5
:106D5000D4FAA300C4FA230144FBD98FCE86268639
:106D60008D45130504FA82974A81130104FAF6400F
:106D70006644D6444649B649264A964A25618280E9
:106D8000EF00D06BFD57A381FA00ADBF9307F00F62
:106D90006312F5028567938777A0814517F5FFFF9A
:106DA0001305E5022390FA00EF003063A381AA00E7
:106DB0004A8165BFEF009068FD57A381FA00D9BFF3
:106DC000A94575B5EFB2DFB69385C191DC499796B9
:106DD000FF1F9386262403C5D60083CF660003CF0A
:106DE000760083CE860003CE960003C3A60083C838
:106DF000B60003C8C60003C6E700984D2386A70067
:106E0000A382F701130516002383E701A383D701AB
:106E10002384C701A384670023851701A385070185
:106E2000A303A700214541116307A60A637AC5049D
:106E3000B1476304F60E9307400A6312F612D44971
:106E40009C4D454583C5160003C6260083C6360003
:106E50002380A700A380B700A381D700AD4623817C
:106E6000C70023820700A382D700230807008347B7
:106E700057002303F700EFD0CFA641016FB09FADBD
:106E8000630806109946631CD60C83C6970183C518
:106E9000870103C6A701A206CD8E2313D100931844
:106EA000160034003685BE9811CE83C5B70103C8DD
:106EB000C7018907A205B3E505012310B50009053F
:106EC000E39517FF930561004D070545EFF00FC9E6
:106ED00041016FB03FA803C7C70103C6B70103C88C
:106EE000970183C687012207518F931887002208D4
:106EF00021833368D800B3E8E800340093056100CB
:106F00001387D701054605452313010123141101F9
:106F1000EFF03FC841016FB0FFA3D0499C4D4D48F1
:106F200003451600834526000346360023800701EB
:106F3000A380A700A381C70035462381B700238221
:106F40000700A382C70085472308F70083C76601AF
:106F5000A308F70083C776012309F70009BFD449C6
:106F60009C4D194583C5160003C6260083C636000E
:106F70002380A700A380B7002381C700A381D70087
:106F800023820700A38207008D472302F700C5B5BF
:106F9000D0499C4D694803451600834526000346A9
:106FA000360023800701A380A700A381C7005146B4
:106FB0002381B70023820700A382C70003C66601AE
:106FC00083C77601230CC700A30CF7004DB5EFB2C1
:106FD0003F9679718545116502CA02CC02CE02D076
:106FE00002D202D402D602C602C8EFC00FEB85451A
:106FF0001145EFC08FEA37140140930700200D4977
:107000004C0813050480231AF100E1474ACC3ECE18
:10701000EFC02F8C930700404C0813050480231AFF
:10702000F10091473ECEEFC0CF8A930700104C0885
:1070300013050480231AF100C1473ECE4ACCEFC0AD
:107040004F89F167B7440140938707200C101385DF
:1070500004803ED0B7070C003ED42316010202D2B2
:10706000EFC0DF9A13850480054693055052EFC0A8
:107070007FAB05469305404213850480EFC09FAA6D
:107080009307501368002316F10085473EC8230775
:107090000100EFC0AFC0138504808545EFC0DFA6B7
:1070A0009305001013050480EFC06F9945616FB020
:1070B0007F8AEFB2FF87973700009387A7F38C434F
:1070C000D043944703D7C70083C7E7004111374433
:1070D00001402EC032C236C42316E1002307F1005E
:1070E0008A841309F1001304048083C504002285F7
:1070F000EFC0FFA6930500082285EFC09FA77DD9AA
:107100008504E39424FF41016FB0DF84EFB2BF80B8
:1071100083470500AA8437450140AE8A13050580E0
:107120008145B74901403289368AA388F18A2A8489
:10713000EFC0FFA2930500082285EFC09FA37DD971
:10714000138509808145B7490140EFC05FA11384D1
:107150000980930500082285EFC0BFA17DD9138562
:1071600009809305F00FB7490140EFC05F9F13847A
:107170000980930500082285EFC0BF9F7DD9B387A2
:107180004A0193F7F70F938517001385098093C77A
:10719000F7FF374B014093F5F50F93F9F70F130401
:1071A0000B80EFC0DF9B930500082285EFC07F9C1A
:1071B0007DD9CE8513050B80B7490140EFC03F9ABA
:1071C00013840980930500082285EFC09F9A7DD91A
:1071D0009305400D1385098037440140EFC03F9867
:1071E00013040480930500082285EFC09F987DD981
:1071F000638B0A0A37440140A69A9309400D130491
:10720000048083C504002285EFC07F9593050008A4
:107210002285EFC01F967DD983C704008504CE97D1
:1072200093F9F70FE39F54FD630A0A0237440140C4
:107230004A9A13040480834509002285EFC03F92D7
:10724000930500082285EFC0DF927DD983470900AE
:107250000509CE9793F9F70FE31F2AFDB3053041D7
:107260003745014093F5F50F13050580B7440140FC
:10727000EFC0FF8E13840480930500082285EFC0C1
:107280005F8F7DD981451385048037440140EFC06D
:107290001F8D13040480930500082285EFC07F8DA5
:1072A0007DD96FB08FEA9309400DBDBF411122C651
:1072B000374401409305505213050480EFC03F8CC2
:1072C00049E91384018B0347040085476316F700DF
:1072D000324441017300203037440140930540425D
:1072E00013050480EFC0BF8965D503570480835719
:1072F000448083C7618A6393070C03C7918A93878D
:10730000C18A3E97834607001387918AC5CE03C67C
:10731000718A89469385718A63F7C60C83C6818A10
:1073200085062384D18A03C6818A8D4663F4C6000C
:107330002384018A834607000D46850693F6F60FDF
:107340002300D70083460700637ED606A384018A04
:1073500095A813050480EFC03F8183C7018B854644
:107360001375F50F1384018B6389D70683C7618A70
:10737000B9FB03C7918A9387C18A3E9703460700EA
:107380001387918A93158601E1851376F60F63C9F9
:107390000504834507008346070017B7FF1F13073F
:1073A000A7879E052E97930516003297B69713F67A
:1073B000F50F2300A7002380C70031B71387918AF8
:1073C0009387C18A03470700BA9723800700324496
:1073D0002383018A410173002030EFC0FF8EE5B5A1
:1073E0002383D18ACDB583C60500850693F6F60FB3
:1073F0002380D50081B7EFB20FD237440140AA896C
:107400002E8901469305505213050480EFC08FF179
:1074100003C7018B85479384018B6309F7000146FD
:107420009305404213050480EFC0CFEF03C4718A77
:107430001387718A41C083C6818A9397760017A605
:10744000FF1F1306667DB29723A0F9009387C18AB8
:10745000B69783C707008D462300F90083C7818A4A
:1074600085072384F18A83C7818A63F4F600238425
:10747000018A83470700374401400546FD1793F70B
:10748000F70F93055052130504802300F700EFC057
:107490006FE903C7040085476316F700054422859A
:1074A0006FB0AFCA05469305404213050480EFC094
:1074B0006FE7EDB737490140054693055052130574
:1074C0000980EFC02FE603C704008547E309F7FCF6
:1074D00005469305404213050980EFC0AFE4C1B7EC
:1074E000EFB26FC34111AA8A2E8A9384018B894916
:1074F0009305B1006800EFF01FF01DC583C70400BD
:107500006387370383C70400E5F70344B100B2453E
:1075100056852286EFB0CFC49305B10023008A00C0
:107520006800EFF05FED79F941016FB00FC20349D8
:10753000B100E30F09FA324422990345040005041F
:10754000EFC08FF8E31B24FF65B76FF07FF9EFB250
:107550002FBE01118545116502C002C202C402C6D8
:1075600002C802CA02CC231E0100EFC0EF94854579
:107570002145EFC08F923714014061498D448A85BF
:10758000130504C085672310F1004AC426C2EFB07A
:107590005FB48A85130504C089672310F1004AC4CB
:1075A00026C2EFB01FB391678A85130504C023106C
:1075B000F10091473EC4EFB0DFB1E1778A85130552
:1075C00004C02310F100374400404AC426C2EFB083
:1075D0005FB0130504808545EFC08F99B70704019C
:1075E0003EC6930700026C00130504803ECC9D4705
:1075F000231EF10002C802CAEFC0EF8D13050480FC
:1076000005468945EFC02F9513050480054685453D
:10761000EFC06F94854513050480EFC0AF910561FD
:107620006FB04FB3EFB22FAF79712A84AE890545A1
:1076300085453289B68402C202C402C602C802CAA3
:1076400002CC02CE02D002D202D402D6EFC00F8307
:107650002285EFB07F82C1473EC6930700084C00E9
:107660003ECC228585674EC24AC426C83ED402CA93
:1076700002CE02D002D202D6EFB01F8B45616FB0AE
:10768000CFACEFB24FA979712A84AE890545854503
:107690003289B68402C202C402C602C802CA02CC3F
:1076A00002CE02D002D202D402D6EFB03FFD228534
:1076B000EFB08FFC930700083ECC930700103ECE3E
:1076C000930700404C003ED0228585674EC24AC4D5
:1076D00026C83ED402C602CA02D202D6EFB0DF8468
:1076E00045616FB08FA6EFB20FA379712A84AE897E
:1076F000054585453289B68402C202C402C602C865
:1077000002CA02CC02CE02D002D202D402D6EFB01C
:10771000FFF62285EFB04FF6930700084C003ECCF1
:10772000228585674EC24AC426C83ED402C602CA14
:1077300002CE02D002D202D6EFB00FFF45616FB089
:10774000CFA0EFB2EF9E1387818C1C4385466388E0
:10775000D7008946638ED70EC5CF6FB0AF9F370570
:107760000200EFB01F826307051C37050200EFB06F
:107770003F820965EFB0DF81374500408145130541
:107780000580EFB03FFB1385018C034845002A8735
:107790009385318C9307F00F173600001306464887
:1077A000834617000507B58FB29783C70700E31913
:1077B000B7FE93C7F7FF93F7F70F6303F818370483
:1077C0000240130584058145EFB00FFA13058405C7
:1077D0009945EFB0CFFA130584058545EFB0CFF892
:1077E000130544048145EFB02FF81305440499456F
:1077F000EFB0EFF8130544048545EFB0EFF63745D9
:107800000040854513050580EFB0DFF26FB08F941F
:107810009386018C83C7160083C5260003C63600F5
:1078200083C64600CD8FD18FD58F1386D1828346F4
:107830000600638407129387F6FF93F7F70F230080
:10784000F600C5EF85471CC3A38601826FB08F90F9
:107850000945EFB00FF3E30205F00945EFB04FF330
:1078600097A7FF1F9387475D17A6FF1F1306C664E0
:10787000014783D6070089073697E31CF6FE198374
:1078800093170701C1878395618C3386B7008146C2
:10789000634E060081CF05659306F5FF6358A60089
:1078A0006386D7002E9793160701C1829387E18BD9
:1078B0002390D70003D70700370402401305840044
:1078C0001347F7FF420741832390E70003D70700E0
:1078D00081451207420741832390E700EFB0CFE8CC
:1078E0001305840093058004EFB06FE98545130507
:1078F0008400EFB06FE76FB0EF85C146E3FFF6E4B9
:107900003745004089471305058081451CC337046E
:107910000240A3860182EFB0FFE113058405814593
:10792000EFB08FE4814513054404EFB0EFE3EF902F
:10793000E06925B50965EFB0CFE4E31805E231BD94
:107940008347250003471500A207D98F13978700A7
:10795000A183D98F239FF18A9DB59387160093F752
:10796000F70FF1BD03D5E18B82809385C18B83D75F
:10797000050003D7E18B93160701D98E63F5E71253
:10798000B307F74093A7171093C717006392070E2A
:107990001388418B834708009388818B17A5FF1FAD
:1079A0001305854793961700369503A608000353E1
:1079B0000500938617003A963306664093573600C3
:1079C0009D8A23A0C8001386218B2310E500230085
:1079D000D800139707018356060041832390E500E2
:1079E000BA87637CD70AB387F64093A7170493C777
:1079F000170081C72310E600BA8683A7818183D749
:107A0000470021674165BE96C206E177C182BE96F6
:107A100093971600B697BA9703C7C18263DBA7088E
:107A200013950701418163CE070215EF1386A182EA
:107A30008357060063F3A70A3307F54042074183E3
:107A4000AA86A145368563FBE5009305000463E53E
:107A5000E506B69785831395070141812310D6006B
:107A600082802DC701452395A182238601828280D1
:107A700097A7FF1F9387473A1316370094C3D4C3C1
:107A800094C7D4C723ACC18A1386218B83560600C2
:107A90002390E500BA87E368D7F4958F93A717047E
:107AA00093C71700B9B7998F93A7171093C71700FB
:107AB000F1BD7D1525DF45BF13953600158D3E952B
:107AC0000D81420541812310D60082801386A18258
:107AD0008357060081463E87ADB73387A7404207EC
:107AE0004183AA86B9BF03D7E18BE177998F03A7BA
:107AF00081812312F700828083C7018DA5C3EFA285
:107B00009FE11384018D19699384218D97A9FF1F2B
:107B10009389893A0DA883C704000347040093960C
:107B200027007D178507CE968D8B1377F70F03AA55
:107B300006002380F4002300E400EFA09FE7029AF0
:107B40008347040091CBEFA07FE673100980834741
:107B50000400F1F3EFA0FFE56FA03FDF8280411149
:107B600022C637140040854513050480EFB07FE737
:107B700009E5324441017300203013050480854536
:107B8000EFB0FFE71387C18C1C43324485071CC349
:107B90004101730020302A8817A7FF1F13074733BE
:107BA000814741461443410799C68507E39CC7FEB8
:107BB0001305F00F82809396470017A7FF1F130746
:107BC000A730369713F5F70F85474CC323200700DE
:107BD0002306F7002324070182802A8817A7FF1FA6
:107BE0001307072F814741461443410799C685076C
:107BF000E39CC7FE1305F00F82809396470017A7FA
:107C0000FF1F1307672C369713F5F70F4CC323207C
:107C1000070023060700232407018280BD4763EE87
:107C2000A700120597A7FF1F9387072AAA9723A4E7
:107C3000070023A2070023A007008280BD4763EE50
:107C4000A700120597A7FF1F93870728AA9723A4C9
:107C5000070023A2070023A0070082802DC1EFA206
:107C60003FCD2A84EFA09FD499677390078003C704
:107C7000018D91471386018D630EF7029385118D57
:107C800083C705000347060097A6FF1F9386C622F9
:107C90001398270005078507C2968D8B1377F70F7A
:107CA00080C22380F5002300E600EFA09FD00545A9
:107CB0006FA05FCAEFA0FFCF01456FA0BFC901450C
:107CC0008280EFA2FFC6EFF03FE3371400401305B8
:107CD000048001468545EFB03FB713050480054693
:107CE000854503A9C18C17A4FF1F1304E41D23A617
:107CF000018C97A4FF1F9384242DEFB0FFB439A00B
:107D00008296EFF07FDF4104630794021444E5DEBE
:107D10001C405840CA971CC03386E740E3E5E7FEA5
:107D20008347C40010C0E9FF232404002322040079
:107D300023200400F1B76FA0FFC1F9572387F18218
:107D400083A7818D91C382878280EFA27FBE138437
:107D500081811C409C438DC79384E18203C504004C
:107D60009307E00F6300F502EFF05FED1C4017058D
:107D700000001305C5FC8C43EFF03FE62380A40010
:107D80006FA05FBD83A7418D91C38297FD5723806C
:107D9000F4001305F00FC9BF9387818D984301E765
:107DA00088C3014582801305F00F82809387418D3F
:107DB000984301E788C3014582801305F00F828054
:107DC00083A7818103C7770011C703C767008D4769
:107DD0006303F7008280EFA2BFB50545EFD01FAB6C
:107DE0008547630DF50C8146014685450545EFD075
:107DF000FFC90945EFD09FA985476301F51081466A
:107E0000054681450D45EFD07FC80D45EFD01FA831
:107E100085478546630EF50C014681451545EFD033
:107E2000FFC61145EFD09FA69306F00F35E9130664
:107E3000F00F9305F00FEFD05FC51945EFD01FA5E8
:107E400085476300F50A8146014685450145EFD027
:107E5000FFC31D45EFD09FA38547630DF5068146FF
:107E6000054681450945EFD07FC22145EFD01FA2CD
:107E700085478546630AF504014681451145EFD0E3
:107E8000FFC02545EFD09FA09306F00F0DE113062C
:107E9000F00F9305F00F0545EFD03FBF6FA09FABEC
:107EA00001469305F00F0145EFD03FBE79B701467B
:107EB0009305F00F0545EFD05FBDCDB7854605466C
:107EC0008545EFD0BFBC35B7054685451145EFD098
:107ED000FFBB45BF8546054685450945EFD01FBB1D
:107EE00069B78546054685450145EFD03FBA95B748
:107EF000054685451545EFD07FB925B7854605462A
:107F000085450D45EFD09FB809B7EFA27FA2EF904E
:107F10000024EF90603313050040EFB06FE5054596
:107F2000EF806010EF80C00D13052003EFA07FAC41
:107F3000EFC0DF9DEF90E039EF900041EF90F0103F
:107F40002945EFA01FABEF90201FEF90001FEF809F
:107F5000707BEF80601EEF80600DEFE00F84EF809C
:107F6000C02AD14517E5FFFF130585ABEFF0BFC26F
:107F7000854517D5FFFF13058572EFF0DFC19545E5
:107F800017C5FFFF13056574EFF0FFC0F94517E54E
:107F9000FFFF1305855BEFF01FC0EFF09FD2F5BF29
:107FA00037050400EFB06F86730020308D26730014
:107FB00020308D4723ACF18E828097A7FF1F83C7A7
:107FC000470389C7954723ACF18E8280854723AC50
:107FD000F18E8280EFA2DF95AA842E84114585451B
:107FE000EFB0AFEBB1CC37660040032706C4C166E3
:107FF000F516758FB71701402320E6C403A7478005
:10800000B716F0FFFD16758F23A2E78003A7C78080
:10801000F9769386F67F758F23A6E78003A74780BE
:10802000B7460400558F23A2E780374702408327D5
:10803000078039CC93E727002320F7806FA09F911A
:10804000B766004003A706C4B717014013672700AF
:108050004207418323A0E6C403A74780B716F0FF79
:10806000FD16758F23A2E78003A7C780F976938654
:10807000F67F758F23A6E78003A74780B7360300F6
:10808000558F23A2E78037470240832707805DF0A2
:10809000F59B2320F7806FA0FF8BEFA27F89EFD0A5
:1080A0008FA20545EF1090406FA0DF8AEFA25F8896
:1080B000EFC01FCD1145EF10703F6FA0BF898280C8
:1080C000EFA21F8789650545EF1070379385C15D65
:1080D0000545EF105064930700046307F50005455C
:1080E000EF10D03C6FA01F8717050000130525FB7C
:1080F000EFF0DFB665F9EFD00F9D0545EF10103BAF
:108100006FA05F858280EFA2BF8289651145EF1065
:108110001033938581501145EF10F05F93070004F1
:108120006307F5001145EF1070386FA0BF82170587
:1081300000001305E5F7EFF07FB265F9EFC05FC40B
:108140001145EF10B0366FA0FF80EFA26FFE1384D1
:1081500081934C440945EF10105CAA878965094555
:108160002305F40023080400EF10702D6FA08FFE8C
:10817000EFA20FFCB767004083A707C53737002081
:108180004907C207C183BA9786079C4313070002B9
:1081900093F7F73F639DE7009387819303C79700A9
:1081A00019E703C7570083C747006309F700930522
:1081B00000020945EF1030246FA0CFF90146814538
:1081C00013052008EF105052C5BFEFA26FF61384BD
:1081D000C1914C440D45EF101054AA8789650D4597
:1081E0002305F40023080400EF1070256FA08FF61C
:1081F000EFA20FF4B767004083A707C53737002009
:108200006907C207C183BA9786079C431307000218
:1082100093F7F73F639DE7009387C19103C79700EA
:1082200019E703C7570083C747006309F7009305A1
:1082300000020D45EF10301C6FA0CFF101468145C3
:1082400013053008EF10504AC5BFEFA26FEE0D477F
:10825000AE843284630DE506636CA7020547630FA5
:10826000E50409476312E506EF10102393070003A6
:10827000630CF504A685228613052008EF10D0466E
:10828000094593050003EF10101701456FA08FEC0F
:108290001147631BE502EF103020930700036305CD
:1082A000F502A685228613054008EF10F04311451C
:1082B00093050003EF1030140145C9BFEF10D01D26
:1082C000930700036318F50205456FA0AFE8EF10B0
:1082D000B01C93070003E309F5FEA685228613056B
:1082E0003008EF1070400D4593050003EF10B010FB
:1082F000014569BFA685228613051008EF10D03E00
:10830000054593050003EF10100F014541B7EFA29B
:108310002FE237650040832705C541679305F7FFC6
:10832000B7360020ED8F9906B69786079C43130752
:1083300007C003D6818EF98F0111638CC700832794
:1083400005C5137606C0ED8FB69786079843518F03
:1083500098C3B766004003A746C49384819083D72F
:1083600004002393E18E03D7618E7D8F137707205E
:108370001384618E19CB41671307F7DF23A2E6C48C
:1083800003C7418E05072382E18E035704007D8FCA
:108390004207418763440718035704007D8F137712
:1083A000074019CFC167376700409387F7BF232283
:1083B000F7C49787FF1F83A7E7E7829783D7040057
:1083C0000357040089667D8F758F19C73967B766B3
:1083D00000407D1723A2E6C40357040085667D8F05
:1083E000758F63120712035704007D8F2D83058B51
:1083F00005C383A78184A1EB0945EF00C076BD6763
:108400009387F77F376700402322F7C483D70400A0
:1084100003570400F98F93F707109DC3C166B76730
:1084200000401387F6EF23A2E7C403A787C41316FF
:108430000701634C060023A0018E1D45EF00A072CA
:1084400005616FA02FD1AD255DBF1387018E10434D
:108450008D45050610C31843E3F1E5FE03A707C4E5
:10846000218B61FF83A507C41386F6FF9388C18D16
:10847000B3F6C50023A0D800938707C081462148E2
:10848000884393952600938505028A95718D23A0D4
:10849000A5FE85069107E39506FF83A60800B7654C
:1084A0000040B767004093E6160023A0D80083A6DB
:1084B0000800F18E23A0D5C483A60800F99A23A052
:1084C000D80083A60800F18E23A0D5C483A647C494
:1084D00093F60640E5DE41669306F6BF23A2D7C4B5
:1084E0007D16938707C0A145931627009386060241
:1084F0008A9683A606FE91070507F18E23AED7FE66
:10850000E314B7FE0DBFBD67FD1737670040232298
:10851000F7C40145892D83D70400F1B5EF10002081
:1085200083D7040095BD97A7FF1F83C787AC81C77A
:10853000954723ACF18E8280914723ACF18E8280E7
:10854000828099E5133525001345150006058280C4
:108550000945828011C51785FF1F1305E5D082806C
:1085600083A701911D472398E7008280EFA24FBCAB
:10857000938401919C40854603C7070003C61700FA
:1085800083C527001377F7076309D7029306100204
:1085900009456312D7026304E60413070002631C53
:1085A000E600170400001304244D80CF2399070030
:1085B0000145029401456FA0EFB9130720026385BE
:1085C000E502130710020945E397E5FE17040000D2
:1085D0001304C44780CF014502949C40F9B71704A7
:1085E0000000130464F7D1B7170400001304A44378
:1085F000D5B703A7019183470700930610020145F1
:1086000093F7F7076383D700828083471700130728
:108610002002E38BE7FE9387D7FDB337F000139575
:1086200017008280EFA2CFB083A7019123850700B6
:10863000B129B7650040B76700408566938707C0DA
:108640009386F6F0138605C298439107758F23AE83
:10865000E7FEE39BC7FE9307F00F23A2F5C4EF10DC
:10866000B0068145014523AC018EEFF0BF96514520
:10867000EFA02FB885450545EFF0DF956FA08FADD2
:10868000EFA20FAB83A70191179700000347B70F25
:10869000A384E700239507000145EF10C05293051E
:1086A00000200145EF102053C1450145EF10A054B3
:1086B000930500050145EF10206D93050006014567
:1086C000EF10806A0145EF1080629785FF1F83C518
:1086D000E5B80145EF1060730145EF10205D376785
:1086E0000040832707C09166F58F89CF832707C095
:1086F00085669386F6F0F58FB16693860608D58F6A
:108700002320F7C037670040832707C093F707048B
:1087100089CF832707C085669386F6F0F58FA1661B
:108720009386060CD58F2320F7C09305006005457E
:10873000EF10604A930500020545EF10C04B93050A
:1087400000070545EF1040629305000B0545EF104B
:10875000A063930500040545EF10206B8D6505456A
:10876000EF10E04D37670040832747C093F70704B9
:1087700089CF832747C085669386F6F0F58FA1667B
:108780009386060CD58F2322F7C0376700408327D6
:1087900047C09166F58F89CF832747C0856693864A
:1087A000F6F0F58FB16693860608D58F2322F7C0C1
:1087B00081450945EF102042930500020945EF105D
:1087C00080439305000D0945EF10005A9305000FF3
:1087D0000945EF10605B930500020945EF10E06268
:1087E0008D650945EF10A04537670040832787C096
:1087F0009166F58F89CF832787C085669386F6F0CB
:10880000F58FB16693860608D58F2324F7C03767A6
:108810000040832787C093F7070489CF832787C049
:1088200085669386F6F0F58FA1669386060CD58F44
:108830002324F7C081450D45EF10E0399305000270
:108840000D45EF10403B930500110D45EF10C05151
:10885000930500130D45EF102053930500020D45BD
:10886000EF10A05A8D650D45EF10603D3767004051
:108870008327C7C09166F58F89CF8327C7C08566D8
:108880009386F6F0F58FB16693860608D58F23267A
:10889000F7C0376700408327C7C093F7070489CF25
:1088A0008327C7C085669386F6F0F58FA166938609
:1088B000060CD58F2326F7C0930500601145EF10F5
:1088C0008031930500021145EF10E0329305001747
:1088D0001145EF1060499305001B1145EF10C04A88
:1088E000930500041145EF1040528D651145EF10BE
:1088F000003537670040832707C193F7070489CF06
:10890000832707C185669386F6F0F58FA166938667
:10891000060CD58F2328F7C037670040832707C18F
:108920009166F58F89CF832707C185669386F6F018
:10893000F58FB16693860608D58F2328F7C00145C9
:10894000EF00B059854723ACF18E6FA0AF809385BF
:10895000C1836F000078938541836F00807783A780
:10896000019183C53700214783D74700636BB70662
:10897000EF921FFC130740412A8693965500636EC1
:10898000F702130730406370F70205479387C7BFAC
:10899000B317F7004167130717107D8F29E70567A5
:1089A0004107F98FA5E39775FF1F93852574B69549
:1089B0003285EF0000726F90FFF9056713074710CB
:1089C000E393E7FE9777FF1F93874772B385D7003E
:1089D00003D7C50179DF93858601BE95EF00606FEF
:1089E000D9BF014582809777FF1F93872770B38592
:1089F000D70003D7450155DF93850601BE95EF00EB
:108A0000406D55BF9777FF1F9387476EB385D7009B
:108A100003D7C50059DF93858600BE95EF00606BD4
:108A200059BF83A7019183C557008547F11513F7F7
:108A3000F50F63F4E700014582809777FF1F938766
:108A4000E7698E05BE9571A583A7019183C557007F
:108A50008547F11513F7F50F63F4E70001458280B0
:108A60009777FF1F938787668E05BE959DA58280A9
:108A70008280828011C51775FF1F1305E57E8280F5
:108A800083A701911D472398E7008280B7670040C4
:108A9000054723A0E7C423A007C4096723A207C48E
:108AA000130707C02394E19023A0E7C40145828007
:108AB00037660040832806C44165130606C0C20815
:108AC00093D8080181479795FF1F9385E54F7D1542
:108AD00021481442139727002E97E98E14C3850767
:108AE0001106E39807FF3767004093E7084023200B
:108AF000F7C493F7E8FF93E8184093E6074013980C
:108B00000701232017C5135808012320D7C4B767CE
:108B1000004003A747C41377074065DF416613078A
:108B2000F6BF23A2E7C47D16938707C001472145FE
:108B300093162700AE96944291070507F18E23AE57
:108B4000D7FEE317A7FE37670040936788402320CE
:108B5000F7C4832707C4C207C18393E747002320D4
:108B6000F7C46FF00FC5EF92BFDC9D471384018FF0
:108B70006303F50008C01C4015476369F70C17270D
:108B800000001307E7198A07BA979C43BA978287B0
:108B900037670040832707C4C207C18393E70701F3
:108BA0002320F7C495471CC0A9472302F4006F9007
:108BB0007FDA83474400FD1793F7F70F2302F40091
:108BC00083474400EDF737670040832707C4C20797
:108BD000C183BD9BC207C1832320F7C499471CC032
:108BE00023A6018EE9B783A7C18EADC795471CC0E8
:108BF0007DBFB764004083A704C4C207C183ED9B57
:108C0000C207C18323A0F4C4EFF02FBBB1679387E1
:108C100007F023A0F4C491471CC0854723A6F18E1A
:108C20006F905FD389472302F4008D471CC06F907B
:108C30007FD283474400FD1793F7F70F2302F40018
:108C400083474400ADF791471CC095B799471CC0B6
:108C50006F905FD0B764004083A704C4C207C1838C
:108C6000ED9BC207C18323A0F4C4EFF00FB5B16739
:108C7000938707F023A0F4C499471CC00DBF01CD12
:108C8000EF921FCB83A741909C43829703A501914C
:108C900029056F903FCC83A7019105472398E700F2
:108CA000828001CDEF92DFC883A741909C478297D5
:108CB00003A5019131056F90FFC983A70191054775
:108CC0002398E700828003A7019159C52390019062
:108CD000834707009386019093F7F7079DE7834743
:108CE000970013D7470093F70704098BA9CF1367A1
:108CF00017002380E600EF92BFC383A741909C4BEF
:108D00008297138501906F90FFC40546638BC7045B
:108D100009466396C70403475700376600401306A9
:108D200006C09377F7008A07B29762079C43618772
:108D3000634E07000D660567F18FE39EE7FA8547EE
:108D40002380F6004DBF2380E60075B7414793F7B7
:108D50000703E392E7FAE5B789472318F7000145CF
:108D60008280138501908280EF92FFBA138A01916D
:108D700083240A0003D4040183C9840019E49147C1
:108D80006387F9069149014409A883D7440163FA2E
:108D90008706894963F387003E849C4C42044180E6
:108DA000228582972A890145EF102000AA85228614
:108DB0004A85EF00F05CA2850145EF10200383D7C0
:108DC000040103D72401818FC2073A944204C1836E
:108DD000C18F9CC89307000383240A00239BF19052
:108DE0008D67239CF190238434016F901FB603A7F5
:108DF000C18F85476309F700C147239BF1909D49C7
:108E0000DDB7914941BFB767004083A707C5373732
:108E100000200907C207C183BA97860723A007006D
:108E200093070003239BF19023AE018E6DBF83A7B0
:108E3000019103C7370083C65184094563E3E60205
:108E400083C6270099EE83D6470081EEEF925FAE8E
:108E50002385E70083A74190DC43829701456F900B
:108E60007FAF8280EF92DFAC138401911C4003A797
:108E7000C190184F83C5370003C5570041110297B1
:108E80001C4003C7A70015CB2AC605E903C7470046
:108E90000DE783C7270095E383A74190DC478297BE
:108EA0001C40324583C6570003C73700A385D7004F
:108EB0002386E70041016F90FFA9094541016F90AA
:108EC0007FA903A701918347070093F7F707A5CB75
:108ED000894609456383D700828083572700EDFFC9
:108EE00083474700F5FBEF92BFA483475700B7665F
:108EF0000040938606C013F6F7F713142600369445
:108F0000E2071440E18763C407048D65ED8E83C5D5
:108F1000418409456373B6028DC20347A70011CF90
:108F200063CA07021C408D640567E58F6385E7040B
:108F300083A74190DC4B829701456F90BFA1834787
:108F40009700014593F7F7FDA304F700828093F69D
:108F5000060375BF1C40414793F70703E39AE7FCFC
:108F60001374F60F2285EF00905D930500032285B0
:108F7000EF00704875BF39E29775FF1F83C5052E56
:108F80000145EF0090681840F1779387F7F87D8FDF
:108F900042078D6741833D8FE177938707085D8F97
:108FA0004207418318C01C40E58FE38397F88D6624
:108FB00018C01C40F58FE39DD7FE9DBF3285EF00A2
:108FC00070551840F1779387F7F87D8F42078D67CA
:108FD00041833D8FE177938707085D8F4207418387
:108FE00018C01C40E58FE38597F48D6618C01C40BF
:108FF000F58FE39DD7FE2DBF03A6019103475600D1
:10900000B7660040938606C09375F7F793972500DF
:10901000B697620794436187634707060D65E98E3B
:1090200003C84184094563FF050583552600B9E956
:10903000B1CA8346A600B9C6EF929F8F9443634797
:10904000070471771307F7F8F98EC2060567C18226
:10905000B98E617713070708D98EC206C18294C3FF
:1090600098438D6505666D8F6307C70094C3984369
:109070006D8FE31DC7FE83A741909C4F82970145EA
:109080006F905F8D828093F6060359BF6577130753
:10909000F7FBF98EC206C18261771307070893C6F2
:1090A0000601D98EC206C18294C39843C145414688
:1090B00013770703E301B7FC94C3984313770703BF
:1090C000E31CC7FE83A741909C4F829701456F9098
:1090D0007F8883A7019103D7270101C588413A956D
:1090E000828083D645003387E6402398E70082805C
:1090F000EF927F82138901910324090037670040B2
:10910000832707C503468400A54641116316D6127E
:109110000357640085472304F400834414005DEB87
:10912000034704001377F70751E725476387E41CDB
:1091300015476386E4260D476383E42C638EF42889
:1091400083A7C190DC4B268582978D4703240900B5
:109150006304F522A1471DE1B767004083A707C557
:10916000373700200907C207C183BA97860723A0B3
:10917000070093070003239BF19099472304F40011
:1091800001459775FF1F83C5650DEF001048032744
:109190000900A147034587006318F5008567239CF4
:1091A000F190C147239BF1905D15133515004101E6
:1091B0006F90AFF96307F7128946E313D7F8638B13
:1091C000F4228D47E39EF4F6EFF01FE335F9032414
:1091D000090059B719476387E412C5E8035724000B
:1091E000631907145840C1769386F60F758FB7063A
:1091F00002009389C190630CD72283A709002685BA
:109200009C4B82978D476303F516832709004167BE
:109210007D1783D607016387E6140947630BE50CC6
:10922000E9CA03870700634B07140D472384E7004F
:109230008D67239CF190A9B7C166FD1637360020D3
:10924000F58F1106B29786078443F58C8604BA948D
:1092500083C704002300F40083C71400A300F400B4
:1092600003D54400EF0070452311A40003D584000A
:1092700003240900EF0070442312A40003D7C400A4
:10928000032409002313E40071B521476386E40A2F
:109290009389C190294783A60900E390E4F6034728
:1092A00004001377F707E31AF7F48347A400B1D754
:1092B00083572400B9F35C4041771307F70FF98F08
:1092C0004167E39CE7F29C4E034554008145829739
:1092D0006319051E03240900970700009387A79CC4
:1092E000ADA0AD47E39EF4E4EFF0DFB7E31A05E489
:1092F000F9BD21472384E70061B5EFF05FB3E311C7
:1093000005E4F1B5034704009389C19083A60900E1
:109310001377F707E31307EE034724006306F710FC
:1093200089476308F70A8D47E319F7ECDC5291EFA0
:10933000E9B59389C190D1B58347040093F7F70746
:10934000EDFB970700009387C7931CCC23190400FB
:10935000014582978327090041677D1783D607015E
:10936000E390E6EC25472384E70019BD8327090035
:1093700025472384E70029B5A54709B503D767002A
:1093800003A6C1900346C6023AC6B24563EBD502B6
:1093900063FCE60263F0C61023AE018E35A003071E
:1093A0003400A147E34C07DC03472400E31807DC43
:1093B00003574400E31407DC0347A400E30E07D877
:1093C00075BB32472398E700239AC700EFF0DF9977
:1093D00045BB9C52BDFB15B583473400E39297D63D
:1093E00083574400E39E07D48347940093F7070212
:1093F000E38807D4EFF0FFACE31405D4C9BB0347FF
:109400003400E31FF7D283574400E39B07D283471E
:10941000940093E70702A304F40083A74190DC4F74
:109420008297032409000DBBDC4E85F3F9B3034793
:1094300004001377F70711EB83574400E39F07DA23
:10944000970700009387678809B7630CF70489477B
:10945000E315F7DA8347540037670040130707C066
:1094600013F6F70093162600BA9693958701984253
:10947000E18563CD05048D66758F83C64184E37AEB
:10948000D6EA93F70707E39607EA5DFB81449389E1
:10949000C190A5B3B3E6C60285FA054723AEE18EB7
:1094A00025B783A709000345540081459C4F829747
:1094B00009E9032409008347A400D9F38344140075
:1094C0002DBB8327090083C4170005BB137707034F
:1094D0006DB7EF92EFC5138401911C4083C68700DE
:1094E0001387E6FF1377D70F1DCF194621476382F5
:1094F000C6042384E70001459775FF1F83C505D681
:10950000EF00B0101840A147034587006318F5002D
:109510008567239CF190C147239BF1905D1513351E
:1095200015006F902FC3EFF03F841C4003C78700E6
:10953000C9B783C6170015476389E60083A7C190A2
:109540009C4782971C4021476DB703C707001377DC
:10955000F7076DF73767004003C5418403C837003C
:10956000130707C081460DC1856521669385F5F017
:10957000130606081C431107ED8FD58FD18F232EBC
:10958000F7FE8506E318D5FE13680808B7670040A4
:1095900023A607C583A741909C53829745B7EF92B6
:1095A0008FB793840191804021490347840093073A
:1095B000E7FF93F7D70F89CB9307D7FF93F7D70F21
:1095C00095CF9D47630EF708230424010145977545
:1095D000FF1F83C5A5C8EF0050039840A14703456E
:1095E00087006318F5008567239CF190C147239B92
:1095F000F1905D15133515006F902FB5184C8357FA
:10960000040131C303564401B5C363E4C70C131905
:109610000601135909014A8502978357040103572C
:109620002401AA89B38727414A97C2074207C18309
:10963000D98F1CC80145EF004079AA854A864E851E
:10964000A523835704018DE79C400356440193866C
:10965000619129EA0D472384E7003E840D49ADB7A7
:1096600083A7C190DC4782978040B9BFA287C5B766
:109670008D6781450145239CF1908D2F835704010F
:109680000357440193866191130600032390C6009B
:1096900063F3E704804091C795472304F40015491C
:1096A00025B7A28719472384E700376700400327BF
:1096B00007C537360020090642074183329706075F
:1096C00023200700130700032390E6003E84194976
:1096D000E5BD3E862DBF9C40B5BF03C841846307EE
:1096E00008023767004085652166130707C0814679
:1096F0009385F5F0130606081C431107ED8FD58FEF
:10970000D18F232EF7FE8506E318D8FE13650508D2
:10971000B767004023A6A7C482808280EF92CF9EC5
:10972000411123170100B767004083A747C4239363
:10973000F18EC207C18763D20726B7640040A56ACD
:10974000056A3169938B618E138C4191138404C037
:109750009389FAF0130BFAF81309F9F8B5A81397DF
:10976000270022971443C206C1822317D1008356D3
:10977000E100C206C18663DF0600FD1714431776B9
:10978000FF1F130626918A07B2979043B3F766012D
:109790001CC302968357E10093F707089DC38347D4
:1097A0000C001776FF1F1306A69013972700229729
:1097B000FD1714438A07B2979043B3F736011CC3D1
:1097C000029683A744C4139707014183C2072390DD
:1097D000EB00C18763D3071C83D70B00BD8B23002D
:1097E000FC00B5FF1C40138D6191938C8191239CEB
:1097F000F19083D7819193F707032310FD0083D75E
:1098000081910D67F98F2390FC00184014409387D5
:10981000FAFB7D8FB3F62601896713470702BD8ED9
:109820002166B3E7E60013060608D18F1CC01C4072
:1098300042071306000293F7070341836380C702C0
:10984000E177938707085D8F420741831306000283
:1098500018C01C4093F70703E39CC7FE1C400D662D
:109860000967F18F6380E702E1779387070833E7A1
:10987000F600420741830D66896618C01C40F18FCF
:10988000E39DD7FE83D70B00C18B638B07101C4071
:1098900013070A80C207C1832317F1008357E10031
:1098A000F98F6398071E8357E100C207C187E3DA87
:1098B00007F083A704C01307FAF8F98F23A0F4C0B8
:1098C000EFF0FFCD83A704C083A504C003D70C002D
:1098D0008566758FA5669386F6FBF58FB1669386D0
:1098E000F6F8F58D19C3B3C5450103D70C00896699
:1098F000758F19C30967B98D03570D00418B19C3C3
:1099000093C7070103570D001377070219C393C7C5
:109910000702A16633E7B700938606083766004062
:10992000558F2320E6C0032706C003560D009396EB
:10993000070193770703C1826384C702E1779387A6
:109940000708DD8EC206C182376700402320D7C0DA
:10995000832707C003560D0093F70703E318F6FEAD
:10996000B767004083A707C003D70C008D66F58F4B
:109970006385E702E1779387070833E6F50042063F
:109980004182376700408D652320C7C0832707C009
:1099900083D60C00ED8FE399D7FE41016F805FFA0B
:1099A000B764004083A704C025641307F4F0F98F5F
:1099B00023A0F4C0EFF0FFB183A704C083A504C0C7
:1099C00003D70C0085661304F4FB758FB16693868C
:1099D000F6F8E18FF58D19C30567B98D03D70C0033
:1099E0008966758F19C30967B98D03570D00418BBF
:1099F00019C393C7070103570D001377070219C353
:109A000093C70702A16633E7B70093860608558F10
:109A1000376600402320E6C0032706C083560D00AA
:109A2000C20713770703C1836305D7026177130762
:109A30000708D98F139707014183B766004023A019
:109A4000E6C083A706C003560D0093F70703E3188B
:109A5000F6FEB767004083A707C003D70C008D66EA
:109A6000F58FE38CE7F2E1779387070833E6F5009B
:109A700042064182376700408D652320C7C0832797
:109A800007C083D60C00ED8FE399F6FE41016F808D
:109A90003FEB83A704C01307FAF8F98F23A0F4C0A3
:109AA000EFF00FE583A704C083A504C003D70C0023
:109AB0008566758FA5669386F6FBF58FB1669386EE
:109AC000F6F8F58D19C3B3C5450103D70C008966B7
:109AD000758F19C30967B98D03570D00418B19C3E1
:109AE00093C7070103570D001377070219C393C7E4
:109AF0000702A16633E7B700938606083766004081
:109B0000558F2320E6C0032706C003560D00939609
:109B1000070193770703C1826384C702E1779387C4
:109B20000708DD8EC206C182376700402320D7C0F8
:109B3000832707C003560D0093F70703E318F6FECB
:109B4000B767004083A707C003D70C008D66F58F69
:109B5000E385E7E4E1779387070833E6F5004206FB
:109B60004182376700408D652320C7C0832707C027
:109B700083D60C00ED8FE399D7FE41016F805FDC47
:109B80000506B7370020BE950586860509CE8347B2
:109B90001500034705007D16A207D98F2390F50015
:109BA000090591056DF682800506B7370020BE9540
:109BB0000586860501CA9C417D1691052310F50096
:109BC000090575FA8280619942054181B7670040B5
:109BD00023A8A7C48280B7670040938707C00A05FF
:109BE0003E951C4165771307F798F98FDD8DC20507
:109BF000C1810CC18280B7670040938707C00A0506
:109C00003E951841E5779387F7FB7D8F420793F7E1
:109C10000501418399C31347070193F7050299C3CF
:109C200013470702E177938707085D8F4207418357
:109C300018C11C4193F70703E39CF5FE8280B767C8
:109C40000040938707C00A053E951841F177938736
:109C5000F7F87D8F85664207B3F7D500418381C74A
:109C6000358F420741838967B3F6F50081C63D8F82
:109C700042074183E177938707085D8F420741835D
:109C800018C11C418D66F58F6387F50018C11C4112
:109C9000F58FE39DB7FE8280B7670040938707C0CA
:109CA0000A053E950841137505038280B767004099
:109CB000938707C00A053E951841F1779387F7F817
:109CC0007D8F42078D6741833D8FE177938707083A
:109CD0005D8F4207418318C11C418D66F58F6387F4
:109CE000D70018C11C41F58FE39DD7FE8280B7676E
:109CF0000040938707C00A053E951C41056713077E
:109D0000F7E0F98F617713070708D98FC207C1837E
:109D10001CC18280B7670040938707C00A053E9543
:109D20001C411167F98F99CB1C4105671307F7F0A8
:109D3000F98F316713070708D98F1CC18280B76775
:109D40000040938707C00A053E951C4193F707041E
:109D500099CB1C4105671307F7F0F98F21671307AB
:109D6000070CD98F1CC18280B767004083A707C545
:109D70000E058581C207C1833E95B73700203E9509
:109D8000060586050CC18280B767004083A707C51A
:109D90000E058581C207C1833E95B7370020910724
:109DA0003E95060586050CC18280B767004003A773
:109DB00007C59317350042074183BA97373700200C
:109DC000BA97860703D507008280B767004003A7CC
:109DD00007C59317350042074183BA9737370020EC
:109DE0001107BA97860703D507008280B76700403E
:109DF00083A707C50E05C207C1833E95B73700206C
:109E000089073E9506050CC18280B767004083A78D
:109E100007C513173500C207C183BA97373700202B
:109E20001907BA971307E0038607637AB70413F795
:109E3000F501958129CFAA052167D98D8CC31DED28
:109E40009767FF1F83C787411307E003637FF7000E
:109E500013F7F701958301E7FD17C207C183617707
:109E6000AA07D98F2394F18E828013F71700333716
:109E7000E0008583BA97AA072394F18E828013F7B6
:109E800015003337E0008581BA95AA0545BFFD1559
:109E9000C205C1814DB7B767004003A707C5931737
:109EA000350042074183BA97373700201907BA9720
:109EB000860788431375F53F8280931785002181BB
:109EC0005D8D42054181828037670040F177232212
:109ED00007C4938707F02394F190B167938707F045
:109EE0002320F7C401458280EF829FA49374F50775
:109EF0001314060126852E894180EFF01FEBAA85F9
:109F000022864A85EFF0DFC72685A285EFF01FEE97
:109F100001456F803FA4EF82BFA19374F5072685AA
:109F20002E89EFF05FF72A842685EFF01FEAAA85D5
:109F300022864A85EFF05FC722856F80BFA101A00E
:109F40009771FF1F938101B217B1FF1F1301810B9E
:109F500017150000130545DE9765FF1F9385850AD9
:109F60001386018663FAC5008322050023A05500ED
:109F700011059105E3EAC5FE138501869785FF1F4C
:109F8000938545086377B500232005001105E36D2F
:109F9000B5FEFD42739002BC8D42739042809302E5
:109FA0008008739002309792FFFF9382E28593E2DC
:109FB000320073905230EF70801997E2FFFF938266
:109FC00002F5739012347300203001476314E600E9
:109FD00001458280B307E5000507B386E50083C726
:109FE000070083C6F6FFE383D7FE3385D740828020
:109FF00055550000000000FF03FDD41401170000B8
:10A0000031353039332D30360000000036373130ED
:10A0100041000000A2A3FFFFF0A1FFFF04A2FFFF89
:10A02000F0A1FFFFF0A1FFFFF0A1FFFFF0A1FFFFF4
:10A03000F0A1FFFFF0A1FFFFF0A1FFFFF0A1FFFFE4
:10A04000F0A1FFFFF0A1FFFFF0A1FFFFF0A1FFFFD4
:10A05000F0A1FFFFF6A2FFFF08A3FFFF68A2FFFF2A
:10A06000F0A1FFFFF0A1FFFFF0A1FFFFF0A1FFFFB4
:10A07000F0A1FFFFF0A1FFFFF0A1FFFFF0A1FFFFA4
:10A08000F0A1FFFFF0A1FFFFF0A1FFFFF0A1FFFF94
:10A09000F0A1FFFF6EA2FFFFAAA2FFFFCAA2FFFF6F
:10A0A000F0A1FFFF3CA3FFFF5AA3FFFFF0A1FFFFBA
:10A0B000F0A1FFFFF0A1FFFFF0A1FFFFF0A1FFFF64
:10A0C000F0A1FFFFF0A1FFFFF0A1FFFFF0A1FFFF54
:10A0D000F0A1FFFFF0A1FFFF7CA3FFFF8EA3FFFF16
:10A0E000F0A1FFFFF0A1FFFFF0A1FFFFF0A1FFFF34
:10A0F000F0A1FFFFF0A1FFFFF0A1FFFFF0A1FFFF24
:10A10000F0A1FFFFF0A1FFFFF0A1FFFFF0A1FFFF13
:10A11000F0A1FFFFF0A1FFFF1AA3FFFFF0A1FFFFD7
:10A12000F0A1FFFFF0A1FFFFF0A1FFFFF0A1FFFFF3
:10A13000F0A1FFFFF0A1FFFFF0A1FFFFF0A1FFFFE3
:10A14000F0A1FFFFF0A1FFFFF0A1FFFFF0A1FFFFD3
:10A15000F0A1FFFFF0A1FFFF20A3FFFF3833372D51
:10A160003135333936000000243CBA36E385A4D0BB
:10A17000934373B9706EC9F1100E9B2C97E70B6374
:10A180006C2920FE86F3E1F5F69FB616047B8FABB3
:10A19000B1392A1BEB5CA8AC3811125F893E7DCA2D
:10A1A000EC53DB6D1ED281789646FFF9541C287A59
:10A1B0004FD3C0DCC16AF2BCCB57FD4AE4F0B2C752
:10A1C0009540625241E2AD49A6B51F02C8DA92E558
:10A1D000B0C564764821DE0F45584CDFA784CFD543
:10A1E000154E27806B7FFC44714722DD300CA13B6C
:10A1F000E037A03523903274BF8DC2EAD650BBD968
:10A20000C483B43168558B5DF47218B7EFF7982D9D
:10A21000010361CC0A8E1300E814AF095175A52F14
:10A220001D0D658ACD66073D05D84BE99D997C914A
:10A23000D1B819C32B426988C679173A4D5BA25A27
:10A24000FB253FBDF8EDCEE687A326A92EBE9408D8
:10A250007E67608C9C5E6FB39E06FA82AEEE597785
:10A26000D71A9A34D456AA33F9817C00B93037D53D
:10A2700090516EF0B206FBCD39145FF81BC74A82CD
:10A28000708C921DEAC34EC812E6B610D32F958487
:10A290002542A572E58F55EF86A253AEED262047E5
:10A2A000DE786828E445CC35BC3EBB8EC0BE34AFFA
:10A2B000A60964017B44F5F3B13FA4B33280C94FD2
:10A2C0006F40BF214C74E1115EEB3D712E9D6275B4
:10A2D000D41648771367AD6B5D0787F7A89A597650
:10A2E0008B9B1ED8EEAAE9992DC597F1A783FCCACE
:10A2F000DCBAB84BE88917050BA06523D1CE36032D
:10A30000D7E0F291DF0E9C2C0D66D673585CB40A30
:10A310004DC23BD2B7E2AC33DB6027BD56432404C9
:10A32000028D7D7FF6B5F4FDDD5BEC79C4221FA1C3
:10A330008854E71998947E31A329E35ACB6AB0CFA9
:10A340006D936C7A08A93C1CD06350C68538C14116
:10A3500049AB61522A9FD9181A57462B69DAFAFF7E
:10A360000F15963A8AFE9E0C11A29AC394A0510131
:10A370005BF7D130EE1F06D57767D3C16EE76A1A57
:10A38000A48E9F6566D60C2DC6E469B7565A5760F1
:10A39000FC791EE11652F007D0CDCA78C98BB3887C
:10A3A00027F6E0C084CF2FA304008040A7FA759D54
:10A3B0004B89462228373413FF20B4DA08266C8FE5
:10A3C000F25D7B735C4C9071418A9EBB12E8556DC7
:10A3D0002A254AAFBD9519A531BAADD9C5A66B835B
:10A3E000C4B6A9CCF9A1B17ADCC7DB2E7E7F8D4E35
:10A3F000620F0339FDB8D418C2EC6102531C3B7DD7
:10A40000BC1D59F58C98F16F9385F82C74D85E4D6E
:10A4100097AB87820A21425F0D5833443ADDE9FB4E
:10A420005047C8D7819BE51B1754862BEFF4293280
:10A430000E7C2315EBE63C35E296683F0B43CEDEFF
:10A440009CBE4F457276B510E3DF92D2A84891B911
:10A45000ACBF49B2996470EAF33E6314AEEDAA242E
:10A46000FE3DCBB009383605C4F02849554AF5FD04
:10A4700075AF2069C843866BC9A8C6544CDD025B22
:10A48000E89B597734D7C0515FF37ED4F19081CEE9
:10A49000198A7833CD978CD66A4B8FA480DC1A1733
:10A4A00014C5078766AD9D85B2F88D98DF3E1F3FC6
:10A4B000645840AC6C5C085D53BAFFD2A92C25AB44
:10A4C000E432389AF9CBC29167D0E322292D924821
:10A4D000B40E9905A36F0A15EFD5104FD8F600E614
:10A4E000462B31578394AE03EB8E1324A11E5ED10D
:10A4F00026D9A7CA366E7137EEB1FA7C7606B82334
:10A50000BE21BC9EC1DA7A3B62277BB0E56318822C
:10A510007F0FEDA02A9CBF11BDE0880D3A795256FD
:10A52000F7B6D309161B70B342602F1CA29F72129C
:10A530004547BBE10B018B1DDEEC0C4EE9CFCC9502
:10A5400074F4A593C7DB4DFB3565FEE739B5EA9694
:10A55000C304414484FC6D30E2F268B7897D733DE9
:10A56000B95A50A63C61AA2E1A599CADC8E41154A0
:10A57000ED370F3AE65F3C4BB81589B1E8DA6977F9
:10A5800091568BDB0624CF18F8B087DF8C35CB864D
:10A59000539DA4664A7A710A4838FFDC8320CE981E
:10A5A00032F6D7AF705E738A14721EC1297907081C
:10A5B000E94346D02FDE2A4F3D2C50B375FC0B6487
:10A5C000AE317B61A530A093D2BEC255BA6CF362A6
:10A5D00068FDAC3B95491F6BB485F7A603EC6E9AFA
:10A5E00081090C6AEE9E4EF0AB2D7EA1E1BBC9BC89
:10A5F00041F2FA2E1BDD2734D36004B501D640F9B1
:10A60000D50247D9D8E08F2BFBB7C5EB5716E578B5
:10A610008DF400CD8239C696BDBFE336450E261DAA
:10A6200063E7843EB69B22A3F58E236DC3997D908C
:10A6300097102580D44CE274CCB25C33C7EA051283
:10A640003F51A8FEF11C42CAD176286F92A767A994
:10A6500019A2445BAAEF587F21C08865B95D4D0DF2
:10A660005AC413527C9F9417C72B82615BD0968487
:10A67000D34A70A19B59339FC02014532917C50B8F
:10A68000C97B97020D3A1E7C3F6B52E8753DF6E49C
:10A690000C8A4FC35F2665733123284874AAA736F6
:10A6A00009B1E291045122FC08A605A4F1121C197B
:10A6B000EB4037C2A0411DD4DC07438F47AFD12EFA
:10A6C00098AB01BAF06668ACF9E769B6CB8D7887CC
:10A6D0001503D5DFA31A9D6AEA2F944E9E42D7B880
:10A6E0003892D8BBDEDD9ABCB04C79F4583EE98391
:10A6F00081FFE355FD5DB2EF9C6D549960DA3BEC50
:10A70000FA11D6C42AED4BAE13BFB9068BE01F7FFA
:10A710005AAD90390FF3BD466C2CF2F8FED9E672B3
:10A720000E89BE5EC6A8CFF5577E8CB7E1887AC881
:10A730001B18DB6F35D216326463A58EF7B476959D
:10A74000867DE5A95C8500C1934DFB30A2B525341B
:10A7500010773C67712D4445560A50B3CD6280CEC8
:10A76000214924CAEE276ECCA5B06DB251551FBF4A
:10A770003E8DDD1992EA1BBD326529A48967B1902F
:10A780006800DA0DA65954F210142F45E03B23FA65
:10A79000D750AC93E643010A5C78709846A97BF3E6
:10A7A00095072AD374B33FA36082394E3448C01C46
:10A7B000F6C291644D3CF89D359A94E37AF0F96EB7
:10A7C000B912B8042D02281385728087DB2BF14F54
:10A7D00026A2E1497E9CCCA7B6A0D09B3677AD8B54
:10A7E0006B4A031D058A064BAFE531B5D4C60C662E
:10A7F000BA83FD090FAE71B76FDC41E8178E407F59
:10A800006230FFA88425FB16CE3744AB991EEB18A7
:10A810003A47F75F81CFED582C6CFE9E5753972037
:10A82000CA791A5A88F5699FE7D90EBE42DF56E405
:10A830004C22AA730B15C5EEFCC7D6CBCD8CE276A5
:10A8400021E9D1ECC87DD88F617C2EBCDEB475D2F5
:10A85000C4633DA15E5D6A0824C927BBEF33865BF4
:10A86000D5385211F4C396C1345ADB2C5957122BE8
:10A8700030C2A092BFEDBC45DE279B96D3E6C5EB68
:10A88000D8244BA421CCA8D6CE3CBAB109E0D7320B
:10A89000664A831D19CA89670F420771E9BB445E86
:10A8A0008517C4AE9C3F6B78E76D02A7FE33E3D9F2
:10A8B0000A7DEAF118877B6203795223003E25B9AD
:10A8C000DD16683B1F90A62AC629918A9DEF1E843B
:10A8D00076EE4F39FB111B0B93AD49B705E14DCB1C
:10A8E000E838D055F2F70D8B65CDFAD49EC9814E6C
:10A8F00014C826B6F9AAF580F86A98AB58F3B88E52
:10A90000B5974372A2DA64C1405C13B0E5BD089FFD
:10A910001C7E8F06BE6E501A2F37A1FC102E70536E
:10A9200004206348E2FD6F7A7561B3353ACF5B88E6
:10A930008251D247A5A9746C31947C9AC0EC150E53
:10A9400028012DC3F0B4E48DDCAC3D5F86C79522B1
:10A95000F4B2A35446D1778C0CFFAF565D36697FB5
:10A96000994CD56073DF41F604DA79631EBDEAE3E2
:10A970000B652501CDA992ED187557308903096A39
:10A98000DCC798A450911FB10C778566CA121C676A
:10A99000C2E01783599DD5228256A89FC66048B34E
:10A9A00011FCA328FB06DD5DBA297A4FE8FEE91009
:10A9B000CBF3937B6C6954E744A2841D8DCEFFFAE0
:10A9C0001A879074A1F814AABCC0CF31B4D9BFD8EB
:10A9D0005E262DD0E43F19D68C2FAB3958726EDF2E
:10A9E0003BE63CB66288DE40B28F9B7C9543D19EAD
:10A9F000AC9CD423E10E4B5333462013341B97F702
:10AA0000F1C3614A6F5A217F702E554105C5D77633
:10AA1000E52715EC425C4D78358BEFD2EEB5BEAE36
:10AA2000023AD35FC424F0F9514EEB000FFDAF3E64
:10AA3000C19A528681807EF62BCCB97D68F2AD99A1
:10AA4000A7072C7338B06BB78E71A0F43DA60D37F5
:10AA5000DB0A473616966D322A5BE24594F5A54C23
:10AA6000C88A4964BB08C9B80CA4FFFFD6A4FFFF7D
:10AA7000B2A4FFFF8EA4FFFF5CA4FFFF0CA4FFFFA6
:10AA80000CA4FFFF0CA4FFFF0CA4FFFF0CA4FFFF0E
:10AA90000CA4FFFF0CA4FFFF0CA4FFFF0CA4FFFFFE
:10AAA0000CA4FFFF0CA4FFFF3EA4FFFFB6A4FFFF12
:10AAB000A8A5FFFFC8A3FFFFC8A3FFFFC8A3FFFF10
:10AAC000C8A3FFFFC8A3FFFFC8A3FFFFC8A3FFFFE2
:10AAD000C8A3FFFFC8A3FFFFC8A3FFFFC8A3FFFFD2
:10AAE000C8A3FFFFC8A3FFFFC8A3FFFF88A5FFFF00
:10AAF00068A5FFFFC8A3FFFFC8A3FFFFC8A3FFFF10
:10AB0000C8A3FFFFC8A3FFFFC8A3FFFFC8A3FFFFA1
:10AB1000C8A3FFFFC8A3FFFFC8A3FFFFC8A3FFFF91
:10AB2000C8A3FFFFC8A3FFFFC8A3FFFF4CA5FFFFFB
:10AB30001CA5FFFFC8A3FFFFC8A3FFFFC8A3FFFF1B
:10AB4000C8A3FFFFC8A3FFFFC8A3FFFFC8A3FFFF61
:10AB5000C8A3FFFFC8A3FFFFC8A3FFFFC8A3FFFF51
:10AB6000C8A3FFFFC8A3FFFFC8A3FFFFD2A4FFFF36
:10AB700017141613151211100F0E0D0C0B0A0908DD
:10AB8000070600000000001600070009003300005F
:10AB9000000D000E000F000400140013003A003BEB
:10ABA0000000003C000000010020001001400000F7
:10ABB00000020201018003800340012001020040E5
:10ABC0000000000048B2FFFF70B2FFFF3AB3FFFF82
:10ABD00046B3FFFF70B2FFFF82B2FFFFB6B2FFFFC6
:10ABE000B6B2FFFF82B2FFFFE6B2FFFF52B3FFFF34
:10ABF000BEB9FFFF34BDFFFF28BDFFFFF8BCFFFF5C
:10AC0000CEBCFFFF18BCFFFFB6BBFFFF40BBFFFF82
:10AC1000FEBAFFFFACBAFFFF42BAFFFF001D3A27A2
:10AC200074694E53E8F5D2CF9C81A6BBCDD0F7EA2C
:10AC3000B9A4839E25381F02514C6B76879ABDA01C
:10AC4000F3EEC9D46F7255481B06213C4A57706D0C
:10AC50003E230419A2BF9885D6CBECF1130E2934FC
:10AC6000677A5D40FBE6C1DC8F92B5A8DEC3E4F9EC
:10AC7000AAB7908D362B0C11425F78659489AEB3DC
:10AC8000E0FDDAC77C61465B0815322F5944637ECC
:10AC90002D30170AB1AC8B96C5D8FFE2263B1C01BC
:10ACA000524F6875CED3F4E9BAA7809DEBF6D1CCAC
:10ACB0009F82A5B8031E3924776A4D50A1BC9B869C
:10ACC000D5C8EFF24954736E3D20071A6C71564B8C
:10ACD0001805223F8499BEA3F0EDCAD735280F127C
:10ACE000415C7B66DDC0E7FAA9B4938EF8E5C2DF6C
:10ACF0008C91B6AB100D2A3764795E43B2AF88955C
:10AD0000C6DBFCE15A47607D2E3314097F6245584B
:10AD10000B16312C978AADB0E3FED9C4CADEFFFF13
:10AD2000D6DEFFFF08DFFFFF16DFFFFF74DEFFFF49
:04AD300096DEFFFFAD
:10AD340000000000010203040102030406070809DD
:10AD4400000000FF00000000000000000000000000
:10AD54000000000000000000CE6F0000B270000090
:10AD64000C7100004A7500000000000000000000A3
:10AD740001020304060708093203300030003000E2
:10AD8400300030003000300030003000300030003F
:10AD9400300030003000300030003000300030002F
:10ADA400300030003000300030000000120110018B
:10ADB400EF02011000000000000001020301000086
:10ADC400C08000004A810000CA81000006810000A2
:10ADD4001A9700001A9700001A970000BE8000001E
:10ADE40070810000F0810000048100001A970000C7
:10ADF4001A9700001A9700001218010009000000B9
:10AE04003218010009000000901401001001000034
:10AE1400741401001B0000006C17010010000000F6
:10AE24006C170100100000006C17010010000000F6
:10AE34006C17010010000000601701000A000000F8
:10AE440000000000000000000000000000000000FE
:10AE54000000000000000000381701002600000078
:10AE6400181701001E000000000000000000000090
:10AE74000000000000000000480000203200000034
:10AE840000000000000000000000000000000000BE
:10AE94000000000000000000001701001600000080
:10AEA400000000000000000000000000000000009E
:10AEB400000000000000000044160100BA00000079
:10AEC400000000000000000000000000000000007E
:10AED4000000000000000000241601001E00000015
:10AEE4001016010014000000000000000000000023
:10AEF4000000000000000000EC150100220000002A
:10AF0400D41501001800000000000000000000003B
:10AF14000000000000000000B41501001E00000045
:10AF2400A015010014000000000000000000000053
:10AF340000000000000000001A97000026850000B1
:10AF44001A9700001A9700001A970000708A0000F0
:10AF54001A97000040850000388500002486000010
:10AF640080860000728A00006E8A00006C850000F2
:10AF7400F2850000428500004E89000056890000D9
:10AF84005E890000000000001000000000000000C6
:10AF94000204060800C20100000008FFFF050000CB
:10AFA400FFFFFFFF050000001807002000F800085D
:10AFB400FFFF000022000000400000800108FF00A5
:10AFC400004495087C170100CD0000007C0000209F
:10AFD400120000000F01000001000000000000004A
:10AFE4007274707648000000050000000000000044
:10F80000C027090000000101010000000000000005
:10F8100000000000000000000000000000000000E8
:10F8200000000000000000000000000000000000D8
:10F8300000000000000000000000000000000000C8
:10F8400000000000000000000000000000000000B8
:10F8500000000000000000000000000000000000A8
:10F860000000000000000000000000000000000098
:10F870000000000000000000000000000000000088
:10F880000000000000000000000000000000000078
:10F890000000000000000000000000000000000068
:10F8A0000000000000000000000000000000000058
:10F8B0000000000000000000000000000000000048
:10F8C0000000000000000000000000000000000038
:10F8D0000000000000000000000000000000000028
:10F8E0000000000000000000000000000000000018
:10F8F0000000000000000000000000000000000008
:10F9000000000000000000000000000000000000F7
:10F9100000000000000000000000000000000000E7
:10F9200000000000000000000000000000000000D7
:10F9300000000000000000000000000000000000C7
:10F9400000000000000000000000000000000000B7
:10F9500000000000000000000000000000000000A7
:10F960000000000000000000000000000000000097
:10F970000000000000000000000000000000000087
:10F980000000000000000000000000000000000077
:10F990000000000000000000000000000000000067
:10F9A0000000000000000000000000000000000057
:10F9B0000000000000000000000000000000000047
:10F9C0000000000000000000000000000000000037
:10F9D0000000000000000000000000000000000027
:10F9E0000000000000000000000000000000000017
:10F9F0000000000000000000000000000000000007
:10FA000000000000000000000000000000000000F6
:10FA100000000000000000000000000000000000E6
:10FA200000000000000000000000000000000000D6
:10FA300000000000000000000000000000000000C6
:10FA400000000000000000000000000000000000B6
:10FA500000000000000000000000000000000000A6
:10FA60000000000000000000000000000000000096
:10FA70000000000000000000000000000000000086
:10FA80000000000000000000000000000000000076
:10FA90000000000000000000000000000000000066
:10FAA0000000000000000000000000000000000056
:10FAB0000000000000000000000000000000000046
:10FAC0000000000000000000000000000000000036
:10FAD0000000000000000000000000000000000026
:10FAE0000000000000000000000000000000000016
:10FAF0000000000000000000000000000000000006
:10FB000000000000000000000000000000000000F5
:10FB100000000000000000000000000000000000E5
:10FB200000000000000000000000000000000000D5
:10FB300000000000000000000000000000000000C5
:10FB400000000000000000000000000000000000B5
:10FB500000000000000000000000000000000000A5
:10FB60000000000000000000000000000000000095
:10FB70000000000000000000000000000000000085
:10FB80000000000000000000000000000000000075
:10FB90000000000000000000000000000000000065
:10FBA0000000000000000000000000000000000055
:10FBB0000000000000000000000000000000000045
:10FBC0000000000000000000000000000000000035
:10FBD0000000000000000000000000000000000025
:10FBE0000000000000000000000000000000000015
:10FBF0000000000000000000000000000000000005
:10FC000000000000000000000000000000000000F4
:10FC100000000000000000000000000000000000E4
:10FC200000000000000000000000000000000000D4
:10FC300000000000000000000000000000000000C4
:10FC400000000000000000000000000000000000B4
:10FC500000000000000000000000000000000000A4
:10FC60000000000000000000000000000000000094
:10FC70000000000000000000000000000000000084
:10FC80000000000000000000000000000000000074
:10FC90000000000000000000000000000000000064
:10FCA0000000000000000000000000000000000054
:10FCB0000000000000000000000000000000000044
:10FCC0000000000000000000000000000000000034
:10FCD0000000000000000000000000000000000024
:10FCE0000000000000000000000000000000000014
:10FCF0000000000000000000000000000000000004
:10FD000000000000000000000000000000000000F3
:10FD100000000000000000000000000000000000E3
:10FD200000000000000000000000000000000000D3
:10FD300000000000000000000000000000000000C3
:10FD400000000000000000000000000000000000B3
:10FD500000000000000000000000000000000000A3
:10FD60000000000000000000000000000000000093
:10FD70000000000000000000000000000000000083
:10FD80000000000000000000000000000000000073
:10FD90000000000000000000000000000000000063
:10FDA0000000000000000000000000000000000053
:10FDB0000000000000000000000000000000000043
:10FDC0000000000000000000000000000000000033
:10FDD0000000000000000000000000000000000023
:10FDE0000000000000000000000000000000000013
:10FDF0000000000000000000000000000000000003
:10FE000000000000000000000000000000000000F2
:10FE100000000000000000000000000000000000E2
:10FE200000000000000000000000000000000000D2
:10FE300000000000000000000000000000000000C2
:10FE400000000000000000000000000000000000B2
:10FE500000000000000000000000000000000000A2
:10FE60000000000000000000000000000000000092
:10FE70000000000000000000000000000000000082
:10FE80000000000000000000000000000000000072
:10FE90000000000000000000000000000000000062
:10FEA0000000000000000000000000000000000052
:10FEB0000000000000000000000000000000000042
:10FEC0000000000000000000000000000000000032
:10FED0000000000000000000000000000000000022
:10FEE0000000000000000000000000000000000012
:10FEF0000000000000000000000000000000000002
:10FF000000000000000000000000000000000000F1
:10FF100000000000000000000000000000000000E1
:10FF200000000000000000000000000000000000D1
:10FF300000000000000000000000000000000000C1
:10FF400000000000000000000000000000000000B1
:10FF500000000000000000000000000000000000A1
:10FF60000000000000000000000000000000000091
:10FF70000000000000000000000000000000000081
:10FF80000000000000000000000000000000000071
:10FF90000000000000000000000000000000000061
:10FFA0000000000000000000000000000000000051
:10FFB0000000000000000000000000000000000041
:10FFC0000000000000000000000000000000000031
:10FFD0000000000000000000000000000000000021
:10FFE0000000000000000000000000000000000011
:10FFF0000000000000000000000000000000000001
:020000021000EC
:1000000037177A001307072083A70183B3D7E702C6
:100010001307803E93F7F70F3387E7022381F186BA
:100020002390E186828023A2A18682801387819318
:10003000138641C310C33706800250C3138641B9EB
:1000400050C7138641A59306000250CB1386419DED
:100050009387C1912314D7002305070023180700B5
:1000600010CF138741BB98C337078003D8C31387CA
:1000700041B7D8C7138741A1D8CB138741952394A3
:10008000D700238507002398070098CF8280EF22AE
:100090009F8801112A89AE842145854502C202C488
:1000A00002C602C802CA02CC02CEEF300FDF85457D
:1000B00037052000EF304FE037140140714A8D4979
:1000C0004C00130504C0930700042312F10052C62C
:1000D0004EC4EF300F804C00130504C09307000896
:1000E0002312F10052C64EC4EF20BFFEB707FFBF78
:1000F000375400403ECA930700400C0813050440E3
:10010000231DF1009167231EF1004AC8231C9100B2
:10011000EF30EF95130504408545EF300FA7854577
:1001200013050440EF30AFAC05616F201F8261659D
:1001300089451305056AA1BFEF228FFF9128EF00C3
:10014000F0609387C15505472380E700130700F847
:100150002381E70013070004238FE7000D671307CF
:10016000070813841182A38007002390E702EF5051
:100170006FBF03450400EF707FAA95451755FFFF39
:1001800013058510EF703FA12300A4006F208FFCA2
:10019000EF220FFA411185453145EF300FD037146A
:1001A0000140C1440D494C0013050480BD47231292
:1001B000F10026C64AC4EF20DFF14C00130504C04D
:1001C000930700402312F10026C64AC4EF207FF0B7
:1001D00093078003130980044C00130504C0231205
:1001E000F1004AC6EF20FFEE4C00130504802312F5
:1001F00091004AC6EF20FFED93050040130504C0AF
:10020000EF30EF8341016F20EFF4EF226FF293059F
:10021000401F1705000013052554EF701F9C930520
:10022000803E1705000013058571EF701F9B930535
:10023000C05D1705000013052534EF701F9A930564
:10024000007D170500001305C514EF701F99856523
:10025000938585BB171500001305658CEF70FF971C
:100260006F204FEFEF22CFEC93848189A38C01881C
:10027000A686BD470145755603C706008506331798
:10028000F700F517598DE399C7FE1384018A08C05A
:10029000EF402FE1A38D018893868189BD470145F9
:1002A000755603C7060085063317F700F517598DF5
:1002B000E399C7FE08C0EF40CFDEA38E0188938686
:1002C0008189BD470145755603C70600850633176A
:1002D000F700F517598DE399C7FE08C0EF406FDCB2
:1002E000238C018893868189BD470145755603C7D4
:1002F000060085063317F700F517598DE399C7FEF9
:1003000008C0EF400FDA238D018893868189BD47AD
:100310000145755603C7060085063317F700F51724
:10032000598DE399C7FE08C0EF40AFD7238E0188EF
:10033000BD470145F55603C7040085043317F70090
:10034000F517598DE399D7FE08C0EF408FD51306F6
:1003500080349305D0021715FF1F13058510EF2079
:10036000EFE3130680349305D0021715FF1F130522
:1003700075D5EF20AFE2130680349305D002171530
:10038000FF1F1305D547EF206FE16F20AFDCEF2291
:100390002FDA938781891D47BE84A380E7003E89B9
:1003A000BE860145BD47755603C70600850633174F
:1003B000F700F517598DE399C7FE1384018A08C029
:1003C000EF402FCE9D47A301F90013898189CA868A
:1003D000BD470145755603C7060085063317F7006C
:1003E000F517598DE399C7FE08C0EF408FCB9D47A5
:1003F000A302F90013898189CA86BD470145755654
:1004000003C7060085063317F700F517598DE399E2
:10041000C7FE08C0EF40EFC89D472300F9001389CD
:100420008189CA86BD470145755603C70600850602
:100430003317F700F517598DE399C7FE08C0EF4051
:100440004FC69D472301F90013898189CA86BD479C
:100450000145755603C7060085063317F700F517E3
:10046000598DE399C7FE08C0EF40AFC39D472302F3
:10047000F9000145BD47F55603C70400850433174D
:10048000F700F517598DE399D7FE08C0EF406FC10B
:100490001716FF1F1306C6C2370800019716FF1F65
:1004A0009386A6FD9718FF1F9388A831B2857D1803
:1004B000138786FE1385953BB307E540B357F800D5
:1004C000858BFD1793F7A7FB938737072300F7006A
:1004D0000507E393E6FEE106E105E39B16FD370819
:1004E00000019716FF1F938676BF9718FF1F93880A
:1004F00078F39715FF1F9385A5BC7D18138786FE9B
:100500001385C501B307E540B357F800858BFD1788
:1005100093F7A7FB938737072300F7000507E3133B
:10052000D7FE93068701E105E39A16FD3705000122
:100530009716FF1F9386362E1718FF1F1308386271
:100540007D15138786FE93056675B387E540B3571F
:10055000F500858BFD1793F7A7FB938737072300DB
:10056000F7000507E393E6FEE1066106E31BD8FC0E
:100570006F204FBEEF22CFBB938781890547BE8492
:10058000A380E7003E89BE860145BD47755603C777
:10059000060085063317F700F517598DE399C7FE56
:1005A0001384018A08C0EF40CFAF8547A301F9004B
:1005B00013898189CA86BD470145755603C7060060
:1005C00085063317F700F517598DE399C7FE08C064
:1005D000EF402FAD8547A302F90013898189CA86B0
:1005E000BD470145755603C7060085063317F7005A
:1005F000F517598DE399C7FE08C0EF408FAA8547CC
:100600002300F90013898189CA86BD4701457556C3
:1006100003C7060085063317F700F517598DE399D0
:10062000C7FE08C0EF40EFA785472301F9001389F3
:100630008189CA86BD470145755603C706008506F0
:100640003317F700F517598DE399C7FE08C0EF403F
:100650004FA585472302F9000145BD47F55603C75D
:10066000040085043317F700F517598DE399D7FE79
:1006700008C0EF400FA31716FF1F130666A49716B6
:10068000FF1F938686DF9718FF1F93888813B28514
:100690001308F00F138786FE1385953BB307E540DB
:1006A000B357F800858BFD1793F7A7FB93873707A0
:1006B0002300F7000507E393E6FEE106E105E39B6F
:1006C00016FD9716FF1F938676A19718FF1F938834
:1006D00078D59715FF1F9385A59E1308F00F1387F4
:1006E00086FE1385C501B307E540B357F800858B37
:1006F000FD1793F7A7FB938737072300F70005073C
:10070000E313D7FE93068701E105E39A16FD9716DA
:10071000FF1F938656101718FF1F13085844130520
:10072000F00F138786FE93056675B387E540B357D0
:10073000F500858BFD1793F7A7FB938737072300F9
:10074000F7000507E393E6FEE1066106E31BD8FC2C
:100750006F204FA0EF22CF9D938781891147BE84E0
:10076000A380E7003E89BE860145BD47755603C795
:10077000060085063317F700F517598DE399C7FE74
:100780001384018A08C0EF40CF919147A301F9007B
:1007900013898189CA86BD470145755603C706007E
:1007A00085063317F700F517598DE399C7FE08C082
:1007B000EF402F8F9147A302F90013898189CA86E0
:1007C000BD470145755603C7060085063317F70078
:1007D000F517598DE399C7FE08C0EF408F8C9147FC
:1007E0002300F90013898189CA86BD4701457556E2
:1007F00003C7060085063317F700F517598DE399EF
:10080000C7FE08C0EF40EF8991472301F900138923
:100810008189CA86BD470145755603C7060085060E
:100820003317F700F517598DE399C7FE08C0EF405D
:100830004F8791472302F9000145BD47F55603C78D
:10084000040085043317F700F517598DE399D7FE97
:1008500008C0EF400F851716FF1F13066686416814
:100860009716FF1F938666C19718FF1F938868F538
:10087000B285130808F0138786FE1385953BB307EE
:10088000E540B357F800858BFD1793F7A7FB9387D7
:1008900037072300F7000507E393E6FEE106E105CD
:1008A000E39B16FD41689716FF1F938636839718C2
:1008B000FF1F938838B79715FF1F9385658013082E
:1008C00008F0138786FE1385C501B307E540B357CB
:1008D000F800858BFD1793F7A7FB93873707230055
:1008E000F7000507E313D7FE93068701E105E39AB6
:1008F00016FD41659716FF1F9386F6F11718FF1F27
:100900001308F825130505F0138786FE9305667511
:10091000B387E540B357F500858BFD1793F7A7FB29
:10092000938737072300F7000507E393E6FEE10608
:100930006106E31BD8FC6F20EF81EF127FFF9387E6
:1009400081890947BE84A380E7003E89BE860145B0
:10095000BD47755603C7060085063317F700F51720
:10096000598DE399C7FE1384018A08C0EF307FF3E5
:100970008947A301F90013898189CA86BD470145CA
:10098000755603C7060085063317F700F517598D0E
:10099000E399C7FE08C0EF30DFF08947A302F900F2
:1009A00013898189CA86BD470145755603C706006C
:1009B00085063317F700F517598DE399C7FE08C070
:1009C000EF303FEE89472300F90013898189CA86F9
:1009D000BD470145755603C7060085063317F70066
:1009E000F517598DE399C7FE08C0EF309FEB894793
:1009F0002301F90013898189CA86BD4701457556CF
:100A000003C7060085063317F700F517598DE399DC
:100A1000C7FE08C0EF30FFE889472302F90001450F
:100A2000BD47F55603C7040085043317F700F517D3
:100A3000598DE399D7FE08C0EF30BFE61706FF1FB8
:100A4000130606689716FF1F938626A39718FF1FA5
:100A5000938828D7B2853708FF00138786FE138551
:100A6000953BB307E540B357F800858BFD1793F727
:100A7000A7FB938737072300F7000507E393E6FEFC
:100A8000E106E105E39B16FD9706FF1F93861665B9
:100A90009718FF1F938818999705FF1F9385456244
:100AA0003708FF00138786FE1385C501B307E540AD
:100AB000B357F800858BFD1793F7A7FB938737078C
:100AC0002300F7000507E313D7FE93068701E1052E
:100AD000E39A16FD9716FF1F9386F6D31718FF1F8C
:100AE0001308F8073705FF00138786FE9305667520
:100AF000B387E540B357F500858BFD1793F7A7FB48
:100B0000938737072300F7000507E393E6FEE10626
:100B10006106E31BD8FC6F10FFE3EF127FE19387C0
:100B200081891147BE84A380E7003E89BE860145C6
:100B3000BD47755603C7060085063317F700F5173E
:100B4000598DE399C7FE1384018A08C0EF307FD521
:100B50008947A301F90013898189CA86BD470145E8
:100B6000755603C7060085063317F700F517598D2C
:100B7000E399C7FE08C0EF30DFD28547A302F90032
:100B800013898189CA86BD470145755603C706008A
:100B900085063317F700F517598DE399C7FE08C08E
:100BA000EF303FD091472300F90013898189CA862D
:100BB000BD470145755603C7060085063317F70084
:100BC000F517598DE399C7FE08C0EF309FCD8947CF
:100BD0002301F90013898189CA86BD4701457556ED
:100BE00003C7060085063317F700F517598DE399FB
:100BF000C7FE08C0EF30FFCA85472302F900014550
:100C0000BD47F55603C7040085043317F700F517F1
:100C1000598DE399D7FE08C0EF30BFC81706FF1FF4
:100C20001306064A41689716FF1F93860685971894
:100C3000FF1F938808B9B2857D18138786FE138538
:100C4000953BB307E540B357F800858BFD1793F745
:100C5000A7FB938737072300F7000507E393E6FE1A
:100C6000E106E105E39BD8FC41659706FF1F9386EB
:100C7000F6461708FF1F1308F87A7D15138786FEBE
:100C80009305C601B387E540B357F500858BFD1783
:100C900093F7A7FB938737072300F7000507E39334
:100CA000E6FEE1066106E39B06FD1306803493052C
:100CB000D0021715FF1F130595B4EF103FCE6F102C
:100CC0007FC9EF12FFC6397185450945EF20DF9EC8
:100CD00085452145EF207F9C85451145EF20FF9BF1
:100CE00085450545EF209F993714014061498544AA
:100CF0002C00130504C08D472314F1004AC826C6F2
:100D0000EF202FBD930700042C001305048023144B
:100D1000F100370400404AC826C6EF208FBB1305F8
:100D20000440EF20BFB50546130504408145EF2080
:100D30003FB6130504408145EF203FB6130504403C
:100D40009305300BEF207FC6130504408145EF204B
:100D50005FC7130504408145EF201FBC1305044005
:100D6000A145EF201FB7130504408145EF203FB98F
:100D700013050440A145EF20BFB41305044081458D
:100D8000EF20DFB613050440A145EF205FB2130545
:100D900004408145EF209FC213050440130600065E
:100DA000B145EF207FBB054613050440B145EF2058
:100DB0003FB8130504408145EF20FFBF13050440F1
:100DC00013060006A145EF203FB905461305044070
:100DD000A145EF20FFB5130504409305A005EF20C2
:100DE0003FBD13050440130600068145EF20DFB622
:100DF0000546130504408145EF209FB313070010FB
:100E00003AD613070008B7040240930704443AD4C3
:100E1000414709694C08138504033ACE3ECA1307BB
:100E2000D0399707FF1F9387A7293AD03ECC4ADCD9
:100E300002D202D802DA02DEEF200F8F13850403FC
:100E40008545EF206F929307C4434C081385C40176
:100E50003ECA9707FF1F938777603ECCEF20CF8C69
:100E60001385C4018545EF202F90930744434C0818
:100E70001385C4063ECA9717FF1F938707983ECC79
:100E8000EF208F8A1385C4068545EF20EF8D9305EB
:100E900009A0130504400546EF20BF9C85451305B6
:100EA0000440EF207F9821616F10DFAAEF125FA846
:100EB000014681450145EF405FA09707FF1F9387DB
:100EC0002720238E0738A38C07729717FF1F2384D0
:100ED00007CCC53B6F101FA8EF129FA501468145A7
:100EE0000145EF409F9D9707FF1F9387671D238E46
:100EF0000738A38C07729717FF1F238E07C8D133BB
:100F00006F105FA5EF12DFA2014681450145EF405A
:100F1000DF9A9707FF1F9387A71A238E0738A38CA2
:100F200007729717FF1F238807C6613BEFF02FA0BA
:100F300017F5FFFF13054533EF601FE617F5FFFFB9
:100F40001305E52CEF609FE66F10DFA0EF125F9EA8
:100F500037040240EF60AFDFB74400409385C480A0
:100F600013058405994613868185EF60AFEB99469A
:100F70001386018C9385C48013054404EF60AFF69B
:100F8000371501408565130505C0EF204FAB1305EC
:100F900084058545EF105FFD130544048545EF107A
:100FA000BFFCB7240140138504408145EF10FFAE1C
:100FB000138504408145EF103FAD81451305840042
:100FC000EF109FFA23A4018C6F10DF98EF125F9649
:100FD00079718545114502C802CA02CC02CE02D001
:100FE00002D202D402D602C202C402C6EF20EFEA45
:100FF000854513050020EF204FEA3165EF204FDAD9
:1010000037150140930700024C0013050580372473
:1010100001402312F10002C6EF20AF8B854737074E
:101020000E00130504400C083ECC3ACE2302F10218
:1010300002C802CA02D0EF107F9F954605461305ED
:1010400004409545EF109FAA130504408545EF1015
:10105000DFA4130504408545EF101FA313050440CA
:101060008145EF107FB413050440B7240140EF1011
:101070001FA4138404402285EF101FA46DFD138567
:101080000440B7240140EF10BFA31384044022851D
:10109000EF10BFA36DFD13850440EF109FB237041E
:1010A0000240AA87930680041716FF1F1306C6D7AF
:1010B0009385C444130584002393F18CEF606FDCA7
:1010C000138504408545EF10DFA085451305840096
:1010D000EF109FE945616F10FF87EF127F850111C7
:1010E00085451145EF204FDD371400409307F00888
:1010F0004C08130504803ECA9307703E3ECCEF2097
:101100002FE985679387E7F22316F100BD47680052
:101110002307F10085473EC8EF204FB81305048030
:1011200005468545EF204FF2854513050480EF20E5
:10113000AFEF05616F101F824DB7EF126FFF03C550
:10114000E182EF60BFAFEF605FC06F10BF80B71785
:1011500002409843B706FFF8370681FF1367170070
:1011600098C3D8437D164111758FD8C39843B706ED
:10117000F7FEFD16758F98C39843B706FCFFFD1662
:10118000758F98C3D8434165B7160240718FD8C395
:1011900037079F0098C702C402C68C433707020076
:1011A0000566C98D8CC321A0A247638AC7009C42F3
:1011B000F98F3EC6A24785073EC4B247F5D7B71799
:1011C00002409C4337070200F98F89CB85473EC612
:1011D000324785476309F7004101828002C63247E2
:1011E0008547E31BF7FEB7170240D843B705C1FF99
:1011F000FD15D8C3D843B7060002D8C3D04337176C
:10120000024013660640D0C3D0436D8ED0C3D04396
:10121000B7053D004D8ED0C39043B70500014D8EFC
:1012200090C31C43F58FF5DF5C4337160240A1469F
:10123000F19B5CC35C4393E727005CC35C42B18BCA
:10124000E39ED7FE41018280B7160240D842B7170D
:101250007A002146318B938707206303C702371733
:101260000240584397F6FE1F938646DD11833D8B5F
:10127000369703470700B3D7E70023A8F18282809F
:10128000DC42D8424166C983BD8B8907C546718F50
:10129000638ED70211EF3747024003270780418B47
:1012A00019CF37177A0013070720B387E70245BF26
:1012B000371702405843B7060200758F7DD33717A2
:1012C0003D0013070790B387E70251BFC9476DF38D
:1012D000D9B7EF12EFE5B747950803A701839387C6
:1012E00007406305F702B7E7B805938707806309EE
:1012F000F702B777DC02938707C0630DF7028545D5
:1013000037058000EF204FBB6F10CFE40945EF2079
:101310008FA7854537058000EF200FBA6F108FE348
:101320000545EF204FA6854537058000EF20CFB853
:101330006F104FE20145EF200FA58545370580006E
:10134000EF208FB76F100FE1EF128FDE011137051D
:101350000400EF109FCBB7070400054408083EC8FF
:10136000C1473ECC22CE02CAEF101FC3280093070C
:1013700040022314F10022C623050100EF200F9242
:1013800028009307A0032314F10023058100EF2018
:10139000EF9005616F100FDC131816002E98A5480A
:1013A0000DC29356C5011387760363E4D8001387F3
:1013B00006032380E500A380050089051205E3925A
:1013C00005FF8280B7F7FF1F83A5877E03A6C77E30
:1013D00083A6077F97F7FE1F938747C717F8FE1F5F
:1013E0001308C8C73E87254E13D3C501930873035E
:1013F00063646E009308030323011701A301070030
:1014000009079205E312E8FE17F7FE1F130707C44A
:1014100025439358C601138578036364130113852C
:1014200008032309A700A309070009071206E3120E
:10143000E8FE254593D5C601138675036364B500A0
:10144000138605032381C702A38107028907920639
:10145000E312F8FE8280B717210017F7FE1F13076B
:1014600027C2938737CA1CC7930700202316F700AB
:10147000828000000600FF0901A10185AA1500264F
:10148000FF007508953F0902810209039102C0001F
:1014900005010904A10185010901A10009300931F3
:1014A000093009310930093109300931093309346A
:1014B0000933093409360936150027FFFF000035C6
:1014C0000047FFFF0000950E75108102C005020560
:1014D0000919012930150025014501750195308153
:1014E0000209007508951D810106A0FF09008510FD
:1014F000A1010900150026FF007508953F9102C063
:10150000C005010902A10185210901A100050919F0
:1015100001290515002501750195058102750395C1
:1015200001810105010930093109381581257F75CF
:101530000895038106C0C005010902A101852209A1
:1015400001A100050109300931150026FFFF350012
:1015500046FFFF751095028102C0C005010906A172
:1015600001853105071500250119E029E775019569
:101570000881020507150026FF001900299175084A
:1015800095108100C0050C0901A1018532050C15DB
:101590000026FF7F19002AFF02751095018100C007
:1015A0001403530069006D00470045004B004900DB
:1015B000BE8B6E7F1E03530069006D00470045001F
:1015C0004B004900200043006F006E006600690078
:1015D0006700000018034E0046004300FB8B615378
:1015E0006856200043004F004D00310022034300A5
:1015F0006100720064002000520065006100640018
:1016000065007200200043004F004D0031000000D3
:101610001403BE8B07596F704951200043004F00DF
:101620004D0033001E034C004500440020004200E2
:101630006F00610072006400200043004F004D0005
:1016400033000000BA0349002F004F002000430080
:101650004F004E00540052004F004C00200042004A
:1016600044003B00310035003200350037003B00BC
:10167000300031003B00390030003B0031003800C1
:10168000330031003B00360036003700390041009E
:101690003B00300030003B0047004F005500540035
:1016A0003D00310034005F004100440049004E001D
:1016B0003D0038002C0045005F0052004F005400F0
:1016C00049004E003D0034005F0043004F004900D8
:1016D0004E0049004E003D0032005F0053005700AD
:1016E00049004E003D0032002C0045005F005500CF
:1016F000510031003D00340031002C003600000064
:101700001603530069006D0044006500760069000F
:1017100063006500730000001E03530069006D0044
:10172000470045004B00490057883A67CE983C680F
:10173000A7633652685600002603530069006D0007
:10174000470045004B004900200043006F006E0039
:10175000740072006F006C006C0065007200000085
:101760000A0353004500470041000000100304082D
:101770000410040C04040414110409040902CD002B
:1017800006010480FA080B000202020006090400A8
:1017900000010202010005240010010524010001DE
:1017A00004240202052406000107058603400040C8
:1017B00009040100020A00000007050202200000DF
:1017C00007058202200000080B020202020007093E
:1017D0000402000102020100052400100105240199
:1017E00000030424020205240600010705870340C4
:1017F000004009040300020A00000007050302205C
:101800000000070583022000000904040002030011
:101810000005092111010001221001070581034083
:10182000000107050103400005090405000203004B
:101830000008092111010001221B00070584034053
:1018400000050705040340000500EF126F8E9D3E62
:1018500019311707FF1F1307277923A8E19097F77E
:10186000FE1F9387E79C944309462304C70023A6E1
:10187000F19097F7FE1F9387679923A2F1908296C4
:041880006F104F8D09
:0400000300002800D1
:00000001FF
