:042800006F70605F36
:102804000028000000000000C03B0000C43B0000A2
:1028140000000000F49D0000000000000000000023
:10282400F49D0000F49D0000000000000000000082
:10283400F49D000000000000F49D00000000000072
:10284400F49D0000F49D0000F49D0000F49D000040
:10285400F49D0000F49D0000F49D0000F49D000030
:10286400F49D0000F49D0000F49D0000F49D000020
:10287400F49D0000F49D0000F49D0000F49D000010
:10288400F49D0000F49D0000F49D0000F49D000000
:10289400B27E0000F49D0000F49D0000F49D000051
:1028A400F49D0000F49D0000F49D0000F49D0000E0
:1028B400F49D0000F49D0000D27A0000F49D000015
:1028C400F49D0000F49D0000F49D0000F49D0000C0
:1028D400F49D000088720000F49D0000F49D000047
:1028E400F49D0000F49D0000A67E0000F49D00000D
:0C28F400F49D0000F49D0000F49D000025
:10290000397101436EC619A0397141536AC866CA4C
:1029100062CC5ECE19A0397101535AD056D252D42E
:102920004ED64AD826DA22DC06DE330161408282A6
:1029300041114AC026C222C406C68282B24D41015C
:10294000024D924C224CB24B4101024B924A224A18
:10295000B2494101024992442244B240410182807D
:102960002A8309CA83830500230073007D160503AB
:1029700085056DFA828015C22A8385466367B50096
:10298000FD561307F6FF3A93BA958383050023009B
:1029900073007D163693B6956DFA82802A8311C630
:1029A0002300B3007D16050365FE8280B7F700E0C3
:1029B000D8438146799BD8C303C721863306A70233
:1029C00037F700E090CBD4CB944393E6060194C351
:1029D000944393E6160294C35C43858BF5DF1C4356
:1029E000F99B1CC38280B7F700E0D8438146799BEE
:1029F000D8C303D701863306A70237F700E090CB90
:102A0000D4CB944393E6060194C3944393E6160211
:102A100094C35C43858BF5DF1C43F99B1CC3828008
:102A20009C4103A88501D04DD4415841B3E707012B
:102A3000D18F3706F1E0A2061306F6EF718FD58F1E
:102A4000D98F5CC1D0459C4994451845D18F37F644
:102A5000F1FF86061306D67F718FD58FD98F1CC5DF
:102A600083C745015855B70610FFFD1793F7F70FB9
:102A7000FD16758FD207D98F5CD582801C4589C51C
:102A800093E717001CC58280F99B1CC582801C45FA
:102A900089C593E707101CC5828093F7F7EF1CC523
:102AA00082801C4593E787001CC5828008450D8104
:102AB000058982801C4593E747001CC58280084534
:102AC0000981058982801C4591C537075000D98F3F
:102AD0001CC582803707B0FF7D17F98F1CC5828027
:102AE000A54763F7B704938765FF139717003E97D1
:102AF0000328C5009D47B397E70093C7F7FFB3F7D7
:102B00000701B396E600DD8E54C5994763E5C70417
:102B10007D16931726003E965859FD47B397C70078
:102B200093C7F7FFF98F3396C5005D8E50D9828029
:102B300013971500032805012E979D47B397E700CB
:102B400093C7F7FFB3F70701B396E600DD8E14C90C
:102B50009947E3FFC7FAB14763E2C70265169317C7
:102B600026001459B2977D473317F7001347F7FF34
:102B7000758FB397F500D98F1CD982804D16131726
:102B8000260054553297FD47B397E70093C7F7FFE8
:102B9000F58FB395E500DD8D4CD582805C4191C504
:102BA00037070004D98F5CC18280370700FC7D178E
:102BB000F98F5CC18280011123030100034761008A
:102BC000A54763E5E70425461C4593E787001CC538
:102BD0001C45A18BF5FF1C4593E747001CC51C4510
:102BE000918BF5FF744583476100034761008607B9
:102BF00005071377F70F2303E100938707020347C5
:102C000061008A972396D7FEE370E6FC2303010058
:102C100003476100A54763EAE70A2146A545A303E8
:102C20000100834771006367F6080347710083471B
:102C300071000607850786071307070293870702B7
:102C40000A978A970357C7FE83D7C7FE63F9E7043D
:102C5000834771008607938707028A9783D7C7FE49
:102C60002314F1000347710083467100834771000C
:102C700005070607130707020A970358C7FE8507CB
:102C800013971600035581001307070286070A975A
:102C900093870702231607FF8A972396A7FE834789
:102CA0007100850793F7F70FA303F10083477100C5
:102CB000E37DF6F683476100850793F7F70F23035B
:102CC000F10083476100E3FCF5F4231401002315B0
:102CD00001002303010003476100954763ECE7040B
:102CE00093060060154625A88347610003578100BD
:102CF00089078607938707028A9783D7C7FEBA9703
:102D0000C207C1832314F10083476100850793F74D
:102D1000F70F2303F10083476100636DF6008347DB
:102D2000610089078607938707028A9783D7C7FEC2
:102D3000E3FCF6FA834761006385071003578100BF
:102D4000834561008357810003466100834661002B
:102D50003347B702B3E7C7028607B3C7D702BA97AC
:102D6000C207C1832314F100034761009947998F7B
:102D700093F7F70FA303F10083477100F5C30347EF
:102D80006100954763EEE70295468347610003576C
:102D9000A10089078607938707028A9783D7C7FE12
:102DA000BA97C207C1832315F100834761008507E5
:102DB00093F7F70F2303F10083476100E3F7F6FC75
:102DC0000357A100834571008357A100034671009A
:102DD000834671003347B702B3E7C7028607B3C71C
:102DE000D702BA97C207C1832315F10003558100AA
:102DF0008355A100835781000356A1008566130700
:102E0000004093860680B307F7403386C640098F9B
:102E10008D8EC2074206C18741864207C206B2971D
:102E2000C1864187369793D6F7011355F701B697B8
:102E30003A95858B0585958F3E95420541850561BF
:102E40008280930700402314F100034761009947F3
:102E5000998F93F7F70FA303F1008347710085F370
:102E60008567938707802315F10049B71C414167A7
:102E70007917F98F1CC12320050023220500232484
:102E80000500B70702402326050013878700630467
:102E9000E5041387C701630BE50213870703630784
:102EA000E50413874704630AE5041387870563096C
:102EB000E5021387C7066307E5041387070863095C
:102EC000E504138747096308E5008280D843136748
:102ED000070FD8C38280D8431367F700D8C3828016
:102EE000D843B7060F00558FD8C38280D843856674
:102EF000938606F0558FD8C38280D843BD66558F20
:102F0000D8C38280D843B706F000558FD8C38280DB
:102F1000D843B706000F558FD8C3828090519C4587
:102F20009449D84983A88501D18FD58FD04DD451EC
:102F3000D98FB3E71701184103A88502D18FD58F28
:102F4000E176BD06D045758FB3E707019441D98F6F
:102F50001CC1DC4150C114C55CC582801C4189C5BF
:102F600093E717001CC1828041677917F98F1CC154
:102F700082804CC18280B70702409C437D8D3335EF
:102F8000A0008280B7070240C8C3828058410C412C
:102F90000328C500B7060140938706403E9713C635
:102FA000F5FF6303080483A8064003288500414316
:102FB000B3F8C80023A01641D443F18ED4C3144300
:102FC000CD8E14C3184190479346F7FF758E90C776
:102FD000D047F18ED4C7630D68003E988327080060
:102FE0005D8F2320E80082801C43F18F1CC3828008
:102FF0009447D98E94C7D447558FD8C78280B707D6
:10300000014023AAA7408280B7066745B727024040
:10301000938636123797EFCDD4C31307B79AD8C328
:10302000D4D3D8D38280372702401C4BA166D58FDA
:103030001CCB8280B7270240984BB706020013755D
:1030400005F0558F98CBC8CB944B3727024093E6B9
:10305000060494CB5C47858BF5FF1C4B8176FD16EF
:10306000F58F1CCB8280372702401C4BC16613753D
:1030700005F0D58F1CCB5C47858BF5FF37270240C9
:103080005C47898BF5FFAE86158D93850510372734
:1030900002409042B387A600910690C35C47898B9B
:1030A000F5FFE398B6FE1C4B37062000B72602401A
:1030B000D18F1CCBDC46858BF5FF9C4A41777D1771
:1030C000F98F9CCA828003A8850093770801137E3C
:1030D000F80081C7DC41336EFE00B7270240985BE1
:1030E000B707000FF98FE9EB8547A381F186B71782
:1030F0000140630AF50C83D6050093F7F60FB5E39C
:103100009307F00F63FED70403234500014785486A
:10311000930E8002130F8004A14521A00507630FC1
:10312000B70293078700B397F80033F6D700E39709
:10313000C7FE6301D80B6313E8011CC913162700EF
:10314000BD47B397C70093C7F7FF33F36700331644
:10315000CE00336366000507E315B7FC2322650044
:1031600082800323050081478548930E8002BD4F6E
:10317000130F8004A14521A08507638CB702339704
:10318000F8003376D700E319C7FE6304D80763134A
:10319000E80118C9139727003396EF001346F6FF8E
:1031A000337366003317EE00336367008507E398D7
:1031B000B7FC23206500A9B7B7170140E31DF5F25E
:1031C00083C731868DDB83D60500B5822390D50079
:1031D000C9FA8280131627005CC9BD47B397C700A0
:1031E00093C7F7FF33F367003316CE0033636600EF
:1031F0009DB758C9139727003396EF001346F6FF83
:10320000337366003317EE003363670045B7B717B3
:1032100001406307F5001C45FD8D3335B000828009
:1032200083C73186EDDB1C45B581FD8D3335B0009C
:103230008280B71701406304F5000CC9828083C700
:103240003186E5DFB5810CC98280B7170140630480
:10325000F5004CC9828083C73186E5DFB5814CC952
:103260008280EFF2EFEC8357450001112A84680059
:10327000939407012E89052ED24737470F00130775
:10328000072433D7E702C18093F404FCC204C18051
:103290000326090061651305056A93150701C181BD
:1032A000CD8C2312940083560400C206C182F99A81
:1032B000C206C1822310D4006363C5060606B3D7D5
:1032C000C702114793960701C18263E0E60A8505AC
:1032D000C205C181C207C1832310B402231EF400BA
:1032E00083570400835649008355A90093E71700CC
:1032F0002310F400835704000357C90003568900C4
:10330000C207C183CD8E93F757BFD58F2310F4002A
:10331000B367C7002314F40005616FF0AFE3835572
:103320006900B166FD166384D50493161600B29643
:103330008E06B296B3D7D7029166C207C183D58FE6
:103340009396470199E293E717009306C01233075B
:10335000D702A166D58F9306803E3347D702050773
:10336000420741832310E40295BF91478DB793161E
:103370001600B296B3D7D702C207C183D1B783571D
:10338000050091C593E717002310F5008280C2075E
:10339000C183F99BC207C1832310F5008280835744
:1033A000050091C593E707102310F5008280C2073E
:1033B000C18393F7F7EFC207C1832310F500828022
:1033C0008357050091C593E707202310F5008280FD
:1033D000C207C18393F7F7DFC207C1832310F5004B
:1033E00082808357050091C593E707402310F500BD
:1033F0008280C207C18393F7F7BFC207C18323103E
:10340000F50082802318B500828093F7E50F19C27A
:1034100093E715002318F50082808357050091C5B6
:103420002167D98F2310F5008280C607C58323103A
:10343000F5008280035745018357850113950701E5
:10344000598D6D8D220521810D8D133515008280DA
:10345000411102C402C693D7C5012AC63EC4A24781
:10346000A205A18199CBB247D1073EC6B247884396
:1034700041016D8D3335A0008280B247C181E107E3
:103480003EC6B247884341016D8D3335A00082802E
:103490009387418698430346050015EB8347250033
:1034A00037E700E09207329793F7F70F2300F740D2
:1034B00054410547935756003317C70085CE93876D
:1034C00007048A07B7E600E0B69798C3828098435E
:1034D00085466309D7028C430947638EE504984308
:1034E0008D466300D70498439147E313F7FC834765
:1034F00015007DB7938707068A07B7E600E0B69701
:1035000098C3828083472500834615009207638015
:10351000E60437E700E093F7F70F32972300F74010
:1035200041BF83461500834725006365D7028606A1
:10353000B6979207F9BF034715008347250063FF3D
:10354000E60079170A07BA9793F7F70F920793E700
:1035500007F8C1B7F1168606B697FDB70A07BA97FE
:10356000920745BFB7160240DC4271771307F77F19
:10357000F98F0E055D8DC8C28280B7170240D8430F
:10358000B70640FFFD16758FD8C3D8435A05598D2D
:10359000C8C38280B7160240DC4251777D17F98F8D
:1035A000C98FDCC28280B7160240DC42214613F785
:1035B000C700B7177A00938707206302C7061CC1AC
:1035C00037160240584297D6FF1F9386A6A3118351
:1035D0003D8B369703470700B3D7E7005CC15842DD
:1035E00021831D8B36970347070033D7E70018C5A3
:1035F00058422D831D8BBA9603C7060097D6FF1F2E
:10360000938646C6B3D7E7005CC5584239830D8B15
:10361000369703470700B3D7E7021CC98280DC4214
:10362000D8424166C983BD8B8907C546718F638EB9
:10363000D70211EF3747024003270780418B19CF8C
:1036400037177A0013070720B387E7028DBF3717B4
:1036500002405843B7060200758F7DD337173D00EF
:1036600013070790B387E70299BFC9476DF3D9B72E
:1036700099C5371702405C4BC98F5CCB8280B71766
:103680000240D84B1345F5FF798DC8CB828099C590
:10369000371702401C4FC98F1CCF8280B7170240DA
:1036A000984F1345F5FF798D88CF828099C53717DC
:1036B00002405C4FC98F5CCF8280B7170240D84F61
:1036C0001345F5FF798DC8CF828003D6250083D7B7
:1036D000050083D6450003D7650083D88500D18FC8
:1036E00003D8A500D58FD98F83D6C500B3E71701BE
:1036F0000357050003D6E500B3E70701D58F8D66B4
:1037000093860604758FD18FD98F2310F5008357C8
:10371000C5017D7783D605011307F77FF98F231E37
:10372000F5002318D50082808357050091C593E7E3
:1037300007042310F5008280C207C18393F7F7FBCB
:10374000C207C1832310F50082808357450009C654
:10375000CD8F2312F500828093C5F5FFED8F2312E4
:10376000F50082808357450091C593E747002312F7
:10377000F5008280C207C183ED9BC207C18323127B
:10378000F50082808357050037370140130707C0D3
:10379000C20783D6050003D6450003D86500C18360
:1037A0006307E504370700406300E502130707409D
:1037B000630CE50037170040930807806306150186
:1037C000130707C06317E50003D7250093F7F7F841
:1037D000D98F93F7F7CFB3E707012310F50023162E
:1037E000C5022314D5028547231AF500828003D72A
:1037F000250093F7F7F8D98F93F7F7CFB3E70701D1
:103800002310F5002316C5022314D50283C78500B3
:103810002318F5028547231AF50082808357050097
:1038200091C593E717002310F5008280C207C1837A
:10383000F99BC207C1832310F50082808357C5001E
:1038400009C6CD8F2316F500828093C5F5FFED8F55
:103850002316F50082808357C50009C6DD8D231627
:10386000B500828093C5F5FFED8F2316F5008280A9
:1038700083578500C207C183E19BC207C18323141C
:10388000F50082802314B502231AC5008280835775
:103890000500C207C18393F7F7F8CD8F2310F50019
:1038A000828083578501C207C183DD9BCD8F231C96
:1038B000F50082808357C501C207C183DD9BCD8F90
:1038C000231EF50082808357C5017D771307F77F9C
:1038D000F98FA205CD8FC207C183231EF500828018
:1038E00083570502C207C183F59BCD8F2310F502D4
:1038F000828083570502A205C207C18393F7F7DFD1
:10390000CD8FC207C1832310F50282808357050241
:1039100079777D17F98FB205CD8FC207C183231048
:10392000F5028280035705028547B397B70093C716
:10393000F7FF7D8F2310E502835705023316B6008B
:10394000D18FC207C1832310F5028280035705027D
:103950008547B397B70093C7F7FFF98F2310F50298
:1039600093F775FF610595C3F115C205C181858186
:10397000AA959C4165777D17F98F9CC19C412206D1
:10398000420641825D8E90C182808581AA959C41CC
:1039900093F7F7F89CC19C415D8E90C182802316FD
:1039A000B5028280231AB5028280231EB50282806E
:1039B0002310B504828083570500C207C18393F7A3
:1039C000F7CFC207C1832310F50083570500CD8FC1
:1039D0002310F5008280835705010355C500ED8F44
:1039E0004205418189C76D8D3335A0008280014534
:1039F000828093C5F5FFC205C1812318B50082807E
:103A0000EFE21FF30357050183D76500F576FD1636
:103A1000758FD98F03D7C5002318F5008356C500CD
:103A200083D745007D762A841306369F03D585000B
:103A3000F18EAE8483D5A500D58FC98FCD8F231687
:103A4000F4008357440101116800C207C18393F752
:103A5000F7CFD98F231AF400B936B74701409387BF
:103A60000780630BF40852468356C4009317160070
:103A7000B297C2068E07C1869840B29763C006040B
:103A80000A07B3D7E702930640060356C40042066E
:103A9000418633D7D702B3F7D70212076340060433
:103AA000920793872703B3D7D702BD8BD98FC2075D
:103AB000C1832314F40005616FE0DFE90607B3D783
:103AC000E702930640060356C4004206418633D7F8
:103AD000D702B3F7D7021207E35406FC8E07938789
:103AE0002703B3D7D7029D8BD98FC207C183231475
:103AF000F40005616FE01FE66246BDB78357C5005D
:103B000091C50967D98F2316F500828079777D17D3
:103B1000F98F2316F500828093F7F50F05479583FB
:103B2000B315B7006384E702894613074501638C28
:103B3000D7001C4301C6CD8F1CC3828093C5F5FFFF
:103B4000FD8D0CC3828013070501E5B71307C5007F
:103B5000CDB793F5F51F2312B500828003554500BC
:103B60001375F51F8280035505006D8D3335A00058
:103B7000828093F6F50F054695822A87B317B60023
:103B8000638BC60209466383C6028356450133F53B
:103B9000F60083570700C207C18301C9A181054709
:103BA0003317B700F98F3335F00082808356050153
:103BB00033F5F600F9BF8356C50033F5F600D1BFE3
:103BC0007300203001A0EFE2BFD603A7418F9547D5
:103BD0002A84630AF70083474500A3040500A30273
:103BE000F5006FE03FD703457500EF50507693071F
:103BF0000002E318F5FE03475400834744006308BE
:103C0000F7046379F70483468400998F93F7F70FDD
:103C100093F4F60F63EAD7020C402686138501B5AC
:103C2000BA95EFE0FFD3834754002686034574001E
:103C3000BE9493F4F407A3029400938501B5EF407A
:103C4000204CA304040071BF93F4F70FF1B783472E
:103C50009400C1DB930700F87DB7EFE27FCD83A628
:103C6000418F1547834745002A846388E600A302F5
:103C7000F500A30405006FE0FFCD184193861700FF
:103C80002302D500BA972380B700834745008346B7
:103C900055001397870161871347F7FF7D87F98FD9
:103CA0002302F500E399F6FC8547A304F50022857D
:103CB000193F83479400E5FF6FE0DFC9EFE25FC77C
:103CC0001384819183A6418F1547834744006388FD
:103CD000E600A302F400A38001926FE0BFC7184082
:103CE000938617002302D400BA972380A700834746
:103CF0004400834654001397870161871347F7FFF9
:103D00007D87F98F2302F400E399F6FC8547A3042D
:103D1000F40022854D3D83479400E5FF6FE09FC38B
:103D2000EFE27FBF9387419303A98701C04B13063E
:103D3000F003814513051900EFE05FC683461400C8
:103D4000054781552301D900034624002302E900D9
:103D5000834744002300B900A300C9002303E900FE
:103D6000A302F9009305000F6382B72663EBF520E9
:103D700051476388E72E637AF71413072008639886
:103D8000E7220347740083466400034654008145DC
:103D90000545EF10904703477400834664000346CF
:103DA000540085450545EF1050460347740083468F
:103DB00064000346540089450545EF10104503474C
:103DC000A40083469400034684008D450545EF100A
:103DD000D0430347A40083469400034684009145E2
:103DE0000545EF1090420347A40083469400034624
:103DF000840095450545EF1050411309B4009944DE
:103E0000930910020347290083461900034609005D
:103E1000A6858504054593F4F40FEF10103F0D09B6
:103E2000E39234FF0347B40B8346A40B0346940B81
:103E300081450145EF10703D0347B40B8346A40B49
:103E40000346940B85450145EF10303C0347B40B06
:103E50008346A40B0346940B89450145EF10F03AC5
:103E60000347840B8346740B0346640B8D45014561
:103E7000EF10B0390347840B8346740B0346640B81
:103E800091450145EF1070380347840B8346740B4E
:103E90000346640B95450145EF1030371304340B8E
:103EA0009944130910020347240083461400034673
:103EB0000400A6858504014593F4F40FEF10F03457
:103EC0007514E39224FF6FE05FA841476384E71A0B
:103ED0004547639EE70C834554000347640009454A
:103EE000A303B9002304E900954513077900B296AE
:103EF0008506B697AE978507A301B90093F7F70F2C
:103F00003306A700834607000507B69793F7F70F18
:103F1000E31AE6FE9305000E4A95A303F500138508
:103F20004193253B054485449389419319A8353332
:103F30008347390005041374F40F9107A28463CEFC
:103F40008702CA9483C504004E859387050393F7BF
:103F5000F70EF1FF9305000D093383C504004E856C
:103F60000504FD1593F5F50FCD398347390013741A
:103F7000F40FA2849107E3D687FCEF30704D6FE019
:103F8000DF9C9305200F638BB7129305300F639767
:103F9000B700A303E9002304E90029A01307100FC9
:103FA0006397E7000D4599451307790089B7369661
:103FB0007D57B2978D072302E9000D47A301E90061
:103FC00093F7F70F9305000E0145B9B71767000087
:103FD000130747EC0345070097650000938545EC00
:103FE00003C3050083C8150003C82500A303A90067
:103FF00003C5350083C5450083431700834227006E
:10400000834F3700034F4700834E5700034E67002E
:1040100003477700230AB900FD552307E900A30AE7
:10402000B9002947930500FAA307E900A309A900ED
:10403000230BB90023047900A30459002305F901D7
:10404000A305E9012306D901A306C90123086900D4
:10405000A308190123090901130779004145CD453A
:1040600079B50347540005459145A303E9001307BB
:104070007900B5BD8146014681450545EF10B01E6A
:104080008146014681450145EF10F01D0347290097
:10409000834719000346490083465900BA978D07A4
:1040A00003476900B297B697BA970D478345090051
:1040B000A301E90093F7F70F0145B9BD1307A0FA73
:1040C000A303E900130730052304E90009459545DA
:1040D0001307790029BD83C7018B81E78547238DAD
:1040E000F1868280EFE23F8383A4019303C65400EC
:1040F000238D01869305660093F5F50F2380B400A8
:10410000D1C11506938714001376F60F3E962687C5
:104110008147834607000507B69793F7F70FE31A21
:10412000C7FEA6952380F500138581919305000EA7
:104130002D3601449389819109A8053683C704006F
:1041400005041374F40F63ED8702338984008345FB
:1041500009004E859387050393F7F70EF9FF930542
:10416000000DE53C834509004E850504FD1593F5DA
:10417000F50FE53483C704001374F40FE3F787FCED
:104180006FE0AFFC814771BFEFE28FFA93878191B7
:10419000804FC44B1306000881452285EFE01F8045
:1041A00003C7240083C6140083C734002301E4003E
:1041B00019472300E400A300D400A301F40013076F
:1041C00010086367F7021307F0026377F70293871B
:1041D00007FD93F7F70F13071005636FF7001767D5
:1041E0000000130767CC8A07BA979C43BA97828767
:1041F0001307000F638CE70083C7018B81E78547B6
:10420000238DF186EF30D0246FE0CFF49767000064
:10421000938707DE03CE070003C3170083C8270078
:1042200003C8370003C5470083C5570003C66700AE
:1042300083C6770003C78700BD472300F400A54766
:10424000A302F4002303C401A303640023041401A4
:10425000A30404012305A400A305B4002306C4009D
:10426000A306D4002307E40083C7018BC9DB59BF31
:10427000EF20A00141BF03C8540003C5640083C5FB
:10428000740003C6840083C6940003C7A400938708
:10429000C18623800701A380A7002381B700A381E3
:1042A000C7002382D700A382E70083C7018BA1DB6D
:1042B00091BF138454002285EF00D01215FD03C670
:1042C00094001387C186814691452285EF10D05C0A
:1042D00015BF03C5940013096400CA85EF00B0162A
:1042E0006304050E834704004147A302E400C107AD
:1042F0002300F40083C7018BE38307F021B78545D2
:104300000145EF10305183C7018BE38A07EEDDBD15
:1043100081450145EF10105083C7018BE38107EE03
:10432000D5B5EF20F027F9BD83C6740003C664003D
:1043300083C554000945EF10007383C7018BE380E8
:1043400007ECC9B503C8540003C5640083C57400F5
:1043500003C6840083C6940003C7A40093874187E3
:104360000DBF138454002285EF00D007E31605E843
:1043700003C6940013874187854691452285EF1037
:10438000B05149B5930700022302F40083C7018BA3
:10439000E38707E685BD9306F00F1306F00F93053C
:1043A000F00F0945EF10206C81BD9D472300F400FC
:1043B000930740F92303F4008547A302F40083C761
:1043C000018BE38E07E23DBD03C59400CA85EF1063
:1043D000F0590DBDEFE24FD3138441930347A4007E
:1043E000032C440145C39389B186130B000E954BF2
:1043F000930A000D138AA18613090002FD54834617
:1044000004015C4403C60900B69783C70700638DA7
:10441000670763075609638D5709834614010346EE
:104420000A00584836972300F70003471401050790
:104430001377F70FA308E40063F7EB0083463C0013
:104440006D17630CD7080347A400834504019386C6
:1044500007F3B336D0007D17B306D0403E961377EE
:10446000F70F8505F58F2300CA002305E400230814
:10447000B4002380F90041F70945EF50806E0347EF
:10448000A40035FF6FE0CFCB630C5601A3820194EB
:1044900023002A01A3019C0013060002814651B7A4
:1044A00085078346140103460A0093F7F70F95BF6B
:1044B0007D171377F70F8506930700FD2380F9001A
:1044C0002305E4002308D4001DFB0945A3850186CC
:1044D000EF5020690347A4006DB7638CC702034700
:1044E000A40083470401A38201947D171377F70F7B
:1044F000850723850186A38501862305E40023081B
:10450000F400E31E07EE0945EF50A0650347A40041
:104510008DBFEFF0FF80E1B7EFE20FBF1384819111
:1045200003C7018B8347A400631107144448938A8F
:104530009186D9CF130C000E938B8186954C130B6B
:10454000000D130A00FDFD5901598346040158442A
:1045500003C60A00369783450700638D8507630409
:10456000660B6386650B034714015C4883C60B002A
:10457000BA972380B70083471401850793F7F70F95
:10458000A308F40063F7FC0003C70400FD1763836E
:10459000E70A8347A40003460401138705F3333772
:1045A000E000FD173307E040AE9693F7F70F0506DE
:1045B000F98D2380DB002305F4002308C400238049
:1045C000BA00C1F70D45EF50C0598347A400B5FFAD
:1045D0006FE00FB763096603A3840192FD17238080
:1045E000340193F7F70F85062384018623802A017F
:1045F0002305F4002308D400A9FB0D45EF506056B5
:104600008347A400E9B7850593F5F50FA9BFFD170A
:1046100093F7F70F850623804A012305F40023084A
:10462000D40085F70D45A3840186EF50805383475E
:10463000A40071BF913E8347A40003470401A384F3
:104640000192FD1793F7F70F050723840186A384D2
:1046500001862305F4002308E400E39807EE0D45E6
:10466000EF5020508347A4009DB7B9C3834704018E
:10467000B74401409384048058442685BA9783C583
:104680000700EFF00FCD930500082685EFF0AFCDC2
:104690007DD9834704010347A40085077D1793F75D
:1046A000F70F1377F70F2308F4002305E40069F7E9
:1046B0000D45EF50004B6FE0AFA8EFE26FA7193B3D
:1046C000A13D13854193EFF00FD013858191EFF059
:1046D0008FCF83C7A18799E36FE0CFA7EFF09FA0AB
:1046E0006FE04FA7EFE2CFA49384C18003C404001E
:1046F0009307F00F6301F4049386C18783D7060004
:104700000567130787388507C207C1832390F60022
:104710006366F70A09496301240F636089023DC893
:1047200037540040B7050300850513050440EFE04A
:104730007FD0631005106FE0EFA18D47E31DF4FEFD
:1047400037590040B7050700938545081305094010
:10475000EFE05FCE6DD1854513050940EFE05FC600
:1047600083C7E1879386D180850703C70600238F1F
:10477000F186239E018683C7E18763EDE70C238FD3
:104780000186FD572380F4009547E316F7FA23804E
:10479000860055B737540040B705020013050440A2
:1047A000EFE01FCB49F9854513050440EFE03FBF1B
:1047B00085472380F400239E0186B5BF375400400F
:1047C000130504408545EFE05FC5130504408145AE
:1047D000EFE0BFC4130504408145EFE05FBA8545B3
:1047E00013050440EFE0BFB923860180238F0186C3
:1047F000239E01866FE00F9637540040B7050700EF
:104800009385250813050440EFE0DFC2E30505F2B8
:1048100003C7E18793870181BA9783C50700130512
:104820000440EFE03FBE8D472380F400239E0186C5
:1048300019B703C7E18793870185BA9783C5070036
:10484000014613050440EFE05FBC23802401239E52
:104850000186D5B523860180F9BD03C7C1809307C2
:10486000F00F6303F7008280EFE28F8C1384B18036
:1048700003450400239E018623860180EF304031EA
:10488000814517050000130525E6EF3000282300B9
:10489000A4006FE02F8C1345F5FF9357650093E755
:1048A00007FC136705FC93F7F70F1377F70FA207C1
:1048B0003181D98F93860181136505FC2390F60021
:1048C0002381A60003C7C1809307F00F6303F7009D
:1048D0008280EFE2EF851384B18003450400239EBC
:1048E000018623860180EF30A02A8145170500004C
:1048F000130585DFEF3060212300A4006FE08F8572
:1049000005661306068083A5C18117C5FF1F130521
:1049100065E06FE0EF84EFE2AF8199677390078005
:10492000371702405C4301449384C18193E7070831
:104930005CC313898181EFE02FED88402295EFE081
:104940006FEF832509008840A2952295EFE0AFF133
:1049500013040410EFE02FED93070480E9FF3717ED
:1049600002405C4393F7F7F75CC399679387870826
:10497000739007806FD01FFE23A20188828023A23C
:10498000018803A78181AA8735C30347870085462D
:1049900001456303D7008280FDDFF5DD83C6070094
:1049A000E39BE6FE03C717001306E002E315C7FE0C
:1049B00003C8050013068008E31FC8FC83C5150063
:1049C0001306400BE399C5FC83C5270003C63700D7
:1049D000938701882380D700A380E7002381B70055
:1049E000A381C700054523A2D1888280014582802A
:1049F00003A541887D15133515008280EFD25FF342
:104A0000138441881840854741116313F70E23A290
:104A1000018879CDAA8541460A85EFD07FF49308B5
:104A200001010A87175500001305455D8566834718
:104A300007000507AA97B69783C70780A30FF7FE5D
:104A4000E397E8FE0348F1009305F100935748000F
:104A500093867700139726003697939627003A9807
:104A60003383D700330368401303D3FD420313534A
:104A700003016D180346E1004208135808018A87B4
:104A8000B28603C607008E06850713575600558F5A
:104A9000A38FE7FEE396F5FE93767800A2060A87D9
:104AA000834707000507B697AA9783C70700A30F98
:104AB000F7FEE397E5FEE31E68FA13076100A546DB
:104AC00083470700050713D64700BD8B63E2C60284
:104AD00063E0F602E396E8FE02479387014B98C332
:104AE0001247D8C3224798C73247D8C789471CC046
:104AF00041016FD03FE603A741888947631AF70059
:104B000083A7818191C783C7870005476380E70A30
:104B100085472303F50093070002A303F500C1476F
:104B20002304F50003CF050083CE150003CE250036
:104B300003C3350083C8450003C8550083C665001C
:104B400003C77500A304E5012305D501A305C5012D
:104B500023066500A306150123070501A307D50059
:104B60002308E500034E0600034316008348260091
:104B700003483600834546008346660003477600B7
:104B80000346560093071501A308C50123096500D4
:104B9000A3091501230A0501A30AB500230BC500CB
:104BA0004D452383D700A383E700828013870188C4
:104BB0002303F500834507000346170083462700BB
:104BC000834737004147A303E50011472304E5006D
:104BD000A304B5002305C500A305D5002306F500F1
:104BE0001D45828083A641880947AA8701456383C2
:104BF000E600828003A78181014565DF8346870047
:104C00000547E398E6FEF5D71387018803C607003A
:104C1000834607006306D6000545134515008280CC
:104C200003C6170083461700E318D6FE03C6270005
:104C300083462700E312D6FE83C63700834737003A
:104C4000E39CF6FCD9BFEFD2BFCE83A441880947CD
:104C5000639EE40003A781812A84014511C783462E
:104C6000870005476387E6006FD0DFCE01456FD030
:104C70007FCEAE87F5D9414681453E85EFD01FD224
:104C8000630494000545CDB741469385014BEFD0B1
:104C90003FCD0545D1BFEFD2BFC91384014C1306E8
:104CA000000481452285EFD07FCF9307A0FA23002F
:104CB000F4009307101E2311F400EF20B0482312D4
:104CC000A400EF00303BAA8713060004A28511451B
:104CD0002313F400EF30C0426FD0DFC7B7F7FF1FD8
:104CE00083A6877E03A7C77E83A7077F93DF8600FF
:104CF00013DF060193DE8601135E8700135307015D
:104D00009358870113D8870093D5070113D68701DD
:104D1000A301D5002301F501A300E5012300D5017E
:104D2000A303E5002303C501A302650023021501C7
:104D3000A305F50023050501A304B5002304C50060
:104D4000828091BFEFD2DFBE13840150034704007D
:104D50009307A00A6304F7006FD0DFBF1306E003D8
:104D600081451385214CEFD07FC30347140083474F
:104D700024009384014C9306A0FAA380E4002380CE
:104D8000D4001307000B6369F70413978701618749
:104D9000634507021387F7FF1377F70FBD4663EDEF
:104DA000E6084147636AF70817670000130707B56D
:104DB0008A07BA979C43BA97828793C70708130755
:104DC0000003636BF70617670000130767B78A07CE
:104DD000BA979C43BA9782871307200E6389E70628
:104DE0006373F7021307300E6398E7049307301ECE
:104DF00013060004A68511452391F400238401883D
:104E0000EF30003091BF1307000E6388E7001307EF
:104E1000100E6393E702413581B7834744001307BF
:104E2000001E2391E4006380072A05476384E7207E
:104E3000FD57A381F4000DB7FD57130600049385B9
:104E4000014C11452391F400EF30802B31B7854799
:104E50002384F188130600049307201EA6851145BC
:104E60002391F400EF30C029C5BD1385414CBD35F9
:104E700093070011130600049385014C11452391FB
:104E8000F400EF30E027C9BD034744009147238178
:104E9000F40085469307F00F63E7E60083A781815E
:104EA0002384E7008547130600049385014C1145D0
:104EB000A381F400EF30C02445B583A7818183C767
:104EC000870013073010130600049385014C114529
:104ED0002391E4002382F400EF308022B5BD034724
:104EE000440083A78181130600042383E700938590
:104EF000014C9307201011452391F400EF3040201E
:104F0000A1BD83A7818183C7670013071010130613
:104F100000049385014C11452391E4002382F400A1
:104F2000EF30001E15BDEFF0BF9D9307001813066C
:104F300000049385014C11452391F400EF30401C8F
:104F400021BD034544009307F00F83488400834547
:104F500094000347A4006307F5269306000F034857
:104F60005400630CD52C6309F824AE864686C285AE
:104F7000EF00B0299307001B130600049385014C32
:104F800011452391F400EF30A017F9B3EF20901BE7
:104F90002A84EF20D01A9317040113170501C18347
:104FA000D98F130600041307101A9385014C11457D
:104FB0002391E400DCC0EF30A01479BBEF20503027
:104FC0009307001A130600049385014C11452391A1
:104FD000F400EF30E01249B383A781819C431306AC
:104FE00000049385014CDCC01145930710192391EF
:104FF000F400EF30E0108DB3584083A78181130691
:10500000000498C39385014C93070019114523911F
:10501000F400EF30E00E89B3EFF0FF8F9307101824
:10502000130600049385014C11452391F400EF30E1
:10503000200D1DB383455400054593D6250013D696
:105040001500858A058A8589EF0010228345640052
:105050000D4593D6250013D61500858A058A8589C6
:10506000EF00902083457400154593D6250013D694
:105070001500858A058A8589EF00101F8345840005
:10508000014593D6250013D61500858A058A8589A2
:10509000EF00901D83459400094593D6250013D653
:1050A0001500858A058A8589EF00101C8345A400B8
:1050B000114593D6250013D61500858A058A858962
:1050C000EF00901A51B90347740083466400034609
:1050D000540081450545EF0050130347A400834663
:1050E00094000346840085450545EF0010120347F0
:1050F000D4008346C4000346B40089450545EF004B
:10510000D010034704018346F4000346E4008D45B4
:105110000545EF00900F0347340183462401034601
:10512000140191450545EF00500E03476401834685
:1051300054010346440195450545EF00100D034712
:105140009401834684010346740181450145EF00C3
:10515000D00B0347C4018346B4010346A40185452F
:105160000145EF00900A0347F4018346E40103463A
:10517000D40189450145EF005009034724028346C5
:105180001402034604028D450145EF001008034751
:105190005402834644020346340291450145EF0020
:1051A000D006034784028346740203466402954591
:1051B0000145EF0090054DB62E86BA86C685EF00F4
:1051C000900A4DBB3A864685EF00D0098346A4007D
:1051D00003469400834584000545EF00F0088346AC
:1051E000A40003469400834584000D45EF00D007DA
:1051F0008346A40003469400834584001545EF00D0
:10520000B0068346A400034694008345840001450C
:10521000EF0090058346A400034694008345840074
:105220000945EF0070048346A400034694008345BB
:1052300084001145EF00500335BB2E86BA86C68523
:105240004285EF0070023DB383A7818103C76700E9
:1052500085476303F700828093874155138741593F
:10526000138841598843CC439047D44708C34CC363
:1052700010C754C7C1074107E39607FF1306000490
:105280009385415905456F20B067EFD2CFE89387EA
:10529000415D83C6070041476386E600EF20501B4F
:1052A0006FD0AFEA03C717008D466301D70A63EDDD
:1052B000E60085476305F70A8947E311F7FE930780
:1052C0000003A38AF156D9BF9146E319D7FC83C4E2
:1052D000270003C7370083C64700C204931787001F
:1052E000DD8CD58C175400001304C47105499D4909
:1052F0008346B4000346A400834594001305F9FFD8
:10530000B3D6D40033D6C400B3D5B400858A058A99
:1053100085891375F50FEF00207583462400034639
:105320001400834504004A85B3D6D40033D6C400A4
:10533000B3D5B4000909858A058A85891379F90FDF
:10534000EF0080720D04E31539FB89BFA38A015673
:10535000A3860156239701562388015681B71384EB
:1053600011820345040093070003A38AF156EF203E
:105370003002954517050000130545EDEF20E07854
:105380002300A40021BFEFD2AFDA83C7E188B9E7D9
:105390001306E00281451385615AEFD02FE0938711
:1053A000015483A8070003A847009447D84783D730
:1053B0000701938541594946054523A0150123A2BC
:1053C000050194C5D8C52398F500EF20705309E571
:1053D00085472387F18801456FD0CFD793874182D6
:1053E000984383C747009385415923AC015823AEA6
:1053F00001581546054523A0015A23A2015A23A4AA
:10540000015A23A6015A23A8015A23AA015A23AC00
:10541000015A23AE015A23A0015C23A2015C23A4FC
:10542000015C23A6015C23A8015C98C12382F500DE
:10543000EF20104D55F123870188014571BFEFD250
:105440002FCF83A7818183C7670009476389E7025C
:105450000D47638FE70805476382E70413840182E1
:1054600003450400EF20C0748545170500001305AF
:1054700045FDEF20C06D2300A4006FD0AFCDEFF04D
:105480005F8C69FD1384018203450400EF204072A4
:105490001305F00F2300A4006FD0CFCB138411822B
:1054A00003450400EF20C06E954517050000130565
:1054B000E5D9EF2080652300A40093874155138729
:1054C0004159138841598843CC439047D44708C376
:1054D0004CC310C754C7C1074107E39607FF130623
:1054E0000004938541590545EF20904125F959BFA6
:1054F00083C7D18899CB413D35F183C7E188D9F382
:10550000A386018823860188B5BF23870188A53D2E
:10551000E31605F483C7C18889C78547A386F18848
:1055200035BF23870188B9BFEFD2EFBE83D701898A
:1055300013D7870093894155A380F9002381E9009F
:10554000A388015623990156238A015697540000D7
:105550009384844E01443D49228539260504137401
:10556000F40F19C983C7040083C61400CE9703C77C
:10557000D701558FA38EE7008904E31F24FD03C7DD
:10558000090283C7E90183964189134707F893C746
:1055900007042380E902238FF90063C406006FD05B
:1055A000CFBA3D45D12465DD03C7A90183C7C90131
:1055B00005078507238DE900238EF9006FD0EFB82A
:1055C000EFD26FB583D7018993C7F7FFC207C183B5
:1055D0001387A1888583035607009386418293D55C
:1055E0008700A380F6002381B6006303F608854692
:1055F0002386D18845468145138511542310F70031
:10560000EFD0CFB913890154930710032300F90099
:1056100097540000938444400144130A0021C14977
:10562000B3578A00858B1375F40F85E3352C330748
:10563000890001CD8347190003C6040083C6140006
:10564000D18FA300F9002301D70005048904E319D1
:1056500034FD1145112C09E5930730032303F900AC
:105660002545192401E59147A305F9006FD0EFAD59
:105670002386018841B7EFD2AFABD920E52A9387C3
:10568000618983D407002390A7002A84B34795003B
:10569000239AF188EF208008EF20C02A1387218900
:1056A0009347F5FFC20783560700C1832398F1880B
:1056B0006383F6022310F700EF20805983A78181CE
:1056C00083C7670005476380E7020D47638BE700E8
:1056D000BD336FD02FA82310D700E31F94FC6FD0E9
:1056E0006FA7F93DF5B78935E5B79317150013870F
:1056F00041623E979386416483570700AA9603C68A
:10570000060086078D46D18FC207C1832310F7009C
:105710006381D70241679306F7FF638CD700711747
:105720006383E70091E793874161AA97238007008D
:10573000828093874161AA9705472380E700828092
:10574000EFD20F9C37140140854513050480EFD03C
:10575000DFAFB94513050480EFD0BFAD371B014063
:1057600093050040130504C0938A4164EFD07FACD9
:105770008144214A13090BC08D49154C914C054DAC
:10578000930B0B802945EFD06FA2D68D0144B31542
:105790008A00C205C1814A85EFD07FA71335150065
:1057A0002380AD000504950DE31334FF8504850ABD
:1057B0006385840763823405638694036385A40943
:1057C000914513050B80EFD05FA8AD4513050B8005
:1057D000EFD03FA69305004013050BC0EFD07FA587
:1057E00089444DB74A8593050040EFD01FA6BD45BB
:1057F0005E85EFD01FA479B713050B80A145EFD0CC
:10580000DFA413050B809D45EFD0BFA29305004098
:1058100013050BC0EFD0FFA1B5B7C14513050B8031
:10582000EFD0FF9E1335150093874164A387A7002F
:105830000144C144228505041374F40F7D35E31B34
:1058400094FE6FD0AF8F13050B808945EFD0FF9F7B
:1058500013050B80B545EFD0DF9D93050040130580
:105860000BC0EFD01F9D39BF93874161AA9703C535
:10587000070082809386416181470145414603C705
:10588000060085063317F700598D420585074181CB
:10589000E397C7FE8280C205D18D220533E6A500BD
:1058A000014317CFFF1F130F2F81930ED039FD55E2
:1058B0009308D0340D4E3308D30315457A98B306B8
:1058C000A8005D47B357E600858BFD1793F7A7FB4C
:1058D000938737072380F6007D178506E314B7FE0C
:1058E0006105E31E15FD0503E317C3FD82809307E1
:1058F000D0393308F5024206A205558E97B7FF1F2F
:105900009387877B4D8E1545FD559308D0343E987F
:10591000B306A8005D47B357E600858BFD1793F7E4
:10592000A7FB938737072380F6007D178506E314CE
:10593000B7FE6105E31E15FD8280EFC27FFF1305F0
:105940000020EFD04FE319E16FD0CF8013050002A4
:10595000EFD06FE275D937052000EFD0CFE16DD5DC
:1059600013050020EFD00FE213050002EFD08FE106
:1059700037052000EFD00FE1B70400401385044045
:10598000814537040240EFD07FE9130504038145C8
:10599000EFD0CFDC1305C4018145EFD02FDC130518
:1059A000C4068145EFD08FDB130504039305D0397E
:1059B000EFD02FDC1305C4019305D039EFD06FDB96
:1059C0001305C4069305D039EFD0AFDA1305C4012F
:1059D0008545EFD0AFD8130504038545EFD00FD828
:1059E0001305C4068545EFD06FD785451385044060
:1059F000EFD0DFE26FC01FF6EFC29FF3EF20A02CC5
:105A00002D3FEFE09FE56FC0FFF49307200263F3A3
:105A1000B70082809307D0393305F50293971500BC
:105A2000AE978E0793950601220693865700B3E73B
:105A3000E5005D8E97B7FF1F93870768AA96BE960D
:105A40005D47FD55B357E600858BB307F04093F7EC
:105A500067049387D7022380F6007D178506E3133A
:105A6000B7FE82800DBD61B53336C0000606B33780
:105A7000D000B335B000D18F8A0593868189CD8F50
:105A800036952300F5000146BD47F55503C70600CE
:105A900085063317F700F517598EE399B7FE32855F
:105AA00023A0C18A6FE03FDF93878191D84B9C4F41
:105AB0009305650003461700834627000347370018
:105AC0002380B700A380C7002381D700A381E7000C
:105AD00023820700A382A700828097A7FF1F83C7A6
:105AE000A75381E789472388F18A82808D4763F431
:105AF000A70617C7FF1F1307A70983470700834699
:105B00001700D58FB9E7834627009307F00F6392FC
:105B1000F6048347370083464700BE9693F6F60F98
:105B20008DEAF91793F7F70FA301F7006365F50204
:105B30000346570085059306500D93F5F50F631A3C
:105B4000D600034767006316B70013950701418528
:105B500082807555828071558280EFC27FDD17A4E7
:105B6000FF1F1304244B0345340089473971230078
:105B7000F1009307F00F6307F500EF206003FD5776
:105B8000A301F400930730209305803E1705000021
:105B90001305A5212310F400EF10707B97A7FF1FBA
:105BA0009387C74883C6970003C6870003C7A7002B
:105BB00083C7B700A206D18E4207558FE207A30123
:105BC000A400D98F0A8581460146854582972161C7
:105BD0006FC05FD8EFC2DFD517A4FF1F1304844343
:105BE000034534009307401139713EC09307F00F0D
:105BF0006307F500EF10D07BFD57A301F400856526
:105C00009307301093858538170500001305E519B3
:105C10002310F400EF10B07397A7FF1F938707417D
:105C200083C6970003C6870003C7A70083C7B700D2
:105C3000A206D18E4207558FE207A301A400D98F97
:105C40000A85814601469145829721616FC09FD0A8
:105C5000EFC21FCE17A4FF1F1304C43BB707FF01F9
:105C6000397193872753034534003EC0C14723024F
:105C7000F1009307F00F6307F500EF107073FD5705
:105C8000A301F400930730309305803E1705000010
:105C90001305A5112310F400EF10706B97A7FF1FD9
:105CA0009387C73883C6970003C6870003C7A7003A
:105CB00083C7B700A206D18E4207558FE207A30122
:105CC000A400D98F0A8581460146954582972161B6
:105CD0006FC05FC8EFC23FC497A4FF1F9384843393
:105CE00083C61400938781912547804F03A94701FC
:105CF000AA896382E6048347390083461900034773
:105D0000290019462300C400A301F400A300D40015
:105D10002301E40003C5340085472380F400A30277
:105D20000400230234019307F00F6315F506EFE03A
:105D30008FBA6FC09FC1EFE0BFCB55DD0145EFE0EB
:105D4000FFCB17A6FF1F1306C62D97A5FF1F938530
:105D5000C52C2285EFE03FDA03461900834629006F
:105D600003473900930565002300B400A300C40075
:105D70002301D400A301E400AA8703C53400A302D1
:105D8000F40085472380F400230204009307F00FFA
:105D9000E30FF5F8EF10D061FD57A381F400EFE0B9
:105DA0008FB36FC09FBAEFC2BFB817A7FF1F13070B
:105DB00067268346070093848191954703A9440190
:105DC000804C638BF604834717009D462300D70061
:105DD0002947636BF700175700001307E7C78A07C7
:105DE000BA979C43BA978287834739008346190044
:105DF000034729001946A301F4008D472300C4007E
:105E0000A300D4002301E400A30204002302F40051
:105E1000EFE06FAC6FC01FB485472300F7006FC081
:105E20007FB38347390083461900034729001D4685
:105E3000A301F40085472300C400A300D40023017C
:105E4000E40023020400A302F40023030400EFE0B3
:105E50008FA86FC03FB083473900834619000347BE
:105E600029001946A301F40085472300C400A300BC
:105E7000D4002301E400A30204002302F400EFE0B5
:105E80008FA56FC03FADEFE0BFB645C10145EFE064
:105E9000FFB617A6FF1F1306C61897A5FF1F938509
:105EA000C5172285EFE03FC5D8489C4C9305650097
:105EB0000346170083462700034737002380B700B7
:105EC000A380C7002381D700A381E70023820700B6
:105ED000A382A700EFE02FA035BF83C7018B8DFB06
:105EE000EFF0BFC735B783C7018BE39307F28D335C
:105EF00005B7834739008346190003472900A301EA
:105F0000F400B1474946A302F40085472300C400CA
:105F1000A300D4002301E40023080400A308040024
:105F20002302F400EFE02F9BF5B5D8488346A90182
:105F30009C4C034517008345270003463700139701
:105F400046001377F70F2309D40023080400A308A1
:105F500004009306370135072380D700A380A700EC
:105F60002381B700A381C70023820700A382E70033
:105F7000EFE06F9645B5EFC2BF9B17A4FF1F130458
:105F8000E40A8346140003460400034724008347C1
:105F90003400A206D18E420717A6FF1F13068607FC
:105FA000558FE207FD56A301D600D98F23020600C4
:105FB00082978346540003464400034764008347A6
:105FC0007400A206D18E4207558FE207D98F8297BF
:105FD0009305400617050000130565B8EF1030372C
:105FE0009305800C170500001305C5C6EF10303669
:105FF0009305C01217050000130505BEEF103035DC
:106000009305007D17050000130565ADEF103034D2
:106010006FC05F94EFC2DF9117A4FF1F130484FFCA
:1060200083473400397113072013C98D2310E10011
:106030002301B1001307F00F6388E7003E85EF10DE
:106040003037FD57A301F400930730409305803E9D
:1060500017050000130565D52310F400EF10302F4D
:1060600097A7FF1F938787FC83C6970003C6870007
:1060700003C7A70083C7B700A206D18E4207558F7A
:10608000E207A301A400D98F0A85814601468D4508
:10609000829721616FC01F8CEFC29F898347570091
:1060A000834E0700034E1700034327008348370041
:1060B00003484700B336D0001376F60F3971220635
:1060C00093860606D18E130700142E862E84AA8589
:1060D0001305A100A304F10097A4FF1F938484F388
:1060E0002310E1002311D1002302D101A302C10139
:1060F00023036100A303110123040101EFC05F86A4
:1061000003C534009307F00F6307F500EF10502A22
:10611000FD57A381F400930730609305803E170577
:106120000000130585C82390F400EF10502297A7B4
:10613000FF1F9387A7EF83C6970003C6870003C797
:10614000A70083C7B700A206D18E4207558F9305DB
:10615000A400E207A381A400D98F0A8581460146E5
:1061600093F5F50F829721616FC0CFFEEFC24FFC10
:1061700017A4FF1F130404EA39711307001483479F
:1061800034002310E100130700032301E100A30101
:10619000A1001307F00F6388E7003E85EF10502140
:1061A000FD57A301F400930730709305803E170557
:1061B0000000130585BF2310F400EF10501997A7B6
:1061C000FF1F9387A7E683C6970003C6870003C710
:1061D000A70083C7B700A206D18E4207558FE207FA
:1061E000A301A400D98F0A85814601469145829773
:1061F00021616FC02FF6EFC2AFF3935785001317DD
:10620000850017A4FF1F1304E4E05D8F03453400ED
:10621000C16739719387A7143EC02312E10023039D
:10622000B100A30301009307F00FB2846307F500E8
:10623000EF101018FD57A301F4008567A68593871A
:10624000378017050000130545B62310F400EF1042
:10625000101097A7FF1F938767DD83C6970003C6BB
:10626000870003C7A70083C7B700A206D18E4207E5
:10627000558FE207A301A400D98F0A858146014604
:10628000A145829721616FC0EFECEFC26FEA3971CF
:106290001384518AEFE04FEE83470400A5CF97A403
:1062A000FF1F938424D703C534009307A014231041
:1062B000F100230101009307F00F6319F50693071E
:1062C00030509305803E17050000130505AE23905E
:1062D000F400EF10D00797A7FF1F938727D583C639
:1062E000970003C6870003C7A70083C7B700A206AD
:1062F000D18E4207558FE207A381A400D98F0A856A
:10630000814601468D45829781472300F400216133
:106310006FC04FE441651306803E85457D15E13D24
:1063200085472300F40021616FC0CFE2EF105008D1
:10633000FD57A381F40061B71D71A2CCA6CAD6C2D5
:1063400086CECAC8CEC6D2C4801097AAFF1F938A31
:106350006ACC2A83C14703C53A008A8463E7671879
:106360009147B28863E3C718330AC300150A060AC7
:10637000137AFA0F13091A0097A7FF1F9387E7C92B
:106380001379F90F83C3070083C2170083CF270057
:1063900003CF370083CE470003CE570003C8670002
:1063A00003C677001307F9009377071F3301F14005
:1063B00023811A0199472300F100A30071002301F2
:1063C0005100A301F1012302E101A302D101230342
:1063D000C101A30301012304C100A30461008A8950
:1063E000630F03121316130029069307A1000A96E0
:1063F00003D705008907890513588700A38F07FF76
:10640000238FE7FEE396C7FE93151300A90593F5C6
:10641000F50F3387B900938715002300170193F711
:10642000F70F638C080286088508C69593F5F50F6B
:1064300003D60600138717003388F9001377F70F88
:10644000935886002300180189074E9793F7F70F9A
:106450002300C7008906E39DB7FC9307F00F631084
:10646000F5088567938737909305803E17050000F0
:106470001305A5932390FA00EF10606D97A7FF1FF7
:106480009387C7BA83C6970083C5870003C7A70051
:1064900083C7B70003C65A00A206CD8E4207558FA8
:1064A000E20793060004090AA381AA002300D4FA94
:1064B000A300C4FA230144FBD98FCA864E868D45BA
:1064C000130504FA82972681130104FAF640664404
:1064D000D6444649B649264A964A25618280EF103D
:1064E000206DFD57A381FA00ADBF9307F00F631233
:1064F000F50285679387779081451705000013059E
:10650000C58A2390FA00EF108064A381AA00268137
:1065100065BFEF10E069FD57A381FA00D9BFA94517
:10652000CDBDEFC24FBF97A7FF1F938727B083C68C
:10653000D70003C6C70003C7E70083C7F700A2065A
:10654000D18E4207558F9384418AE207138481914B
:10655000D98F17B5FF1F1305A5634111A685032A1F
:106560004401832984012382018A829703C50400A0
:1065700009CD17A9FF1F1309E9A9834709000D4792
:106580006388E7001147638BE70041016FC0EFBBF1
:1065900091472300F900954763E0A702834719005C
:1065A0002947E364F7FE174700001307A74D8A0742
:1065B000BA979C43BA97828797B7FF1F9387475D27
:1065C00003C6470003C727009306F00F83C50700E3
:1065D000718F03C8170003C63700E311D7FC83C6C9
:1065E0005700B3E505013367B600558F45FB930AA5
:1065F000A5FF568697B5FF1F9385E5593E85EFC0E9
:106600008FB713F5FA0F2380A40041D141BF930542
:106610000004EFF0AFCD6347050E03453900954701
:106620002300F9009307F00F6307F500EF104058BF
:10663000FD57A301F90058481C4C494583451700F4
:1066400003462700834637003147A382E70003C78C
:1066500059002380A700A380B7002381C700A3812E
:10666000D7002382070023880900A3880900238319
:10667000E900EFD05FA611BF93050004EFF00FC74C
:106680006342050897B4FF1F9384845083C7740046
:1066900093F7F7039DE79307F5FF03C78400C2074D
:1066A000C1876391E70603472900FD1712073107E9
:1066B000639AE70483C7240103C73401D98F638F2A
:1066C000073E0545EFF00FE1C9B59305A004EFF0D3
:1066D000EFC1E34805FE97B4FF1F9384644B83C763
:1066E0007400638507220547E39DE7FC03CA940015
:1066F00003C784009307EAFEA302E90093F7D70FCC
:10670000638F07241145EFF0EFDC41B593050004DA
:10671000EFF0CFBDE34805FE97B7FF1F83C7B7472C
:10672000CDF30345390095472300F9009307F00F97
:106730006307F500EF10C047FD57A301F900584863
:106740001C4C594883462700034517000347370070
:106750004146A380A700A381E700414797B5FF1FEB
:1067600093858543238007012381D7002382070077
:10677000A382E70013856900EFC08F9EEFD0BF951D
:1067800029B593050004EFF06FB6E34D05F697B712
:10679000FF1F83C7574095F70345390095472300EE
:1067A000F9009307F00F6307F500EF106040FD5705
:1067B000A301F90058481C4C99450346170083462D
:1067C0002700034737002380B700A380C700238139
:1067D000D700A381E70023820700A3820700EFD040
:1067E0009F8F65B39305A004EFF04FB0E34B05EC2A
:1067F0000345390095472300F9009307F00F63071D
:10680000F500EF10E03AFD57A301F90097B4FF1F20
:106810009384043883C774006388071003C7340067
:106820009547E3F1E7EE58481C4CB54583462700F1
:1068300003461700034737002381D7002380B700A2
:10684000A381E7001D47A380C70023820700A3821E
:10685000E70003C7C40083C734002384E90093061C
:106860005700E3D1F6EA814705C33387F400834636
:10687000D7003387F9008507A304D70003C7C400F6
:1068800093F7F70FE3E3E7FE85472383F900C1475A
:10689000A383F900EFD03F84CDB993052003EFF037
:1068A000EFA4E34105E60345390095472300F900CD
:1068B0009307F00FE30BF5CCEF10802FFD57A301EA
:1068C000F900E1B193052003EFF04FA2E34C05E29C
:1068D0000345390095472300F9009307F00F63073C
:1068E000F500EF10E02CFD57A301F90085472302C6
:1068F000F90061B98945EFF06F9FE35B05FC19B5BD
:10690000D145EFF0AF9EE35505FCEDBB03453900E3
:1069100095472300F9009307F00F6307F500EF1088
:106920002029FD57A301F90058481C4C9D450346FA
:10693000170083462700034737002380B700A38052
:10694000C700A381E70005472381D7002382070002
:10695000A382E70023830900EFD0EFF73DB10345A1
:10696000390095472300F9009307F00F6307F500FE
:10697000EF100024FD57A301F90097B7FF1F93877D
:1069800027211387990017B6FF1F1306E62083C639
:10699000B70085070507A30FD7FE83C62701A3030A
:1069A000D700E396C7FE83C8190103C8290103C5B0
:1069B000390183C5490103C6590183C6690103C76B
:1069C000790183C7890123071901A3070901230856
:1069D000A900A308B9002309C900A309D900230A03
:1069E000E900A30AF90083C8990003C8A90003C5F8
:1069F000B90083C5C90003C6D90083C6E90003C72F
:106A0000F90083C70901230319012306E900A3063E
:106A1000F900A30309012304A900A304B900230575
:106A2000C900A305D900514781476318EA0083C70D
:106A3000C40103C7B401A207D98F9795FF1F93859F
:106A4000C55E1795FF1F1305455D231BF900EFD0A9
:106A50001FF30DC1AD472316F10013873901E1770C
:106A60009306E10005466C0005452317F100EFF0A1
:106A7000BF8C21BE1796FF1F1306A65A9795FF1FBE
:106A80009385A5594E85EFE00F8754481C4C2A8703
:106A900083C5160003C6260083C636001905238069
:106AA000A700A380B7002381C700A381D70023825A
:106AB0000700A382E700EFD00FE2C1BC0345390015
:106AC00095472300F9009307F00F6307F500EF10D7
:106AD000200EFD57A301F900834729008DCF5546AD
:106AE0009207330636419386090133853701CE85F7
:106AF0001376F60F2E87B307E60093F7F70FA697E6
:106B000083C7070005072309F700E316D7FEC10571
:106B1000C106E311B5FEEFD0BFED0DC513853901F8
:106B2000EFD0DFED1796FF1F1306A64F9795FF1FB7
:106B30009385A54E4E85EFD01FFCEFE0FFF6EFD01A
:106B40008FD9A1B48347AA0123880900A38809002B
:106B50001394470035041374F40F2389F900228538
:106B6000EFE09FF423838900EFD0EFD639BC1D718D
:106B7000A2CCCAC8D6C286CEA6CACEC6D2C48010FF
:106B8000979AFF1F938A0A492A88C14703C53A008A
:106B90000A8963EB071DA94763E8C71C131A36006F
:106BA000429A329A150A060A137AFA0F93091A00C2
:106BB0009797FF1F9387674693F9F90F83C40700E0
:106BC00083C3170083C2270083CF370003CF47005A
:106BD00083CE570003CE670003C377009388F90084
:106BE00093F7081F3301F1402381CA00A147A30096
:106BF00091002300F10023017100A3015100230241
:106C0000F101A302E1012303D101A303C101230484
:106C10006100A30401018A8463020818131E18008E
:106C2000290E9307A1000A9E83D8050089078905CC
:106C300013D38800A38F67FE238F17FFE396C7FF48
:106C400093151800A90593F5F50F3388B4009387C1
:106C500015002300C80093F7F70F3DCE1318160058
:106C60000508C29593F8F50FBE8503D30600138877
:106C70001500338EB4001378F80F935E8300230061
:106C8000DE018905269893F5F50F23006800890633
:106C9000E39D15FD9306F6FF8606B69793F7F70F6B
:106CA000998F9315460013862700BA86930807012B
:106CB0001376F60F2E97B68503C80500B307B60006
:106CC00093F7F70FA697238007018505E396B8FE93
:106CD000C106C108E391E6FE9307F00F6310F508C3
:106CE0008567938737A09305803E17F5FFFF13054F
:106CF000C50B2390FA00EF0090659797FF1F9387CD
:106D0000E73283C6970083C5870003C7A70083C700
:106D1000B70003C65A00A206CD8E4207558FE20780
:106D200093060004090AA381AA002300D4FAA30051
:106D3000C4FA230144FBD98FCE8626868D451305E0
:106D400004FA82974A81130104FAF6406644D64455
:106D50004649B649264A964A25618280EF00506529
:106D6000FD57A381FA00ADBF9307F00F6312F50240
:106D70008567938777A0814517F5FFFF1305E50227
:106D80002390FA00EF00B05CA381AA004A8165BF9E
:106D9000EF001062FD57A381FA00D9BFA94575B570
:106DA000EFB21FB993858191DC499796FF1F9386B7
:106DB000662603C5D60083CF660003CF760083CE58
:106DC000860003CE960003C3A60083C8B60003C89E
:106DD000C60003C6E700984D2386A700A382F701EB
:106DE000130516002383E701A383D7012384C7017A
:106DF000A384670023851701A3850701A303A700C8
:106E0000214541116307A60A637AC504B1476304AB
:106E1000F60E9307400A6312F612D4499C4D45457D
:106E200083C5160003C6260083C636002380A7004C
:106E3000A380B700A381D700AD462381C70023827A
:106E40000700A382D70023080700834757002303C6
:106E5000F700EFD04FA841016FB0DFAF6308061015
:106E60009946631CD60C83C6970183C5870103C668
:106E7000A701A206CD8E2313D1009318160034006B
:106E80003685BE9811CE83C5B70103C8C7018907EF
:106E9000A205B3E505012310B5000905E39517FF29
:106EA000930561004D070545EFF00FC941016FB033
:106EB0007FAA03C7C70103C6B70103C8970183C6EA
:106EC00087012207518F9318870022082183336896
:106ED000D800B3E8E8003400930561001387D701B8
:106EE000054605452313010123141101EFF03FC8A6
:106EF00041016FB03FA6D0499C4D4D480345160057
:106F0000834526000346360023800701A380A7009F
:106F1000A381C70035462381B70023820700A382DF
:106F2000C70085472308F70083C76601A308F70059
:106F300083C776012309F70009BFD4499C4D194541
:106F400083C5160003C6260083C636002380A7002B
:106F5000A380B7002381C700A381D7002382070045
:106F6000A38207008D472302F700C5B5D0499C4D89
:106F700069480345160083452600034636002380F2
:106F80000701A380A700A381C70051462381B70052
:106F900023820700A382C70003C6660183C7760168
:106FA000230CC700A30CF7004DB5EFB27F987971A1
:106FB0008545116502CA02CC02CE02D002D202D4AB
:106FC00002D602C602C8EFC08FEC85451145EFC05E
:106FD0000FEC37140140930700200D494C081305AE
:106FE0000480231AF100E1474ACC3ECEEFC0AF8DBA
:106FF000930700404C0813050480231AF1009147C1
:107000003ECEEFC04F8C930700104C081305048050
:10701000231AF100C1473ECE4ACCEFC0CF8AF167B8
:10702000B7440140938707200C10138504803ED09D
:10703000B7070C003ED42316010202D2EFC05F9CBA
:1070400013850480054693055052EFC0FFAC0546FA
:107050009305404213850480EFC01FAC9307501383
:1070600068002316F10085473EC823070100EFC0E2
:107070002FC2138504808545EFC05FA893050010DB
:1070800013050480EFC0EF9A45616FB0BF8CEFB27B
:107090003F8A973700009387E7DE8C43D0439447BD
:1070A00003D7C70083C7E7004111374401402EC012
:1070B00032C236C42316E1002307F1008A84130983
:1070C000F1001304048083C504002285EFC07FA86B
:1070D000930500082285EFC01FA97DD98504E3949C
:1070E00024FF41016FB01F87EFB2FF828347050085
:1070F000AA8437450140AE8A130505808145B7490A
:1071000001403289368AA388F18A2A84EFC07FA49D
:10711000930500082285EFC01FA57DD9138509803E
:107120008145B7490140EFC0DFA213840980930570
:1071300000082285EFC03FA37DD913850980930500
:10714000F00FB7490140EFC0DFA013840980930519
:1071500000082285EFC03FA17DD9B3874A0193F78C
:10716000F70F938517001385098093C7F7FF374BF7
:10717000014093F5F50F93F9F70F13040B80EFC05F
:107180005F9D930500082285EFC0FF9D7DD9CE85C8
:1071900013050B80B7490140EFC0BF9B13840980E2
:1071A000930500082285EFC01F9C7DD99305400DF3
:1071B0001385098037440140EFC0BF991304048050
:1071C000930500082285EFC01F9A7DD9638B0A0AB8
:1071D00037440140A69A9309400D1304048083C5E7
:1071E00004002285EFC0FF96930500082285EFC0BA
:1071F0009F977DD983C704008504CE9793F9F70F35
:10720000E39F54FD630A0A02374401404A9A13047B
:107210000480834509002285EFC0BF9393050008D1
:107220002285EFC05F947DD9834709000509CE9779
:1072300093F9F70FE31F2AFDB305304137450140AD
:1072400093F5F50F13050580B7440140EFC07F901B
:1072500013840480930500082285EFC0DF907DD958
:1072600081451385048037440140EFC09F8E13048D
:107270000480930500082285EFC0FF8E7DD96FB092
:10728000CFEC9309400DBDBF411122C637440140E8
:107290009305505213050480EFC0BF8D49E9138454
:1072A000018B0347040085476316F7003244410110
:1072B0007300203037440140930540421305048099
:1072C000EFC03F8B65D5035704808357448083C745
:1072D000618A6393070C03C7918A9387C18A3E979B
:1072E000834607001387918AC5CE03C6718A8946F3
:1072F0009385718A63F7C60C83C6818A85062384C9
:10730000D18A03C6818A8D4663F4C6002384018A2C
:10731000834607000D46850693F6F60F2300D70037
:1073200083460700637ED606A384018A95A81305C9
:107330000480EFC0BF8283C7018B85461375F50FAC
:107340001384018B6389D70683C7618AB9FB03C79E
:10735000918A9387C18A3E97034607001387918AD3
:1073600093158601E1851376F60F63C905048345FD
:1073700007008346070017B7FF1F130767899E059D
:107380002E97930516003297B69713F6F50F230044
:10739000A7002380C70031B71387918A9387C18ADA
:1073A00003470700BA972380070032442383018AEA
:1073B000410173002030EFC07F90E5B52383D18A6F
:1073C000CDB583C60500850693F6F60F2380D5005C
:1073D00081B7EFB24FD437440140AA892E890146C4
:1073E0009305505213050480EFC00FF303C7018BC0
:1073F00085479384018B6309F7000146930540425A
:1074000013050480EFC04FF103C4718A1387718A9A
:1074100041C083C6818A9397760017A6FF1F130683
:10742000267FB29723A0F9009387C18AB69783C7B6
:1074300007008D462300F90083C7818A85072384CE
:10744000F18A83C7818A63F4F6002384018A834723
:107450000700374401400546FD1793F7F70F9305E2
:107460005052130504802300F700EFC0EFEA03C772
:10747000040085476316F700054422856FB0EFCC02
:1074800005469305404213050480EFC0EFE8EDB7D1
:107490003749014005469305505213050980EFC056
:1074A000AFE703C704008547E309F7FC05469305EA
:1074B000404213050980EFC02FE6C1B7EFB2AFC558
:1074C0004111AA8A2E8A9384018B89499305B100C0
:1074D0006800EFF01FF01DC583C704006387370302
:1074E00083C70400E5F70344B100B2455685228600
:1074F000EFB00FC79305B10023008A006800EFF0DA
:107500005FED79F941016FB04FC40349B100E30F5A
:1075100009FA32442299034504000504EFC00FFA2A
:10752000E31B24FF65B759BFEFB28FC0011185453A
:10753000116502C002C202C402C602C802CA02CC5D
:10754000231E0100EFC08F9685452145EFC02F9483
:107550003714014061498D448A85130504C085674D
:107560002310F1004AC426C2EFB0FFB58A85130587
:1075700004C089672310F1004AC426C2EFB0BFB42B
:1075800091678A85130504C02310F10091473EC41A
:10759000EFB07FB3E1778A85130504C02310F100B3
:1075A000374400404AC426C2EFB0FFB1130504803F
:1075B0008545EFC02F9BB70704013EC69307000225
:1075C0006C00130504803ECC9D47231EF10002C8C9
:1075D00002CAEFC08F8F1305048005468945EFC0AE
:1075E000CF961305048005468545EFC00F96854567
:1075F00013050480EFC04F9305616FB0AFB5EFB2D4
:107600008FB179712A84AE89054585453289B68462
:1076100002C202C402C602C802CA02CC02CE02D012
:1076200002D202D402D6EFC0AF842285EFB01F840D
:10763000C1473EC6930700084C003ECC22858567B3
:107640004EC24AC426C83ED402CA02CE02D002D2DA
:1076500002D6EFB0BF8C45616FB02FAFEFB2AFABCA
:1076600079712A84AE89054585453289B68402C27E
:1076700002C402C602C802CA02CC02CE02D002D2A2
:1076800002D402D6EFB0DFFE2285EFB02FFE9307C3
:1076900000083ECC930700103ECE930700404C00FC
:1076A0003ED0228585674EC24AC426C83ED402C653
:1076B00002CA02D202D6EFB07F8645616FB0EFA852
:1076C000EFB26FA579712A84AE8905458545328967
:1076D000B68402C202C402C602C802CA02CC02CEEA
:1076E00002D002D202D402D6EFB09FF82285EFB0CA
:1076F000EFF7930700084C003ECC228585674EC209
:107700004AC426C83ED402C602CA02CE02D002D261
:1077100002D6EFB0BF8045616FB02FA3EFB24FA18B
:107720001387818C1C4385466388D7008946638E06
:10773000D70EC5CF6FB00FA237050200EFB0BF83E1
:107740006307051C37050200EFB0DF830965EFB062
:107750007F8337450040814513050580EFB0DFFC8E
:107760001385018C034845002A879385318C930744
:10777000F00F173600001306A633834617000507DF
:10778000B58FB29783C70700E319B7FE93C7F7FF1A
:1077900093F7F70F6303F8183704024013058405C5
:1077A0008145EFB0AFFB130584059945EFB06FFC41
:1077B000130584058545EFB06FFA13054404814530
:1077C000EFB0CFF9130544049945EFB08FFA1305D4
:1077D00044048545EFB08FF83745004085451305D3
:1077E0000580EFB07FF46FB0EF969386018C83C76E
:1077F000160083C5260003C6360083C64600CD8F1B
:10780000D18FD58F1386D1828346060063840712F9
:107810009387F6FF93F7F70F2300F600C5EF854730
:107820001CC3A38601826FB0EF920945EFB0AFF49D
:10783000E30205F00945EFB0EFF497A7FF1F938728
:10784000275F17A6FF1F1306A666014783D607000A
:1078500089073697E31CF6FE198393170701C18742
:107860008395618C3386B7008146634E060081CFD5
:1078700005659306F5FF6358A6006386D7002E972B
:1078800093160701C1829387E18B2390D70003D71A
:10789000070037040240130584001347F7FF42072F
:1078A00041832390E70003D7070081451207420771
:1078B00041832390E700EFB06FEA1305840093053E
:1078C0008004EFB00FEB854513058400EFB00FE99E
:1078D0006FB04F88C146E3FFF6E437450040894763
:1078E0001305058081451CC337040240A38601822D
:1078F000EFB09FE3130584058145EFB02FE6814586
:1079000013054404EFB08FE5EF90406C25B5096591
:10791000EFB06FE6E31805E231BD8347250003476A
:107920001500A207D98F13978700A183D98F239FB2
:10793000F18A9DB59387160093F7F70FF1BD03D534
:10794000E18B82809385C18B83D7050003D7E18BC0
:1079500093160701D98E63F5E712B307F74093A793
:10796000171093C717006392070E1388418B834744
:1079700008009388818B17A5FF1F1305654993960F
:107980001700369503A608000353050093861700D9
:107990003A9633066640935736009D8A23A0C80066
:1079A0001386218B2310E5002300D80013970701CD
:1079B0008356060041832390E500BA87637CD70A8B
:1079C000B387F64093A7170493C7170081C7231006
:1079D000E600BA8683A7818183D747002167416586
:1079E000BE96C206E177C182BE9693971600B697FF
:1079F000BA9703C7C18263DBA708139507014181CA
:107A000063CE070215EF1386A1828357060063F346
:107A1000A70A3307F54042074183AA86A145368568
:107A200063FBE5009305000463E5E506B6978583EF
:107A30001395070141812310D60082802DC701458F
:107A40002395A18223860182828097A7FF1F9387B7
:107A5000273C1316370094C3D4C394C7D4C723ACB0
:107A6000C18A1386218B835606002390E500BA87CE
:107A7000E368D7F4958F93A7170493C71700B9B796
:107A8000998F93A7171093C71700F1BD7D1525DFB8
:107A900045BF13953600158D3E950D8142054181F8
:107AA0002310D60082801386A18283570600814668
:107AB0003E87ADB73387A74042074183AA86B9BF47
:107AC00003D7E18BE177998F03A781812312F70018
:107AD0008280411122C63714004085451305048079
:107AE000EFB07FEF09E53244410173002030130508
:107AF00004808545EFB0FFEF1387C18C1C433244EF
:107B000085071CC34101730020302A8817A7FF1F77
:107B10001307873A814741461443410799C68507B1
:107B2000E39CC7FE1305F00F82809396470017A7CA
:107B3000FF1F1307E737369713F5F70F85474CC339
:107B4000232007002306F7002324070182802A88C8
:107B500017A7FF1F130747368147414614434107C4
:107B600099C68507E39CC7FE1305F00F82809396A4
:107B7000470017A7FF1F1307A733369713F5F70F13
:107B80004CC323200700230607002324070182801B
:107B9000BD4763EEA700120597A7FF1F93874731E4
:107BA000AA9723A4070023A2070023A0070082802E
:107BB000BD4763EEA700120597A7FF1F9387472FC6
:107BC000AA9723A4070023A2070023A0070082800E
:107BD000EFA21FD6371400401305048001468545E7
:107BE000EFB0DFC5130504800546854503A9C18CA8
:107BF00017A4FF1F1304C42B23A6018C97A4FF1FF7
:107C00009384043BEFB09FC329A08296410463078D
:107C100094021444E5DE1C405840CA971CC03386C9
:107C2000E740E3E5E7FE8347C40010C0F9FF2324E3
:107C300004002322040023200400C1BF6FA09FD1B1
:107C4000F9572387F18283A7418D91C38287828070
:107C5000EFA21FCE138481811C409C438DC7938467
:107C6000E18203C504009307E00F6300F502EFF023
:107C70003FF41C40170500001305C5FC8C43EFF0D2
:107C80001FED2380A4006FA0FFCC83A7018D91C3BB
:107C90008297FD572380F4001305F00FC9BF938727
:107CA000418D984301E788C3014582801305F00F99
:107CB00082809387018D984301E788C301458280C4
:107CC0001305F00F828083A7818103C7770011C756
:107CD00003C767008D476303F7008280EFA25FC58B
:107CE0000545EFD07FB88547630DF50C8146014609
:107CF00085450545EFD05FD70945EFD0FFB68547ED
:107D00006301F5108146054681450D45EFD0DFD56D
:107D10000D45EFD07FB585478546630EF50C0146CE
:107D200081451545EFD05FD41145EFD0FFB39306E1
:107D3000F00F35E91306F00F9305F00FEFD0BFD227
:107D40001945EFD07FB285476300F50A81460146A9
:107D500085450145EFD05FD11D45EFD0FFB0854788
:107D6000630DF5068146054681450945EFD0DFCF15
:107D70002145EFD07FAF85478546630AF50401466C
:107D800081451145EFD05FCE2545EFD0FFAD93067D
:107D9000F00F0DE11306F00F9305F00F0545EFD03E
:107DA0009FCC6FA03FBB01469305F00F0145EFD07C
:107DB0009FCB79B701469305F00F0545EFD0BFCAB9
:107DC000CDB7854605468545EFD01FCA35B7054670
:107DD00085451145EFD05FC945BF854605468545B8
:107DE0000945EFD07FC869B78546054685450145F9
:107DF000EFD09FC795B7054685451545EFD0DFC63F
:107E000025B78546054685450D45EFD0FFC509B721
:107E1000EFA21FB2EF90A033EF9000431305004094
:107E2000EFB04FF40545EF800020EF80601D130593
:107E30002003EFA05FBBEFC0BFACEF908049EF9095
:107E4000A050EF9090202945EFA0FFB9EF90C02EF1
:107E5000EF90A02EEF90000BEF80002EEF80001D22
:107E6000EFE06F91EF80603AD14517E5FFFF130512
:107E7000E5B8EFF09FC9854517D5FFFF1305E57FEE
:107E8000EFF0BFC8954517D5FFFF13054583EFF009
:107E9000DFC7F94517E5FFFF1305E568EFF0FFC6FB
:107EA000EFF01FD3F5BF37050400EFB04F95730017
:107EB0002030092E730020308D4723AAF18E828056
:107EC00097A7FF1F83C7671189C7954723AAF18E1C
:107ED0008280854723AAF18E8280EFA27FA5AA84A3
:107EE0002E8411458545EFB08FFAB1CC376600403E
:107EF000032706C4C166F516758FB7170140232006
:107F0000E6C403A74780B716F0FFFD16758F23A2BE
:107F1000E78003A7C780F9769386F67F758F23A63F
:107F2000E78003A74780B7460400558F23A2E78068
:107F3000374702408327078039CC93E72700232067
:107F4000F7806FA03FA1B766004003A706C4B7172C
:107F50000140136727004207418323A0E6C403A71B
:107F60004780B716F0FFFD16758F23A2E78003A7A1
:107F7000C780F9769386F67F758F23A6E78003A7DF
:107F80004780B7360300558F23A2E780374702406A
:107F9000832707805DF0F59B2320F7806FA09F9BD0
:107FA0008280EFA2FF989385415D0545EF10106236
:107FB000930700046307F5000545EF10903A6FA0A2
:107FC0007F99EFD08FAC0545EF10B0396FA09F9827
:107FD0008280EFA2FF95938501501145EF10105F4D
:107FE000930700046307F5001145EF1090376FA069
:107FF0007F96EFC03FD51145EF10B0366FA09F952B
:10800000EFA21F93138441934C440945EF10105C79
:10801000AA87896509452305F40023080400EF10A9
:10802000702D6FA03F93EFA2BF90B767004083A76A
:1080300007C5373700204907C207C183BA978607AB
:108040009C431307000293F7F73F639DE700938774
:10805000419303C7970019E703C7570083C7470039
:108060006309F700930500020945EF1030246FA063
:108070007F8E0146814513052008EF105052C5BF81
:10808000EFA21F8B138481914C440D45EF101054C7
:10809000AA8789650D452305F40023080400EF1025
:1080A00070256FA03F8BEFA2BF88B767004083A702
:1080B00007C5373700206907C207C183BA9786070B
:1080C0009C431307000293F7F73F639DE7009387F4
:1080D000819103C7970019E703C7570083C747007B
:1080E0006309F700930500020D45EF10301C6FA0E7
:1080F0007F860146814513053008EF10504AC5BF01
:10810000EFA21F830D47AE843284630DE506636CD6
:10811000A7020547630FE50409476312E506EF1060
:10812000102393070003630CF504A685228613052C
:108130002008EF10D046094593050003EF101017F3
:1081400001456FA03F811147631BE502EF1030200E
:10815000930700036305F502A685228613054008F0
:10816000EF10F043114593050003EF103014014563
:10817000C9BFEF10D01D930700036318F502054532
:108180006FA04FFDEF10B01C93070003E309F5FE4D
:10819000A685228613053008EF1070400D45930523
:1081A0000003EF10B010014569BFA68522861305B4
:1081B0001008EF10D03E054593050003EF10100F97
:1081C000014541B7EFA2CFF637650040832705C5CB
:1081D00041679305F7FFB7360020ED8F9906B697F4
:1081E00086079C43130707C003D6418EF98F011100
:1081F000638CC700832705C5137606C0ED8FB6973D
:1082000086079843518F98C3B766004003A746C4BA
:108210009384419083D704002391E18E03D7218E6C
:108220007D8F137707201384218E19CB41671307A5
:10823000F7DF23A2E6C403C7018E05072380E18E82
:10824000035704007D8F4207418763440718035793
:1082500004007D8F1377074019CFC167376700404F
:108260009387F7BF2322F7C49787FF1F83A787FC55
:10827000829783D704000357040089667D8F758F2A
:1082800019C73967B76600407D1723A2E6C40357B4
:10829000040085667D8F758F6312071203570400F3
:1082A0007D8F2D83058B05C383A78184A1EB0945B1
:1082B000EF00C076BD679387F77F376700402322C2
:1082C000F7C483D7040003570400F98F93F707100E
:1082D0009DC3C166B76700401387F6EF23A2E7C4CA
:1082E00003A787C413160701634C060023AE018C55
:1082F0001D45EF00A07205616FA0CFE5AD255DBF04
:108300001387C18D10438D45050610C31843E3F153
:10831000E5FE03A707C4218B61FF83A507C413866D
:10832000F6FF9388818DB3F6C50023A0D80093870C
:1083300007C081462148884393952600938505020E
:108340008A95718D23A0A5FE85069107E39506FF0A
:1083500083A60800B7650040B767004093E61600A3
:1083600023A0D80083A60800F18E23A0D5C483A63D
:108370000800F99A23A0D80083A60800F18E23A054
:10838000D5C483A647C493F60640E5DE416693064E
:10839000F6BF23A2D7C47D16938707C0A1459316C5
:1083A0002700938606028A9683A606FE9107050794
:1083B000F18E23AED7FEE314B7FE0DBFBD67FD17E8
:1083C000376700402322F7C40145892D83D7040075
:1083D000F1B5EF10002083D7040095BD97A7FF1FCC
:1083E00083C7A7BF81C7954723AAF18E8280914793
:1083F00023AAF18E8280828099E5133525001345EA
:108400001500060582800945828011C51785FF1F6A
:10841000130585E5828083A7C1901D472398E70057
:108420008280EFA2EFD09384C1909C40854603C721
:10843000070003C6170083C527001377F7076309F2
:10844000D7029306100209456312D7026304E604BB
:1084500013070002631CE600170400001304244DF8
:1084600080CF239907000145029401456FA08FCE6C
:10847000130720026385E502130710020945E397FD
:10848000E5FE170400001304C44780CF01450294A1
:108490009C40F9B717040000130464F7D1B7170420
:1084A00000001304A443D5B703A7C1908347070076
:1084B00093061002014593F7F7076383D700828084
:1084C0008347170013072002E38BE7FE9387D7FD4E
:1084D000B337F000139517008280EFA26FC583A712
:1084E000C19023850700B129B7650040B7670040F8
:1084F0008566938707C09386F6F0138605C2984376
:108500009107758F23AEE7FEE39BC7FE9307F00F3D
:1085100023A2F5C4EF10B0068145014523AA018EC0
:10852000EFF0BF9B5145EFA00FCC85450545EFF01F
:10853000DF9A6FA02FC2EFA2AFBF83A7C19017979A
:10854000000003475724A384E70023950700014553
:10855000EF10C052930500200145EF102053C14594
:108560000145EF10A054930500050145EF10206D63
:10857000930500060145EF10806A0145EF10806207
:108580009785FF1F83C585CD0145EF1060730145B9
:10859000EF10205D37670040832707C09166F58F95
:1085A00089CF832707C085669386F6F0F58FB1667D
:1085B00093860608D58F2320F7C0376700408327AE
:1085C00007C093F7070489CF832707C08566938682
:1085D000F6F0F58FA1669386060CD58F2320F7C0A1
:1085E000930500600545EF10604A930500020545BC
:1085F000EF10C04B930500070545EF10406293054F
:10860000000B0545EF10A063930500040545EF102E
:10861000206B8D650545EF10E04D376700408327DF
:1086200047C093F7070489CF832747C085669386A1
:10863000F6F0F58FA1669386060CD58F2322F7C03E
:1086400037670040832747C09166F58F89CF83271E
:1086500047C085669386F6F0F58FB1669386060867
:10866000D58F2322F7C081450945EF10204293059D
:1086700000020945EF1080439305000D0945EF10F6
:10868000005A9305000F0945EF10605B9305000247
:108690000945EF10E0628D650945EF10A045376789
:1086A0000040832787C09166F58F89CF832787C0D5
:1086B00085669386F6F0F58FB16693860608D58FAA
:1086C0002324F7C037670040832787C093F7070448
:1086D00089CF832787C085669386F6F0F58FA166DC
:1086E0009386060CD58F2324F7C081450D45EF10E6
:1086F000E039930500020D45EF10403B9305001152
:108700000D45EF10C051930500130D45EF10205398
:10871000930500020D45EF10A05A8D650D45EF1031
:10872000603D376700408327C7C09166F58F89CFCA
:108730008327C7C085669386F6F0F58FB16693866A
:108740000608D58F2326F7C0376700408327C7C0A8
:1087500093F7070489CF8327C7C085669386F6F011
:10876000F58FA1669386060CD58F2326F7C0930557
:1087700000601145EF108031930500021145EF10A4
:10878000E032930500171145EF1060499305001B77
:108790001145EF10C04A930500041145EF104052F7
:1087A0008D651145EF10003537670040832707C1FD
:1087B00093F7070489CF832707C185669386F6F070
:1087C000F58FA1669386060CD58F2328F7C03767EF
:1087D0000040832707C19166F58F89CF832707C1A2
:1087E00085669386F6F0F58FB16693860608D58F79
:1087F0002328F7C00145EF00B059854723AAF18E21
:108800006FA04F959385C1836F0000789385418356
:108810006F00807783A7C19083C53700214783D736
:108820004700636BB706EFA2AF90130740412A865B
:1088300093965500636EF702130730406370F7029A
:1088400005479387C7BFB317F70041671307171092
:108850007D8F29E705674107F98FA5E39785FF1FFE
:108860009385C588B6953285EF0000726FA08F8E14
:10887000056713074710E393E7FE9787FF1F93876A
:10888000E786B385D70003D7C50179DF93858601D5
:10889000BE95EF00606FD9BF014582809787FF1FAB
:1088A0009387C784B385D70003D7450155DF9385E8
:1088B0000601BE95EF00406D55BF9787FF1F938758
:1088C000E782B385D70003D7C50059DF93858600BB
:1088D000BE95EF00606B59BF83A7C19083C5570059
:1088E0008547F11513F7F50F63F4E7000145828022
:1088F0009777FF1F9387877E8E05BE9571A583A707
:10890000C19083C557008547F11513F7F50F63F440
:10891000E700014582809777FF1F9387277B8E05AD
:10892000BE959DA582808280828011C51785FF1F1C
:1089300013058593828083A7C1901D472398E70084
:108940008280B7670040054723A0E7C423A007C47F
:10895000096723A207C4130707C02392E19023A04D
:10896000E7C40145828037660040832806C441651C
:10897000130606C0C20893D8080181479795FF1FC8
:10898000938505637D1521481442139727002E9780
:10899000E98E14C385071106E39807FF3767004087
:1089A00093E708402320F7C493F7E8FF93E81840C3
:1089B00093E6074013980701232017C513580801B1
:1089C0002320D7C4B767004003A747C413770740E5
:1089D00065DF41661307F6BF23A2E7C47D169387C0
:1089E00007C00147214593162700AE969442910790
:1089F0000507F18E23AED7FEE317A7FE37670040C9
:108A0000936788402320F7C4832707C4C207C18324
:108A100093E747002320F7C46FF00FCAEF925FF18E
:108A20009D471384C18E6303F50008C01C401547A1
:108A30006369F70C17270000130787178A07BA978F
:108A40009C43BA97828737670040832707C4C207D1
:108A5000C18393E707012320F7C495471CC0A947AA
:108A60002302F4006F901FEF83474400FD1793F734
:108A7000F70F2302F40083474400EDF73767004007
:108A8000832707C4C207C183BD9BC207C1832320BC
:108A9000F7C499471CC023A4018EE9B783A7818E30
:108AA000ADC795471CC07DBFB764004083A704C411
:108AB000C207C183ED9BC207C18323A0F4C4EFF0BA
:108AC0002FC0B167938707F023A0F4C491471CC05F
:108AD000854723A4F18E6F90FFE789472302F400B6
:108AE0008D471CC06F901FE783474400FD1793F725
:108AF000F70F2302F40083474400ADF791471CC0F1
:108B000095B799471CC06F90FFE4B764004083A7F6
:108B100004C4C207C183ED9BC207C18323A0F4C470
:108B2000EFF00FBAB167938707F023A0F4C4994719
:108B30001CC00DBF01CDEF92BFDF83A701909C4306
:108B4000829703A5C19029056F90DFE083A7C190AC
:108B500005472398E700828001CDEF927FDD83A750
:108B600001909C47829703A5C19031056F909FDECD
:108B700083A7C19005472398E700828003A7C1908F
:108B800059C5239E018E834707009386C18F93F7B3
:108B9000F7079DE78347970013D7470093F707042C
:108BA000098BA9CF136717002380E600EF925FD8E7
:108BB00083A701909C4B82971385C18F6F909FD99B
:108BC0000546638BC70409466396C70403475700ED
:108BD00037660040130606C09377F7008A07B297FE
:108BE00062079C436187634E07000D660567F18F3E
:108BF000E39EE7FA85472380F6004DBF2380E60019
:108C000075B7414793F70703E392E7FAE5B789475A
:108C10002318F700014582801385C18F8280EF926F
:108C20009FCF138AC19083240A0003D4040183C90F
:108C3000840019E491476387F9069149014409A822
:108C400083D7440163FA8706894963F387003E842A
:108C50009C4C42044180228582972A890145EF106D
:108C60002000AA8522864A85EF00F05CA285014596
:108C7000EF10200383D7040103D72401818FC2079B
:108C80003A944204C183C18F9CC893070003832494
:108C90000A002399F1908D67239AF190238434017F
:108CA0006F90BFCA03A7818F85476309F700C1474B
:108CB0002399F1909D49DDB7914941BFB7670040C5
:108CC00083A707C5373700200907C207C183BA97B2
:108CD000860723A00700930700032399F19023AC94
:108CE000018E6DBF83A7C19003C7370083C651842F
:108CF000094563E3E60283C6270099EE83D6470061
:108D000081EEEF92FFC22385E70083A70190DC4349
:108D1000829701456F901FC48280EF927FC11384B8
:108D2000C1901C4003A78190184F83C5370003C52D
:108D30005700411102971C4003C7A70015CB2AC654
:108D400005E903C747000DE783C7270095E383A71D
:108D50000190DC4782971C40324583C6570003C709
:108D60003700A385D7002386E70041016F909FBE9F
:108D7000094541016F901FBE03A7C19083470700BB
:108D800093F7F707A5CB894609456383D70082800F
:108D900083572700EDFF83474700F5FBEF925FB94C
:108DA00083475700B7660040938606C013F6F7F76F
:108DB000131426003694E2071440E18763C40704C5
:108DC0008D65ED8E83C5418409456373B6028DC2FE
:108DD0000347A70011CF63CA07021C408D640567D3
:108DE000E58F6385E70483A70190DC4B82970145FB
:108DF0006F905FB683479700014593F7F7FDA30493
:108E0000F700828093F6060375BF1C40414793F735
:108E10000703E39AE7FC1374F60F2285EF00905DD9
:108E2000930500032285EF00704875BF39E29775FE
:108E3000FF1F83C5A5420145EF0090681840F177F8
:108E40009387F7F87D8F42078D6741833D8FE177E8
:108E5000938707085D8F4207418318C01C40E58F48
:108E6000E38397F88D6618C01C40F58FE39DD7FE0D
:108E70009DBF3285EF0070551840F1779387F7F862
:108E80007D8F42078D6741833D8FE1779387070888
:108E90005D8F4207418318C01C40E58FE38597F43E
:108EA0008D6618C01C40F58FE39DD7FE2DBF03A62D
:108EB000C19003475600B7660040938606C093757D
:108EC000F7F793972500B697620794436187634746
:108ED00007060D65E98E03C84184094563FF050552
:108EE00083552600B9E9B1CA8346A600B9C6EF92F8
:108EF0003FA494436347070471771307F7F8F98E8B
:108F0000C2060567C182B98E617713070708D98E3B
:108F1000C206C18294C398438D6505666D8F630751
:108F2000C70094C398436D8FE31DC7FE83A70190CC
:108F30009C4F829701456F90FFA1828093F60603B4
:108F400059BF65771307F7FBF98EC206C1826177B7
:108F50001307070893C60601D98EC206C18294C3BF
:108F60009843C145414613770703E301B7FC94C317
:108F7000984313770703E31CC7FE83A701909C4F18
:108F8000829701456F901F9D83A7C19003D727014A
:108F900001C588413A95828083D645003387E640F3
:108FA0002398E7008280EF921F971389C1900324D2
:108FB000090037670040832707C503468400A5469C
:108FC00041116316D6120357640085472304F40049
:108FD000834414005DEB034704001377F70751E760
:108FE00025476387E41C15476386E4260D476383A2
:108FF000E42C638EF42883A78190DC4B268582972E
:109000008D47032409006304F522A1471DE1B767DA
:10901000004083A707C5373700200907C207C1836F
:10902000BA97860723A00700930700032399F190BE
:1090300099472304F40001459775FF1F83C5052256
:10904000EF00104803270900A14703458700631874
:10905000F5008567239AF190C1472399F1905D153A
:109060001335150041016F905F8E6307F712894633
:10907000E313D7F8638BF4228D47E39EF4F6EFF009
:109080001FE335F90324090059B719476387E41230
:10909000C5E803572400631907145840C176938626
:1090A000F60F758FB706020093898190630CD72263
:1090B00083A7090026859C4B82978D476303F5168D
:1090C0008327090041677D1783D607016387E6146C
:1090D0000947630BE50CE9CA03870700634B0714D4
:1090E0000D472384E7008D67239AF190A9B7C166E5
:1090F000FD1637360020F58F1106B2978607844398
:10910000F58C8604BA9483C704002300F40083C757
:109110001400A300F40003D54400EF0070452311B0
:10912000A40003D5840003240900EF007044231237
:10913000A40003D7C400032409002313E40071B57D
:1091400021476386E40A93898190294783A6090011
:10915000E390E4F6034704001377F707E31AF7F404
:109160008347A400B1D783572400B9F35C4041770B
:109170001307F70FF98F4167E39CE7F29C4E034515
:109180005400814582976319051E0324090097073F
:1091900000009387A79CADA0AD47E39EF4E4EFF0F9
:1091A000DFB7E31A05E4F9BD21472384E70061B581
:1091B000EFF05FB3E31105E4F1B5034704009389D1
:1091C000819083A609001377F707E31307EE03479F
:1091D00024006306F71089476308F70A8D47E319EF
:1091E000F7ECDC5291EFE9B593898190D1B58347D3
:1091F000040093F7F707EDFB970700009387C793E9
:109200001CCC23190400014582978327090041677C
:109210007D1783D60701E390E6EC25472384E7001A
:1092200019BD8327090025472384E70029B5A547F1
:1092300009B503D7670003A681900346C6023AC664
:10924000B24563EBD50263FCE60263F0C61023ACC3
:10925000018E35A003073400A147E34C07DC034728
:109260002400E31807DC03574400E31407DC03473A
:10927000A400E30E07D875BB32472398E700239A72
:10928000C700EFF0DF9945BB9C52BDFB15B5834786
:109290003400E39297D683574400E39E07D4834774
:1092A000940093F70702E38807D4EFF0FFACE314D0
:1092B00005D4C9BB03473400E31FF7D283574400EA
:1092C000E39B07D28347940093E70702A304F400CB
:1092D00083A70190DC4F8297032409000DBBDC4E6D
:1092E00085F3F9B3034704001377F70711EB8357AE
:1092F0004400E39F07DA970700009387678809B760
:10930000630CF7048947E315F7DA8347540037679E
:109310000040130707C013F6F70093162600BA960D
:10932000939587019842E18563CD05048D66758F1D
:1093300083C64184E37AD6EA93F70707E39607EA00
:109340005DFB814493898190A5B3B3E6C60285FA9B
:10935000054723ACE18E25B783A7090003455400D8
:1093600081459C4F829709E9032409008347A400A3
:10937000D9F3834414002DBB8327090083C417004D
:1093800005BB137707036DB7EF928FDA1384C19093
:109390001C4083C687001387E6FF1377D70F1DCFC6
:1093A000194621476382C6042384E7000145977567
:1093B000FF1F83C5A5EAEF00B0101840A147034581
:1093C00087006318F5008567239AF190C1472399B8
:1093D000F1905D15133515006F90CFD7EFF03F84F6
:1093E0001C4003C78700C9B783C6170015476389A8
:1093F000E60083A781909C4782971C4021476DB768
:1094000003C707001377F7076DF73767004003C5F9
:10941000418403C83700130707C081460DC1856525
:1094200021669385F5F0130606081C431107ED8F9E
:10943000D58FD18F232EF7FE8506E318D5FE13684E
:109440000808B767004023A607C583A701909C536F
:10945000829745B7EF922FCC9384C19080402149E9
:10946000034784009307E7FF93F7D70F89CB930750
:10947000D7FF93F7D70F95CF9D47630EF7082304C7
:10948000240101459775FF1F83C545DDEF0050039B
:109490009840A147034587006318F5008567239A24
:1094A000F190C1472399F1905D15133515006F9028
:1094B000CFC9184C8357040131C303564401B5C3C7
:1094C00063E4C70C13190601135909014A85029771
:1094D0008357040103572401AA89B38727414A9778
:1094E000C2074207C183D98F1CC80145EF004079EC
:1094F000AA854A864E85A523835704018DE79C40A3
:10950000035644019386219129EA0D472384E700FD
:109510003E840D49ADB783A78190DC478297804098
:10952000B9BFA287C5B78D6781450145239AF190E0
:109530008D2F83570401035744019386219113060D
:1095400000032390C60063F3E704804091C795476A
:109550002304F400154925B7A28719472384E7009F
:1095600037670040032707C5373600200906420742
:109570004183329706072320070013070003239037
:10958000E6003E841949E5BD3E862DBF9C40B5BF2F
:1095900003C8418463070802376700408565216678
:1095A000130707C081469385F5F0130606081C4390
:1095B0001107ED8FD58FD18F232EF7FE8506E31887
:1095C000D8FE13650508B767004023A6A7C48280AC
:1095D0008280EF926FB3411123170100B7670040FB
:1095E00083A747C42391F18EC207C18763D20726A0
:1095F000B7640040A56A056A3169938B218E138C8C
:109600000191138404C09389FAF0130BFAF813093B
:10961000F9F8B5A81397270022971443C206C18210
:109620002317D1008356E100C206C18663DF06001E
:10963000FD1714431776FF1F1306C6A58A07B297B6
:109640009043B3F766011CC302968357E10093F77A
:1096500007089DC383470C001776FF1F130646A516
:10966000139727002297FD1714438A07B297904358
:10967000B3F736011CC3029683A744C413970701AE
:109680004183C2072390EB00C18763D3071C83D7B4
:109690000B00BD8B2300FC00B5FF1C40138D2191F6
:1096A000938C4191239AF19083D7419193F70703CB
:1096B0002310FD0083D741910D67F98F2390FC00A3
:1096C000184014409387FAFB7D8FB3F62601896713
:1096D00013470702BD8E2166B3E7E60013060608AE
:1096E000D18F1CC01C4042071306000293F70703EA
:1096F00041836380C702E177938707085D8F420744
:1097000041831306000218C01C4093F70703E39C33
:10971000C7FE1C400D660967F18F6380E702E177A1
:109720009387070833E7F600420741830D66896691
:1097300018C01C40F18FE39DD7FE83D70B00C18B6F
:10974000638B07101C4013070A80C207C1832317CD
:10975000F1008357E100F98F6398071E8357E100FA
:10976000C207C187E3DA07F083A704C01307FAF83A
:10977000F98F23A0F4C0EFF0FFCD83A704C083A529
:1097800004C003D70C008566758FA5669386F6FB2B
:10979000F58FB1669386F6F8F58D19C3B3C545010B
:1097A00003D70C008966758F19C30967B98D0357F4
:1097B0000D00418B19C393C7070103570D001377A1
:1097C000070219C393C70702A16633E7B700938660
:1097D000060837660040558F2320E6C0032706C0E1
:1097E00003560D009396070193770703C1826384A4
:1097F000C702E17793870708DD8EC206C18237670B
:1098000000402320D7C0832707C003560D0093F7DD
:109810000703E318F6FEB767004083A707C003D726
:109820000C008D66F58F6385E702E1779387070863
:1098300033E6F50042064182376700408D652320FC
:10984000C7C0832707C083D60C00ED8FE399D7FEEE
:1098500041016F90EF8EB764004083A704C0256478
:109860001307F4F0F98F23A0F4C0EFF0FFB183A742
:1098700004C083A504C003D70C0085661304F4FB61
:10988000758FB1669386F6F8E18FF58D19C305677C
:10989000B98D03D70C008966758F19C30967B98D17
:1098A00003570D00418B19C393C7070103570D00E0
:1098B0001377070219C393C70702A16633E7B700FE
:1098C00093860608558F376600402320E6C003279D
:1098D00006C083560D00C20713770703C1836305D3
:1098E000D702617713070708D98F139707014183C0
:1098F000B766004023A0E6C083A706C003560D004C
:1099000093F70703E318F6FEB767004083A707C085
:1099100003D70C008D66F58FE38CE7F2E177938730
:10992000070833E6F50042064182376700408D653F
:109930002320C7C0832707C083D60C00ED8FE3998F
:10994000F6FE41016F80DFFF83A704C01307FAF81A
:10995000F98F23A0F4C0EFF00FE583A704C083A51F
:1099600004C003D70C008566758FA5669386F6FB49
:10997000F58FB1669386F6F8F58D19C3B3C5450129
:1099800003D70C008966758F19C30967B98D035712
:109990000D00418B19C393C7070103570D001377BF
:1099A000070219C393C70702A16633E7B70093867E
:1099B000060837660040558F2320E6C0032706C0FF
:1099C00003560D009396070193770703C1826384C2
:1099D000C702E17793870708DD8EC206C182376729
:1099E00000402320D7C0832707C003560D0093F7FC
:1099F0000703E318F6FEB767004083A707C003D745
:109A00000C008D66F58FE385E7E4E177938707081F
:109A100033E6F50042064182376700408D6523201A
:109A2000C7C0832707C083D60C00ED8FE399D7FE0C
:109A300041016F80FFF00506B7370020BE9505860F
:109A4000860509CE83471500034705007D16A2074A
:109A5000D98F2390F500090591056DF682800506E2
:109A6000B7370020BE950586860501CA9C417D1644
:109A700091052310F500090575FA82806199420568
:109A80004181B767004023A8A7C48280B767004020
:109A9000938707C00A053E951C4165771307F79821
:109AA000F98FDD8DC205C1810CC18280B76700408E
:109AB000938707C00A053E951841E5779387F7FB22
:109AC0007D8F420793F70501418399C3134707012F
:109AD00093F7050299C313470702E17793870708B5
:109AE0005D8F4207418318C11C4193F70703E39C34
:109AF000F5FE8280B7670040938707C00A053E9550
:109B00001841F1779387F7F87D8F85664207B3F7A1
:109B1000D500418381C7358F420741838967B3F6FA
:109B2000F50081C63D8F42074183E177938707089F
:109B30005D8F4207418318C11C418D66F58F638795
:109B4000F50018C11C41F58FE39DB7FE8280B76711
:109B50000040938707C00A053E9508411375050329
:109B60008280B7670040938707C00A053E95184179
:109B7000F1779387F7F87D8F42078D6741833D8F9B
:109B8000E177938707085D8F4207418318C11C4125
:109B90008D66F58F6387D70018C11C41F58FE39D53
:109BA000D7FE8280B7670040938707C00A053E95BD
:109BB0001C4105671307F7E0F98F61771307070862
:109BC000D98FC207C1831CC18280B76700409387C9
:109BD00007C00A053E951C411167F98F99CB1C41BE
:109BE00005671307F7F0F98F316713070708D98F57
:109BF0001CC18280B7670040938707C00A053E9565
:109C00001C4193F7070499CB1C4105671307F7F034
:109C1000F98F21671307070CD98F1CC18280B767A2
:109C2000004083A707C50E058581C207C1833E9505
:109C3000B73700203E95060586050CC18280B767C0
:109C4000004083A707C50E058581C207C1833E95E5
:109C5000B737002091073E95060586050CC1828026
:109C6000B767004003A707C5931735004207418334
:109C7000BA9737370020BA97860703D50700828046
:109C8000B767004003A707C5931735004207418314
:109C9000BA97373700201107BA97860703D5070010
:109CA0008280B767004083A707C50E05C207C1833E
:109CB0003E95B737002089073E9506050CC1828086
:109CC000B767004083A707C513173500C207C183D4
:109CD000BA97373700201907BA971307E0038607AA
:109CE000637AB70413F7F501958129CFAA05216797
:109CF000D98D8CC31DED9767FF1F83C727561307A8
:109D0000E003637FF70013F7F701958301E7FD1781
:109D1000C207C1836177AA07D98F2392F18E82800F
:109D200013F717003337E0008583BA97AA07239209
:109D3000F18E828013F715003337E0008581BA95E4
:109D4000AA0545BFFD15C205C1814DB7B7670040E3
:109D500003A707C59317350042074183BA973737E2
:109D600000201907BA97860788431375F53F82804C
:109D70009317850021815D8D42054181828037677F
:109D80000040F177232207C4938707F02392F190D4
:109D9000B167938707F02320F7C401458280EF82E3
:109DA0003FB99374F5071314060126852E89418067
:109DB000EFF01FEBAA8522864A85EFF0DFC72685E4
:109DC000A285EFF01FEE01456F80DFB8EF825FB62E
:109DD0009374F50726852E89EFF05FF72A84268590
:109DE000EFF01FEAAA8522864A85EFF05FC7228539
:109DF0006F805FB601A09771FF1F9381A1C617B155
:109E0000FF1F13012120171500001305E5DB9765DF
:109E1000FF1F9385251F1386018663FAC5008322E1
:109E2000050023A0550011059105E3EAC5FE138541
:109E300001869785FF1F9385651B6377B5002320F7
:109E400005001105E36DB5FEFD42739002BC8D4225
:109E50007390428093028008739002309792FFFFC4
:109E60009382829A93E2320073905230EF70202EE8
:109E700097E2FFFF938202FA73901234730020304E
:109E800055550000000000FF03FDD4140117000029
:109E900031353039332D303600000000363731305F
:109EA0004100000006A5FFFF54A3FFFF68A3FFFFCA
:109EB00054A3FFFF54A3FFFF54A3FFFF54A3FFFFCE
:109EC00054A3FFFF54A3FFFF54A3FFFF54A3FFFFBE
:109ED00054A3FFFF54A3FFFF54A3FFFF54A3FFFFAE
:109EE00054A3FFFF5AA4FFFF6CA4FFFFCCA3FFFF06
:109EF00054A3FFFF54A3FFFF54A3FFFF54A3FFFF8E
:109F000054A3FFFF54A3FFFF54A3FFFF54A3FFFF7D
:109F100054A3FFFF54A3FFFF54A3FFFF54A3FFFF6D
:109F200054A3FFFFD2A3FFFF0EA4FFFF2EA4FFFF49
:109F300054A3FFFFA0A4FFFFBEA4FFFF54A3FFFF95
:109F400054A3FFFF54A3FFFF54A3FFFF54A3FFFF3D
:109F500054A3FFFF54A3FFFF54A3FFFF54A3FFFF2D
:109F600054A3FFFF54A3FFFFE0A4FFFFF2A4FFFFF1
:109F700054A3FFFF54A3FFFF54A3FFFF54A3FFFF0D
:109F800054A3FFFF54A3FFFF54A3FFFF54A3FFFFFD
:109F900054A3FFFF54A3FFFF54A3FFFF54A3FFFFED
:109FA00054A3FFFF54A3FFFF7EA4FFFF54A3FFFFB2
:109FB00054A3FFFF54A3FFFF54A3FFFF54A3FFFFCD
:109FC00054A3FFFF54A3FFFF54A3FFFF54A3FFFFBD
:109FD00054A3FFFF54A3FFFF54A3FFFF54A3FFFFAD
:109FE00054A3FFFF54A3FFFF84A4FFFF3833372D92
:109FF0003135333936000000243CBA36E385A4D02D
:10A00000934373B9706EC9F1100E9B2C97E70B63E5
:10A010006C2920FE86F3E1F5F69FB616047B8FAB24
:10A02000B1392A1BEB5CA8AC3811125F893E7DCA9E
:10A03000EC53DB6D1ED281789646FFF9541C287ACA
:10A040004FD3C0DCC16AF2BCCB57FD4AE4F0B2C7C3
:10A050009540625241E2AD49A6B51F02C8DA92E5C9
:10A06000B0C564764821DE0F45584CDFA784CFD5B4
:10A07000154E27806B7FFC44714722DD300CA13BDD
:10A08000E037A03523903274BF8DC2EAD650BBD9D9
:10A09000C483B43168558B5DF47218B7EFF7982D0F
:10A0A000010361CC0A8E1300E814AF095175A52F86
:10A0B0001D0D658ACD66073D05D84BE99D997C91BC
:10A0C000D1B819C32B426988C679173A4D5BA25A99
:10A0D000FB253FBDF8EDCEE687A326A92EBE94084A
:10A0E0007E67608C9C5E6FB39E06FA82AEEE5977F7
:10A0F000D71A9A34D456AA33F9817C00B93037D5AF
:10A1000090516EF0B206FBCD39145FF81BC74A823E
:10A11000708C921DEAC34EC812E6B610D32F9584F8
:10A120002542A572E58F55EF86A253AEED26204756
:10A13000DE786828E445CC35BC3EBB8EC0BE34AF6B
:10A14000A60964017B44F5F3B13FA4B33280C94F43
:10A150006F40BF214C74E1115EEB3D712E9D627525
:10A16000D41648771367AD6B5D0787F7A89A5976C1
:10A170008B9B1ED8EEAAE9992DC597F1A783FCCA3F
:10A18000DCBAB84BE88917050BA06523D1CE36039E
:10A19000D7E0F291DF0E9C2C0D66D673585CB40AA2
:10A1A0004DC23BD2B7E2AC33DB6027BD564324043B
:10A1B000028D7D7FF6B5F4FDDD5BEC79C4221FA135
:10A1C0008854E71998947E31A329E35ACB6AB0CF1B
:10A1D0006D936C7A08A93C1CD06350C68538C14188
:10A1E00049AB61522A9FD9181A57462B69DAFAFFF0
:10A1F0000F15963A8AFE9E0C11A29AC394A05101A3
:10A200005BF7D130EE1F06D57767D3C16EE76A1AC8
:10A21000A48E9F6566D60C2DC6E469B7565A576062
:10A22000FC791EE11652F007D0CDCA78C98BB388ED
:10A2300027F6E0C084CF2FA304008040A7FA759DC5
:10A240004B89462228373413FF20B4DA08266C8F56
:10A25000F25D7B735C4C9071418A9EBB12E8556D38
:10A260002A254AAFBD9519A531BAADD9C5A66B83CC
:10A27000C4B6A9CCF9A1B17ADCC7DB2E7E7F8D4EA6
:10A28000620F0339FDB8D418C2EC6102531C3B7D48
:10A29000BC1D59F58C98F16F9385F82C74D85E4DE0
:10A2A00097AB87820A21425F0D5833443ADDE9FBC0
:10A2B0005047C8D7819BE51B1754862BEFF42932F2
:10A2C0000E7C2315EBE63C35E296683F0B43CEDE71
:10A2D0009CBE4F457276B510E3DF92D2A84891B983
:10A2E000ACBF49B2996470EAF33E6314AEEDAA24A0
:10A2F000FE3DCBB009383605C4F02849554AF5FD76
:10A3000075AF2069C843866BC9A8C6544CDD025B93
:10A31000E89B597734D7C0515FF37ED4F19081CE5A
:10A32000198A7833CD978CD66A4B8FA480DC1A17A4
:10A3300014C5078766AD9D85B2F88D98DF3E1F3F37
:10A34000645840AC6C5C085D53BAFFD2A92C25ABB5
:10A35000E432389AF9CBC29167D0E322292D924892
:10A36000B40E9905A36F0A15EFD5104FD8F600E685
:10A37000462B31578394AE03EB8E1324A11E5ED17E
:10A3800026D9A7CA366E7137EEB1FA7C7606B823A5
:10A39000BE21BC9EC1DA7A3B62277BB0E56318829E
:10A3A0007F0FEDA02A9CBF11BDE0880D3A7952566F
:10A3B000F7B6D309161B70B342602F1CA29F72120E
:10A3C0004547BBE10B018B1DDEEC0C4EE9CFCC9574
:10A3D00074F4A593C7DB4DFB3565FEE739B5EA9606
:10A3E000C304414484FC6D30E2F268B7897D733D5B
:10A3F000B95A50A63C61AA2E1A599CADC8E4115412
:10A40000ED370F3AE65F3C4BB81589B1E8DA69776A
:10A4100091568BDB0624CF18F8B087DF8C35CB86BE
:10A42000539DA4664A7A710A4838FFDC8320CE988F
:10A4300032F6D7AF705E738A14721EC1297907088D
:10A44000E94346D02FDE2A4F3D2C50B375FC0B64F8
:10A45000AE317B61A530A093D2BEC255BA6CF36217
:10A4600068FDAC3B95491F6BB485F7A603EC6E9A6B
:10A4700081090C6AEE9E4EF0AB2D7EA1E1BBC9BCFA
:10A4800041F2FA2E1BDD2734D36004B501D640F922
:10A49000D50247D9D8E08F2BFBB7C5EB5716E57827
:10A4A0008DF400CD8239C696BDBFE336450E261D1C
:10A4B00063E7843EB69B22A3F58E236DC3997D90FE
:10A4C00097102580D44CE274CCB25C33C7EA0512F5
:10A4D0003F51A8FEF11C42CAD176286F92A767A906
:10A4E00019A2445BAAEF587F21C08865B95D4D0D64
:10A4F0005AC413527C9F9417C72B82615BD09684F9
:10A50000D34A70A19B59339FC02014532917C50B00
:10A51000C97B97020D3A1E7C3F6B52E8753DF6E40D
:10A520000C8A4FC35F2665733123284874AAA73667
:10A5300009B1E291045122FC08A605A4F1121C19EC
:10A54000EB4037C2A0411DD4DC07438F47AFD12E6B
:10A5500098AB01BAF06668ACF9E769B6CB8D78873D
:10A560001503D5DFA31A9D6AEA2F944E9E42D7B8F1
:10A570003892D8BBDEDD9ABCB04C79F4583EE98302
:10A5800081FFE355FD5DB2EF9C6D549960DA3BECC1
:10A59000FA11D6C42AED4BAE13BFB9068BE01F7F6C
:10A5A0005AAD90390FF3BD466C2CF2F8FED9E67225
:10A5B0000E89BE5EC6A8CFF5577E8CB7E1887AC8F3
:10A5C0001B18DB6F35D216326463A58EF7B476950F
:10A5D000867DE5A95C8500C1934DFB30A2B525348D
:10A5E00010773C67712D4445560A50B3CD6280CE3A
:10A5F000214924CAEE276ECCA5B06DB251551FBFBC
:10A600003E8DDD1992EA1BBD326529A48967B190A0
:10A610006800DA0DA65954F210142F45E03B23FAD6
:10A62000D750AC93E643010A5C78709846A97BF357
:10A6300095072AD374B33FA36082394E3448C01CB7
:10A64000F6C291644D3CF89D359A94E37AF0F96E28
:10A65000B912B8042D02281385728087DB2BF14FC5
:10A6600026A2E1497E9CCCA7B6A0D09B3677AD8BC5
:10A670006B4A031D058A064BAFE531B5D4C60C669F
:10A68000BA83FD090FAE71B76FDC41E8178E407FCA
:10A690006230FFA88425FB16CE3744AB991EEB1819
:10A6A0003A47F75F81CFED582C6CFE9E57539720A9
:10A6B000CA791A5A88F5699FE7D90EBE42DF56E477
:10A6C0004C22AA730B15C5EEFCC7D6CBCD8CE27617
:10A6D00021E9D1ECC87DD88F617C2EBCDEB475D267
:10A6E000C4633DA15E5D6A0824C927BBEF33865B66
:10A6F000D5385211F4C396C1345ADB2C5957122B5A
:10A7000030C2A092BFEDBC45DE279B96D3E6C5EBD9
:10A71000D8244BA421CCA8D6CE3CBAB109E0D7327C
:10A72000664A831D19CA89670F420771E9BB445EF7
:10A730008517C4AE9C3F6B78E76D02A7FE33E3D963
:10A740000A7DEAF118877B6203795223003E25B91E
:10A75000DD16683B1F90A62AC629918A9DEF1E84AC
:10A7600076EE4F39FB111B0B93AD49B705E14DCB8D
:10A77000E838D055F2F70D8B65CDFAD49EC9814EDD
:10A7800014C826B6F9AAF580F86A98AB58F3B88EC3
:10A79000B5974372A2DA64C1405C13B0E5BD089F6F
:10A7A0001C7E8F06BE6E501A2F37A1FC102E7053E0
:10A7B00004206348E2FD6F7A7561B3353ACF5B8858
:10A7C0008251D247A5A9746C31947C9AC0EC150EC5
:10A7D00028012DC3F0B4E48DDCAC3D5F86C7952223
:10A7E000F4B2A35446D1778C0CFFAF565D36697F27
:10A7F000994CD56073DF41F604DA79631EBDEAE354
:10A800000B652501CDA992ED187557308903096AAA
:10A81000DCC798A450911FB10C778566CA121C67DB
:10A82000C2E01783599DD5228256A89FC66048B3BF
:10A8300011FCA328FB06DD5DBA297A4FE8FEE9107A
:10A84000CBF3937B6C6954E744A2841D8DCEFFFA51
:10A850001A879074A1F814AABCC0CF31B4D9BFD85C
:10A860005E262DD0E43F19D68C2FAB3958726EDF9F
:10A870003BE63CB66288DE40B28F9B7C9543D19E1E
:10A88000AC9CD423E10E4B5333462013341B97F773
:10A89000F1C3614A6F5A217F702E554105C5D776A5
:10A8A000E52715EC425C4D78358BEFD2EEB5BEAEA8
:10A8B000023AD35FC424F0F9514EEB000FFDAF3ED6
:10A8C000C19A528681807EF62BCCB97D68F2AD9913
:10A8D000A7072C7338B06BB78E71A0F43DA60D3767
:10A8E000DB0A473616966D322A5BE24594F5A54C95
:10A8F000C88A4964BB08C9B840A5FFFF0AA6FFFF84
:10A90000E6A5FFFFC2A5FFFF90A5FFFF40A5FFFF43
:10A9100040A5FFFF40A5FFFF40A5FFFF40A5FFFFAB
:10A9200040A5FFFF40A5FFFF40A5FFFF40A5FFFF9B
:10A9300040A5FFFF40A5FFFF72A5FFFFEAA5FFFFAF
:10A94000DCA6FFFFFCA4FFFFFCA4FFFFFCA4FFFFAD
:10A95000FCA4FFFFFCA4FFFFFCA4FFFFFCA4FFFF7F
:10A96000FCA4FFFFFCA4FFFFFCA4FFFFFCA4FFFF6F
:10A97000FCA4FFFFFCA4FFFFFCA4FFFFBCA6FFFF9D
:10A980009CA6FFFFFCA4FFFFFCA4FFFFFCA4FFFFAD
:10A99000FCA4FFFFFCA4FFFFFCA4FFFFFCA4FFFF3F
:10A9A000FCA4FFFFFCA4FFFFFCA4FFFFFCA4FFFF2F
:10A9B000FCA4FFFFFCA4FFFFFCA4FFFF80A6FFFF99
:10A9C00050A6FFFFFCA4FFFFFCA4FFFFFCA4FFFFB9
:10A9D000FCA4FFFFFCA4FFFFFCA4FFFFFCA4FFFFFF
:10A9E000FCA4FFFFFCA4FFFFFCA4FFFFFCA4FFFFEF
:10A9F000FCA4FFFFFCA4FFFFFCA4FFFF06A6FFFFD3
:10AA000017141613151211100F0E0D0C0B0A09084E
:10AA100007060000000000160007000900330000D0
:10AA2000000D000E000F000400140013003A003B5C
:10AA30000000003C00000001002000100140000068
:10AA40000002020101800380034001200102004056
:10AA50000000000094B3FFFFBCB3FFFF86B4FFFF0C
:10AA600092B4FFFFBCB3FFFFCEB3FFFF02B4FFFF02
:10AA700002B4FFFFCEB3FFFF32B4FFFF9EB4FFFF6F
:10AA80000ABBFFFF80BEFFFF74BEFFFF44BEFFFF97
:10AA90001ABEFFFF64BDFFFF02BDFFFF8CBCFFFFBE
:10AAA0004ABCFFFFF8BBFFFF8EBBFFFF001D3A272C
:10AAB00074694E53E8F5D2CF9C81A6BBCDD0F7EA9E
:10AAC000B9A4839E25381F02514C6B76879ABDA08E
:10AAD000F3EEC9D46F7255481B06213C4A57706D7E
:10AAE0003E230419A2BF9885D6CBECF1130E29346E
:10AAF000677A5D40FBE6C1DC8F92B5A8DEC3E4F95E
:10AB0000AAB7908D362B0C11425F78659489AEB34D
:10AB1000E0FDDAC77C61465B0815322F5944637E3D
:10AB20002D30170AB1AC8B96C5D8FFE2263B1C012D
:10AB3000524F6875CED3F4E9BAA7809DEBF6D1CC1D
:10AB40009F82A5B8031E3924776A4D50A1BC9B860D
:10AB5000D5C8EFF24954736E3D20071A6C71564BFD
:10AB60001805223F8499BEA3F0EDCAD735280F12ED
:10AB7000415C7B66DDC0E7FAA9B4938EF8E5C2DFDD
:10AB80008C91B6AB100D2A3764795E43B2AF8895CD
:10AB9000C6DBFCE15A47607D2E3314097F624558BD
:10ABA0000B16312C978AADB0E3FED9C4F0DEFFFF5F
:10ABB000FCDEFFFF2EDFFFFF3CDFFFFF9ADEFFFF23
:04ABC000BCDEFFFFF9
:10ABC400000000000102030401020304060708094F
:10ABD400000000FF00000000000000000000000072
:10ABE4000000000000000000AA6F00008E7000004A
:10ABF400E87000002675000000000000000000005E
:10AC04000102030406070809320330003000300053
:10AC140030003000300030003000300030003000B0
:10AC240030003000300030003000300030003000A0
:10AC340030003000300030003000000012011001FC
:10AC4400EF020110000000000000010203010000F7
:10AC5400A27F00000080000080800000D27F0000FE
:10AC6400D0950000D0950000D0950000A07F000092
:10AC740026800000A6800000D07F0000D095000050
:10AC8400D0950000D09500001218010009000000C2
:10AC940032180100090000009014010010010000A6
:10ACA400741401001B0000006C1701001000000068
:10ACB4006C170100100000006C1701001000000068
:10ACC4006C17010010000000601701000A0000006A
:10ACD4000000000000000000000000000000000070
:10ACE40000000000000000003817010026000000EA
:10ACF400181701001E000000000000000000000002
:10AD040000000000000000004800002032000000A5
:10AD1400000000000000000000000000000000002F
:10AD240000000000000000000017010016000000F1
:10AD3400000000000000000000000000000000000F
:10AD4400000000000000000044160100BA000000EA
:10AD540000000000000000000000000000000000EF
:10AD64000000000000000000241601001E00000086
:10AD74001016010014000000000000000000000094
:10AD84000000000000000000EC150100220000009B
:10AD9400D4150100180000000000000000000000AD
:10ADA4000000000000000000B41501001E000000B7
:10ADB400A0150100140000000000000000000000C5
:10ADC4000000000000000000D0950000DC830000BB
:10ADD400D0950000D0950000D09500002689000091
:10ADE400D0950000F6830000EE830000DA840000B2
:10ADF4003685000028890000248900002284000090
:10AE0400A8840000F8830000048800000C88000077
:10AE14001488000000000000100000000000000082
:10AE24000204060800C20100000008FFFF0500003C
:10AE3400FFFFFFFF050000001007002000F80008D6
:10AE4400FFFF000022000000400000800108FF0016
:10AE5400004495087C170100CD0000007C00002010
:10AE6400120000000F0100000100000000000000BB
:10AE740072747076480000000500000000000000B5
:10F80000C027090000000101010000000000000005
:10F8100000000000000000000000000000000000E8
:10F8200000000000000000000000000000000000D8
:10F8300000000000000000000000000000000000C8
:10F8400000000000000000000000000000000000B8
:10F8500000000000000000000000000000000000A8
:10F860000000000000000000000000000000000098
:10F870000000000000000000000000000000000088
:10F880000000000000000000000000000000000078
:10F890000000000000000000000000000000000068
:10F8A0000000000000000000000000000000000058
:10F8B0000000000000000000000000000000000048
:10F8C0000000000000000000000000000000000038
:10F8D0000000000000000000000000000000000028
:10F8E0000000000000000000000000000000000018
:10F8F0000000000000000000000000000000000008
:10F9000000000000000000000000000000000000F7
:10F9100000000000000000000000000000000000E7
:10F9200000000000000000000000000000000000D7
:10F9300000000000000000000000000000000000C7
:10F9400000000000000000000000000000000000B7
:10F9500000000000000000000000000000000000A7
:10F960000000000000000000000000000000000097
:10F970000000000000000000000000000000000087
:10F980000000000000000000000000000000000077
:10F990000000000000000000000000000000000067
:10F9A0000000000000000000000000000000000057
:10F9B0000000000000000000000000000000000047
:10F9C0000000000000000000000000000000000037
:10F9D0000000000000000000000000000000000027
:10F9E0000000000000000000000000000000000017
:10F9F0000000000000000000000000000000000007
:10FA000000000000000000000000000000000000F6
:10FA100000000000000000000000000000000000E6
:10FA200000000000000000000000000000000000D6
:10FA300000000000000000000000000000000000C6
:10FA400000000000000000000000000000000000B6
:10FA500000000000000000000000000000000000A6
:10FA60000000000000000000000000000000000096
:10FA70000000000000000000000000000000000086
:10FA80000000000000000000000000000000000076
:10FA90000000000000000000000000000000000066
:10FAA0000000000000000000000000000000000056
:10FAB0000000000000000000000000000000000046
:10FAC0000000000000000000000000000000000036
:10FAD0000000000000000000000000000000000026
:10FAE0000000000000000000000000000000000016
:10FAF0000000000000000000000000000000000006
:10FB000000000000000000000000000000000000F5
:10FB100000000000000000000000000000000000E5
:10FB200000000000000000000000000000000000D5
:10FB300000000000000000000000000000000000C5
:10FB400000000000000000000000000000000000B5
:10FB500000000000000000000000000000000000A5
:10FB60000000000000000000000000000000000095
:10FB70000000000000000000000000000000000085
:10FB80000000000000000000000000000000000075
:10FB90000000000000000000000000000000000065
:10FBA0000000000000000000000000000000000055
:10FBB0000000000000000000000000000000000045
:10FBC0000000000000000000000000000000000035
:10FBD0000000000000000000000000000000000025
:10FBE0000000000000000000000000000000000015
:10FBF0000000000000000000000000000000000005
:10FC000000000000000000000000000000000000F4
:10FC100000000000000000000000000000000000E4
:10FC200000000000000000000000000000000000D4
:10FC300000000000000000000000000000000000C4
:10FC400000000000000000000000000000000000B4
:10FC500000000000000000000000000000000000A4
:10FC60000000000000000000000000000000000094
:10FC70000000000000000000000000000000000084
:10FC80000000000000000000000000000000000074
:10FC90000000000000000000000000000000000064
:10FCA0000000000000000000000000000000000054
:10FCB0000000000000000000000000000000000044
:10FCC0000000000000000000000000000000000034
:10FCD0000000000000000000000000000000000024
:10FCE0000000000000000000000000000000000014
:10FCF0000000000000000000000000000000000004
:10FD000000000000000000000000000000000000F3
:10FD100000000000000000000000000000000000E3
:10FD200000000000000000000000000000000000D3
:10FD300000000000000000000000000000000000C3
:10FD400000000000000000000000000000000000B3
:10FD500000000000000000000000000000000000A3
:10FD60000000000000000000000000000000000093
:10FD70000000000000000000000000000000000083
:10FD80000000000000000000000000000000000073
:10FD90000000000000000000000000000000000063
:10FDA0000000000000000000000000000000000053
:10FDB0000000000000000000000000000000000043
:10FDC0000000000000000000000000000000000033
:10FDD0000000000000000000000000000000000023
:10FDE0000000000000000000000000000000000013
:10FDF0000000000000000000000000000000000003
:10FE000000000000000000000000000000000000F2
:10FE100000000000000000000000000000000000E2
:10FE200000000000000000000000000000000000D2
:10FE300000000000000000000000000000000000C2
:10FE400000000000000000000000000000000000B2
:10FE500000000000000000000000000000000000A2
:10FE60000000000000000000000000000000000092
:10FE70000000000000000000000000000000000082
:10FE80000000000000000000000000000000000072
:10FE90000000000000000000000000000000000062
:10FEA0000000000000000000000000000000000052
:10FEB0000000000000000000000000000000000042
:10FEC0000000000000000000000000000000000032
:10FED0000000000000000000000000000000000022
:10FEE0000000000000000000000000000000000012
:10FEF0000000000000000000000000000000000002
:10FF000000000000000000000000000000000000F1
:10FF100000000000000000000000000000000000E1
:10FF200000000000000000000000000000000000D1
:10FF300000000000000000000000000000000000C1
:10FF400000000000000000000000000000000000B1
:10FF500000000000000000000000000000000000A1
:10FF60000000000000000000000000000000000091
:10FF70000000000000000000000000000000000081
:10FF80000000000000000000000000000000000071
:10FF90000000000000000000000000000000000061
:10FFA0000000000000000000000000000000000051
:10FFB0000000000000000000000000000000000041
:10FFC0000000000000000000000000000000000031
:10FFD0000000000000000000000000000000000021
:10FFE0000000000000000000000000000000000011
:10FFF0000000000000000000000000000000000001
:020000021000EC
:1000000037177A001307072083A70183B3D7E702C6
:100010001307803E93F7F70F3387E7022381F186BA
:100020002390E186828023A2A18682801387419358
:10003000138601C310C33706800250C3138601B96B
:1000400050C7138601A59306000250CB1386019D6D
:10005000938781912314D7002305070023180700F5
:1000600010CF138701BB98C337078003D8C313870A
:1000700001B7D8C7138701A1D8CB13870195239463
:10008000D700238507002398070098CF8280EF22AE
:100090009F8801112A89AE842145854502C202C488
:1000A00002C602C802CA02CC02CEEF304FDE85453E
:1000B00037052000EF308FDF37140140714A8D493A
:1000C0004C00130504C0930700042312F10052C62C
:1000D0004EC4EF205FFF4C00130504C093070008D7
:1000E0002312F10052C64EC4EF20FFFDB707FFBF39
:1000F000375400403ECA930700400C0813050440E3
:10010000231DF1009167231EF1004AC8231C9100B2
:10011000EF302F95130504408545EF304FA68545F8
:1001200013050440EF30EFAB05616F201F8261655E
:1001300089451305056AA1BFEF228FFF9128EF00C3
:10014000F0609387415505472380E700130700F8C7
:100150002381E70013070004238FE7000D671307CF
:10016000070813841182A38007002390E702EF5051
:10017000AFBB03450400EF70BFA195451755FFFFC6
:100180001305C50CEF707F982300A4006F208FFC2F
:10019000EF220FFA411185453145EF304FCF37142B
:1001A0000140C1440D494C0013050480BD47231292
:1001B000F10026C64AC4EF201FF14C00130504C00D
:1001C000930700402312F10026C64AC4EF20BFEF78
:1001D00093078003130980044C00130504C0231205
:1001E000F1004AC6EF203FEE4C00130504802312B5
:1001F00091004AC6EF203FED93050040130504C06F
:10020000EF302F8341016F20EFF4EF226FF293055F
:10021000401F1705000013052554EF705F939305E9
:10022000803E1705000013058571EF705F929305FE
:10023000C05D1705000013052534EF705F9193052D
:10024000007D170500001305C514EF705F908565EC
:10025000938585BB171500001305658CEF703F8FE4
:100260006F204FEFEF22CFEC93848189A38C01881C
:10027000A686BD470145755603C706008506331798
:10028000F700F517598DE399C7FE1384018A08C05A
:10029000EF406FE0A38D018893868189BD470145BA
:1002A000755603C7060085063317F700F517598DF5
:1002B000E399C7FE08C0EF400FDEA38E0188938646
:1002C0008189BD470145755603C70600850633176A
:1002D000F700F517598DE399C7FE08C0EF40AFDB73
:1002E000238C018893868189BD470145755603C7D4
:1002F000060085063317F700F517598DE399C7FEF9
:1003000008C0EF404FD9238D018893868189BD476E
:100310000145755603C7060085063317F700F51724
:10032000598DE399C7FE08C0EF40EFD6238E0188B0
:10033000BD470145F55603C7040085043317F70090
:10034000F517598DE399D7FE08C0EF40CFD41306B7
:1003500080349305D0021715FF1F13050510EF20F9
:10036000EFE3130680349305D0021715FF1F130522
:10037000F5D4EF20AFE2130680349305D0021715B1
:10038000FF1F13055547EF206FE16F20AFDCEF2211
:100390002FDA938781891D47BE84A380E7003E89B9
:1003A000BE860145BD47755603C70600850633174F
:1003B000F700F517598DE399C7FE1384018A08C029
:1003C000EF406FCD9D47A301F90013898189CA864B
:1003D000BD470145755603C7060085063317F7006C
:1003E000F517598DE399C7FE08C0EF40CFCA9D4766
:1003F000A302F90013898189CA86BD470145755654
:1004000003C7060085063317F700F517598DE399E2
:10041000C7FE08C0EF402FC89D472300F90013898D
:100420008189CA86BD470145755603C70600850602
:100430003317F700F517598DE399C7FE08C0EF4051
:100440008FC59D472301F90013898189CA86BD475D
:100450000145755603C7060085063317F700F517E3
:10046000598DE399C7FE08C0EF40EFC29D472302B4
:10047000F9000145BD47F55603C70400850433174D
:10048000F700F517598DE399D7FE08C0EF40AFC0CC
:100490001716FF1F130646C2370800019716FF1FE5
:1004A000938626FD9718FF1F93882831B2857D1803
:1004B000138786FE1385953BB307E540B357F800D5
:1004C000858BFD1793F7A7FB938737072300F7006A
:1004D0000507E393E6FEE106E105E39B16FD370819
:1004E00000019716FF1F9386F6BE9718FF1F93888B
:1004F000F8F29715FF1F938525BC7D18138786FE9C
:100500001385C501B307E540B357F800858BFD1788
:1005100093F7A7FB938737072300F7000507E3133B
:10052000D7FE93068701E105E39A16FD3705000122
:100530009716FF1F9386B62D1718FF1F1308B86173
:100540007D15138786FE93056675B387E540B3571F
:10055000F500858BFD1793F7A7FB938737072300DB
:10056000F7000507E393E6FEE1066106E31BD8FC0E
:100570006F204FBEEF22CFBB938781890547BE8492
:10058000A380E7003E89BE860145BD47755603C777
:10059000060085063317F700F517598DE399C7FE56
:1005A0001384018A08C0EF400FAF8547A301F9000B
:1005B00013898189CA86BD470145755603C7060060
:1005C00085063317F700F517598DE399C7FE08C064
:1005D000EF406FAC8547A302F90013898189CA8671
:1005E000BD470145755603C7060085063317F7005A
:1005F000F517598DE399C7FE08C0EF40CFA985478D
:100600002300F90013898189CA86BD4701457556C3
:1006100003C7060085063317F700F517598DE399D0
:10062000C7FE08C0EF402FA785472301F9001389B3
:100630008189CA86BD470145755603C706008506F0
:100640003317F700F517598DE399C7FE08C0EF403F
:100650008FA485472302F9000145BD47F55603C71E
:10066000040085043317F700F517598DE399D7FE79
:1006700008C0EF404FA21716FF1F1306E6A39716F8
:10068000FF1F938606DF9718FF1F93880813B28514
:100690001308F00F138786FE1385953BB307E540DB
:1006A000B357F800858BFD1793F7A7FB93873707A0
:1006B0002300F7000507E393E6FEE106E105E39B6F
:1006C00016FD9716FF1F9386F6A09718FF1F9388B5
:1006D000F8D49715FF1F9385259E1308F00F1387F5
:1006E00086FE1385C501B307E540B357F800858B37
:1006F000FD1793F7A7FB938737072300F70005073C
:10070000E313D7FE93068701E105E39A16FD9716DA
:10071000FF1F9386D60F1718FF1F1308D843130522
:10072000F00F138786FE93056675B387E540B357D0
:10073000F500858BFD1793F7A7FB938737072300F9
:10074000F7000507E393E6FEE1066106E31BD8FC2C
:100750006F204FA0EF22CF9D938781891147BE84E0
:10076000A380E7003E89BE860145BD47755603C795
:10077000060085063317F700F517598DE399C7FE74
:100780001384018A08C0EF400F919147A301F9003B
:1007900013898189CA86BD470145755603C706007E
:1007A00085063317F700F517598DE399C7FE08C082
:1007B000EF406F8E9147A302F90013898189CA86A1
:1007C000BD470145755603C7060085063317F70078
:1007D000F517598DE399C7FE08C0EF40CF8B9147BD
:1007E0002300F90013898189CA86BD4701457556E2
:1007F00003C7060085063317F700F517598DE399EF
:10080000C7FE08C0EF402F8991472301F9001389E3
:100810008189CA86BD470145755603C7060085060E
:100820003317F700F517598DE399C7FE08C0EF405D
:100830008F8691472302F9000145BD47F55603C74E
:10084000040085043317F700F517598DE399D7FE97
:1008500008C0EF404F841716FF1F1306E685416856
:100860009716FF1F9386E6C09718FF1F9388E8F43A
:10087000B285130808F0138786FE1385953BB307EE
:10088000E540B357F800858BFD1793F7A7FB9387D7
:1008900037072300F7000507E393E6FEE106E105CD
:1008A000E39B16FD41689716FF1F9386B682971843
:1008B000FF1F9388B8B69705FF1F9385E57F130840
:1008C00008F0138786FE1385C501B307E540B357CB
:1008D000F800858BFD1793F7A7FB93873707230055
:1008E000F7000507E313D7FE93068701E105E39AB6
:1008F00016FD41659716FF1F938676F11718FF1FA7
:1009000013087825130505F0138786FE9305667591
:10091000B387E540B357F500858BFD1793F7A7FB29
:10092000938737072300F7000507E393E6FEE10608
:100930006106E31BD8FC6F20EF81EF127FFF9387E6
:1009400081890947BE84A380E7003E89BE860145B0
:10095000BD47755603C7060085063317F700F51720
:10096000598DE399C7FE1384018A08C0EF30BFF2A6
:100970008947A301F90013898189CA86BD470145CA
:10098000755603C7060085063317F700F517598D0E
:10099000E399C7FE08C0EF301FF08947A302F900B2
:1009A00013898189CA86BD470145755603C706006C
:1009B00085063317F700F517598DE399C7FE08C070
:1009C000EF307FED89472300F90013898189CA86BA
:1009D000BD470145755603C7060085063317F70066
:1009E000F517598DE399C7FE08C0EF30DFEA894754
:1009F0002301F90013898189CA86BD4701457556CF
:100A000003C7060085063317F700F517598DE399DC
:100A1000C7FE08C0EF303FE889472302F9000145CF
:100A2000BD47F55603C7040085043317F700F517D3
:100A3000598DE399D7FE08C0EF30FFE51706FF1F79
:100A4000130686679716FF1F9386A6A29718FF1FA7
:100A50009388A8D6B2853708FF00138786FE1385D2
:100A6000953BB307E540B357F800858BFD1793F727
:100A7000A7FB938737072300F7000507E393E6FEFC
:100A8000E106E105E39B16FD9706FF1F938696643A
:100A90009718FF1F938898989705FF1F9385C56146
:100AA0003708FF00138786FE1385C501B307E540AD
:100AB000B357F800858BFD1793F7A7FB938737078C
:100AC0002300F7000507E313D7FE93068701E1052E
:100AD000E39A16FD9716FF1F938676D31718FF1F0C
:100AE000130878073705FF00138786FE93056675A0
:100AF000B387E540B357F500858BFD1793F7A7FB48
:100B0000938737072300F7000507E393E6FEE10626
:100B10006106E31BD8FC6F10FFE3EF127FE19387C0
:100B200081891147BE84A380E7003E89BE860145C6
:100B3000BD47755603C7060085063317F700F5173E
:100B4000598DE399C7FE1384018A08C0EF30BFD4E2
:100B50008947A301F90013898189CA86BD470145E8
:100B6000755603C7060085063317F700F517598D2C
:100B7000E399C7FE08C0EF301FD28547A302F900F2
:100B800013898189CA86BD470145755603C706008A
:100B900085063317F700F517598DE399C7FE08C08E
:100BA000EF307FCF91472300F90013898189CA86EE
:100BB000BD470145755603C7060085063317F70084
:100BC000F517598DE399C7FE08C0EF30DFCC894790
:100BD0002301F90013898189CA86BD4701457556ED
:100BE00003C7060085063317F700F517598DE399FB
:100BF000C7FE08C0EF303FCA85472302F900014510
:100C0000BD47F55603C7040085043317F700F517F1
:100C1000598DE399D7FE08C0EF30FFC71706FF1FB5
:100C20001306864941689716FF1F93868684971896
:100C3000FF1F938888B8B2857D18138786FE1385B9
:100C4000953BB307E540B357F800858BFD1793F745
:100C5000A7FB938737072300F7000507E393E6FE1A
:100C6000E106E105E39BD8FC41659706FF1F9386EB
:100C700076461708FF1F1308787A7D15138786FEBE
:100C80009305C601B387E540B357F500858BFD1783
:100C900093F7A7FB938737072300F7000507E39334
:100CA000E6FEE1066106E39B06FD1306803493052C
:100CB000D0021715FF1F130515B4EF103FCE6F10AC
:100CC0007FC9EF12FFC6397185450945EF201F9E88
:100CD00085452145EF20BF9B85451145EF203F9B72
:100CE00085450545EF20DF9837140140614985446B
:100CF0002C00130504C08D472314F1004AC826C6F2
:100D0000EF206FBC930700042C001305048023140C
:100D1000F100370400404AC826C6EF20CFBA1305B9
:100D20000440EF20FFB40546130504408145EF2041
:100D30007FB5130504408145EF207FB513050440BE
:100D40009305300BEF20BFC5130504408145EF200C
:100D50009FC6130504408145EF205FBB1305044087
:100D6000A145EF205FB6130504408145EF207FB811
:100D700013050440A145EF20FFB31305044081454E
:100D8000EF201FB613050440A145EF209FB11305C6
:100D900004408145EF20DFC113050440130600061F
:100DA000B145EF20BFBA054613050440B145EF2019
:100DB0007FB7130504408145EF203FBF1305044072
:100DC00013060006A145EF207FB805461305044031
:100DD000A145EF203FB5130504409305A005EF2082
:100DE0007FBC13050440130600068145EF201FB6A3
:100DF0000546130504408145EF20DFB213070010BC
:100E00003AD613070008B7040240930704443AD4C3
:100E1000414709694C08138504033ACE3ECA1307BB
:100E2000D0399707FF1F938727293AD03ECC4ADC59
:100E300002D202D802DA02DEEF204F8E13850403BD
:100E40008545EF20AF919307C4434C081385C40137
:100E50003ECA9707FF1F9387F75F3ECCEF200F8CAA
:100E60001385C4018545EF206F8F930744434C08D9
:100E70001385C4063ECA9717FF1F938787973ECCFA
:100E8000EF20CF891385C4068545EF202F8D93056C
:100E900009A0130504400546EF20FF9B8545130577
:100EA0000440EF20BF9721616F10DFAAEF125FA807
:100EB000014681450145EF401F9E9707FF1F93871D
:100EC000A71F238E0738A38C07729717FF1F238055
:100ED00007CCC53B6F101FA8EF129FA501468145A7
:100EE0000145EF405F9B9707FF1F9387E71C238E09
:100EF0000738A38C07729717FF1F238A07C8D133BF
:100F00006F105FA5EF12DFA2014681450145EF405A
:100F10009F989707FF1F9387271A238E0738A38C64
:100F200007729717FF1F238407C6613BEFF02FA0BE
:100F300017F5FFFF13054533EF607FD617F5FFFF69
:100F40001305E52CEF60FFD66F10DFA0EF125F9E58
:100F500037040240EF604FDDB74400409385C48002
:100F600013058405994613868185EF604FE99946FC
:100F70001386018C9385C48013054404EF604FF4FD
:100F8000371501408565130505C0EF208FAA1305AD
:100F900084058545EF109FFC130544048545EF103B
:100FA000FFFBB7240140138504408145EF103FAE9D
:100FB000138504408145EF107FAC81451305840003
:100FC000EF10DFF923A4018C6F10DF98EF125F960A
:100FD00079718545114502C802CA02CC02CE02D001
:100FE00002D202D402D602C202C402C6EF202FEA05
:100FF000854513050020EF208FE93165EF208FD95B
:1010000037150140930700024C0013050580372473
:1010100001402312F10002C6EF20EF8A854737070F
:101020000E00130504400C083ECC3ACE2302F10218
:1010300002C802CA02D0EF10BF9E954605461305AE
:1010400004409545EF10DFA9130504408545EF10D6
:101050001FA4130504408545EF105FA2130504404B
:101060008145EF10BFB313050440B7240140EF10D2
:101070005FA3138404402285EF105FA36DFD1385E9
:101080000440B7240140EF10FFA2138404402285DE
:10109000EF10FFA26DFD13850440EF10DFB13704A0
:1010A0000240AA87930680041716FF1F130646D72F
:1010B0009385C444130584002393F18CEF600FDA09
:1010C000138504408545EF101FA085451305840056
:1010D000EF10DFE845616F10FF87EF127F85011188
:1010E00085451145EF208FDC371400409307F00849
:1010F0004C08130504803ECA9307703E3ECCEF2097
:101100006FE885679387E7F22316F100BD47680013
:101110002307F10085473EC8EF208FB713050480F1
:1011200005468545EF208FF1854513050480EF20A6
:10113000EFEE05616F101F824DB7EF126FFF03C511
:10114000E182EF60FFA6EF60BFB06F10BF80B717FE
:1011500002409843B706FFF8370681FF1367170070
:1011600098C3D8437D164111758FD8C39843B706ED
:10117000F7FEFD16758F98C39843B706FCFFFD1662
:10118000758F98C3D8434165B7160240718FD8C395
:1011900037079F0098C702C402C68C433707020076
:1011A0000566C98D8CC321A0A247638AC7009C42F3
:1011B000F98F3EC6A24785073EC4B247F5D7B71799
:1011C00002409C4337070200F98F89CB85473EC612
:1011D000324785476309F7004101828002C63247E2
:1011E0008547E31BF7FEB7170240D843B705C1FF99
:1011F000FD15D8C3D843B7060002D8C3D04337176C
:10120000024013660640D0C3D0436D8ED0C3D04396
:10121000B7053D004D8ED0C39043B70500014D8EFC
:1012200090C31C43F58FF5DF5C4337160240A1469F
:10123000F19B5CC35C4393E727005CC35C42B18BCA
:10124000E39ED7FE41018280B7160240D842B7170D
:101250007A002146318B938707206303C702371733
:101260000240584397F6FE1F938646DD11833D8B5F
:10127000369703470700B3D7E70023A8F18282809F
:10128000DC42D8424166C983BD8B8907C546718F50
:10129000638ED70211EF3747024003270780418B47
:1012A00019CF37177A0013070720B387E70245BF26
:1012B000371702405843B7060200758F7DD33717A2
:1012C0003D0013070790B387E70251BFC9476DF38D
:1012D000D9B7EF12EFE5B747950803A701839387C6
:1012E00007406305F702B7E7B805938707806309EE
:1012F000F702B777DC02938707C0630DF7028545D5
:1013000037058000EF208FBA6F10CFE40945EF203A
:10131000CFA6854537058000EF204FB96F108FE3CA
:101320000545EF208FA5854537058000EF200FB8D4
:101330006F104FE20145EF204FA48545370580002F
:10134000EF20CFB66F100FE1EF128FDE01113705DE
:101350000400EF10DFCAB7070400054408083EC8C0
:10136000C1473ECC22CE02CAEF105FC228009307CD
:1013700040022314F10022C623050100EF204F9103
:1013800028009307A0032314F10023058100EF2018
:101390002F9005616F100FDC131816002E98A548CA
:1013A0000DC29356C5011387760363E4D8001387F3
:1013B00006032380E500A380050089051205E3925A
:1013C00005FF8280B7F7FF1F83A5877E03A6C77E30
:1013D00083A6077F97F7FE1F938747C717F8FE1F5F
:1013E0001308C8C73E87254E13D3C501930873035E
:1013F00063646E009308030323011701A301070030
:1014000009079205E312E8FE17F7FE1F130707C44A
:1014100025439358C601138578036364130113852C
:1014200008032309A700A309070009071206E3120E
:10143000E8FE254593D5C601138675036364B500A0
:10144000138605032381C702A38107028907920639
:10145000E312F8FE8280B717210017F7FE1F13076B
:1014600027C2938737CA1CC7930700202316F700AB
:10147000828000000600FF0901A10185AA1500264F
:10148000FF007508953F0902810209039102C0001F
:1014900005010904A10185010901A10009300931F3
:1014A000093009310930093109300931093309346A
:1014B0000933093409360936150027FFFF000035C6
:1014C0000047FFFF0000950E75108102C005020560
:1014D0000919012930150025014501750195308153
:1014E0000209007508951D810106A0FF09008510FD
:1014F000A1010900150026FF007508953F9102C063
:10150000C005010902A10185210901A100050919F0
:1015100001290515002501750195058102750395C1
:1015200001810105010930093109381581257F75CF
:101530000895038106C0C005010902A101852209A1
:1015400001A100050109300931150026FFFF350012
:1015500046FFFF751095028102C0C005010906A172
:1015600001853105071500250119E029E775019569
:101570000881020507150026FF001900299175084A
:1015800095108100C0050C0901A1018532050C15DB
:101590000026FF7F19002AFF02751095018100C007
:1015A0001403530069006D00470045004B004900DB
:1015B000BE8B6E7F1E03530069006D00470045001F
:1015C0004B004900200043006F006E006600690078
:1015D0006700000018034E0046004300FB8B615378
:1015E0006856200043004F004D00310022034300A5
:1015F0006100720064002000520065006100640018
:1016000065007200200043004F004D0031000000D3
:101610001403BE8B07596F704951200043004F00DF
:101620004D0033001E034C004500440020004200E2
:101630006F00610072006400200043004F004D0005
:1016400033000000BA0349002F004F002000430080
:101650004F004E00540052004F004C00200042004A
:1016600044003B00310035003200350037003B00BC
:10167000300031003B00390030003B0031003800C1
:10168000330031003B00360036003700390041009E
:101690003B00300030003B0047004F005500540035
:1016A0003D00310034005F004100440049004E001D
:1016B0003D0038002C0045005F0052004F005400F0
:1016C00049004E003D0034005F0043004F004900D8
:1016D0004E0049004E003D0032005F0053005700AD
:1016E00049004E003D0032002C0045005F005500CF
:1016F000510031003D00340031002C003600000064
:101700001603530069006D0044006500760069000F
:1017100063006500730000001E03530069006D0044
:10172000470045004B00490057883A67CE983C680F
:10173000A7633652685600002603530069006D0007
:10174000470045004B004900200043006F006E0039
:10175000740072006F006C006C0065007200000085
:101760000A0353004500470041000000100304082D
:101770000410040C04040414110409040902CD002B
:1017800006010480FA080B000202020006090400A8
:1017900000010202010005240010010524010001DE
:1017A00004240202052406000107058603400040C8
:1017B00009040100020A00000007050202200000DF
:1017C00007058202200000080B020202020007093E
:1017D0000402000102020100052400100105240199
:1017E00000030424020205240600010705870340C4
:1017F000004009040300020A00000007050302205C
:101800000000070583022000000904040002030011
:101810000005092111010001221001070581034083
:10182000000107050103400005090405000203004B
:101830000008092111010001221B00070584034053
:1018400000050705040340000500EF126F8E9D3E62
:1018500019311707FF1F1307A77723A6E19097F702
:10186000FE1F9387E79C944309462304C70023A4E3
:10187000F19097F7FE1F9387679923A0F1908296C6
:041880006F104F8D09
:0400000300002800D1
:00000001FF
