:042800006F70D045E0
:102804000028000000000000C03B0000C43B0000A2
:10281400000000005AA400000000000000000000B6
:102824005AA400005AA400000000000000000000A8
:102834005AA40000000000005AA400000000000098
:102844005AA400005AA400005AA400005AA400008C
:102854005AA400005AA400005AA400005AA400007C
:102864005AA400005AA400005AA400005AA400006C
:102874005AA400005AA400005AA400005AA400005C
:102884005AA400005AA400005AA400005AA400004C
:10289400E48400005AA400005AA400005AA40000D2
:1028A4005AA400005AA400005AA400005AA400002C
:1028B4005AA400005AA40000208000005AA400007A
:1028C4005AA400005AA400005AA400005AA400000C
:1028D4005AA40000C07700005AA400005AA40000C3
:1028E4005AA400005AA40000D88400005AA400008E
:0C28F4005AA400005AA400005AA40000DE
:10290000397101436EC619A0397141536AC866CA4C
:1029100062CC5ECE19A0397101535AD056D252D42E
:102920004ED64AD826DA22DC06DE330161408282A6
:1029300041114AC026C222C406C68282B24D41015C
:10294000024D924C224CB24B4101024B924A224A18
:10295000B2494101024992442244B240410182807D
:102960002A8309CA83830500230073007D160503AB
:1029700085056DFA828015C22A8385466367B50096
:10298000FD561307F6FF3A93BA958383050023009B
:1029900073007D163693B6956DFA82802A8311C630
:1029A0002300B3007D16050365FE8280B7F700E0C3
:1029B000D8438146799BD8C303C721863306A70233
:1029C00037F700E090CBD4CB944393E6060194C351
:1029D000944393E6160294C35C43858BF5DF1C4356
:1029E000F99B1CC38280B7F700E0D8438146799BEE
:1029F000D8C303D701863306A70237F700E090CB90
:102A0000D4CB944393E6060194C3944393E6160211
:102A100094C35C43858BF5DF1C43F99B1CC3828008
:102A20009C4103A88501D04DD4415841B3E707012B
:102A3000D18F3706F1E0A2061306F6EF718FD58F1E
:102A4000D98F5CC1D0459C4994451845D18F37F644
:102A5000F1FF86061306D67F718FD58FD98F1CC5DF
:102A600083C745015855B70610FFFD1793F7F70FB9
:102A7000FD16758FD207D98F5CD582801C4589C51C
:102A800093E717001CC58280F99B1CC582801C45FA
:102A900089C593E707101CC5828093F7F7EF1CC523
:102AA00082801C4593E787001CC5828008450D8104
:102AB000058982801C4593E747001CC58280084534
:102AC0000981058982801C4591C537075000D98F3F
:102AD0001CC582803707B0FF7D17F98F1CC5828027
:102AE000A54763F7B704938765FF139717003E97D1
:102AF0000328C5009D47B397E70093C7F7FFB3F7D7
:102B00000701B396E600DD8E54C5994763E5C70417
:102B10007D16931726003E965859FD47B397C70078
:102B200093C7F7FFF98F3396C5005D8E50D9828029
:102B300013971500032805012E979D47B397E700CB
:102B400093C7F7FFB3F70701B396E600DD8E14C90C
:102B50009947E3FFC7FAB14763E2C70265169317C7
:102B600026001459B2977D473317F7001347F7FF34
:102B7000758FB397F500D98F1CD982804D16131726
:102B8000260054553297FD47B397E70093C7F7FFE8
:102B9000F58FB395E500DD8D4CD582805C4191C504
:102BA00037070004D98F5CC18280370700FC7D178E
:102BB000F98F5CC18280011123030100034761008A
:102BC000A54763E5E70425461C4593E787001CC538
:102BD0001C45A18BF5FF1C4593E747001CC51C4510
:102BE000918BF5FF744583476100034761008607B9
:102BF00005071377F70F2303E100938707020347C5
:102C000061008A972396D7FEE370E6FC2303010058
:102C100003476100A54763EAE70A2146A545A303E8
:102C20000100834771006367F6080347710083471B
:102C300071000607850786071307070293870702B7
:102C40000A978A970357C7FE83D7C7FE63F9E7043D
:102C5000834771008607938707028A9783D7C7FE49
:102C60002314F1000347710083467100834771000C
:102C700005070607130707020A970358C7FE8507CB
:102C800013971600035581001307070286070A975A
:102C900093870702231607FF8A972396A7FE834789
:102CA0007100850793F7F70FA303F10083477100C5
:102CB000E37DF6F683476100850793F7F70F23035B
:102CC000F10083476100E3FCF5F4231401002315B0
:102CD00001002303010003476100954763ECE7040B
:102CE00093060060154625A88347610003578100BD
:102CF00089078607938707028A9783D7C7FEBA9703
:102D0000C207C1832314F10083476100850793F74D
:102D1000F70F2303F10083476100636DF6008347DB
:102D2000610089078607938707028A9783D7C7FEC2
:102D3000E3FCF6FA834761006385071003578100BF
:102D4000834561008357810003466100834661002B
:102D50003347B702B3E7C7028607B3C7D702BA97AC
:102D6000C207C1832314F100034761009947998F7B
:102D700093F7F70FA303F10083477100F5C30347EF
:102D80006100954763EEE70295468347610003576C
:102D9000A10089078607938707028A9783D7C7FE12
:102DA000BA97C207C1832315F100834761008507E5
:102DB00093F7F70F2303F10083476100E3F7F6FC75
:102DC0000357A100834571008357A100034671009A
:102DD000834671003347B702B3E7C7028607B3C71C
:102DE000D702BA97C207C1832315F10003558100AA
:102DF0008355A100835781000356A1008566130700
:102E0000004093860680B307F7403386C640098F9B
:102E10008D8EC2074206C18741864207C206B2971D
:102E2000C1864187369793D6F7011355F701B697B8
:102E30003A95858B0585958F3E95420541850561BF
:102E40008280930700402314F100034761009947F3
:102E5000998F93F7F70FA303F1008347710085F370
:102E60008567938707802315F10049B71C414167A7
:102E70007917F98F1CC12320050023220500232484
:102E80000500B70702402326050013878700630467
:102E9000E5041387C701630BE50213870703630784
:102EA000E50413874704630AE5041387870563096C
:102EB000E5021387C7066307E5041387070863095C
:102EC000E504138747096308E5008280D843136748
:102ED000070FD8C38280D8431367F700D8C3828016
:102EE000D843B7060F00558FD8C38280D843856674
:102EF000938606F0558FD8C38280D843BD66558F20
:102F0000D8C38280D843B706F000558FD8C38280DB
:102F1000D843B706000F558FD8C3828090519C4587
:102F20009449D84983A88501D18FD58FD04DD451EC
:102F3000D98FB3E71701184103A88502D18FD58F28
:102F4000E176BD06D045758FB3E707019441D98F6F
:102F50001CC1DC4150C114C55CC582801C4189C5BF
:102F600093E717001CC1828041677917F98F1CC154
:102F700082804CC18280B70702409C437D8D3335EF
:102F8000A0008280B7070240C8C3828058410C412C
:102F90000328C500B7060140938706403E9713C635
:102FA000F5FF6303080483A8064003288500414316
:102FB000B3F8C80023A01641D443F18ED4C3144300
:102FC000CD8E14C3184190479346F7FF758E90C776
:102FD000D047F18ED4C7630D68003E988327080060
:102FE0005D8F2320E80082801C43F18F1CC3828008
:102FF0009447D98E94C7D447558FD8C78280B707D6
:10300000014023AAA7408280B7066745B727024040
:10301000938636123797EFCDD4C31307B79AD8C328
:10302000D4D3D8D38280372702401C4BA166D58FDA
:103030001CCB8280B7270240984BB706020013755D
:1030400005F0558F98CBC8CB944B3727024093E6B9
:10305000060494CB5C47858BF5FF1C4B8176FD16EF
:10306000F58F1CCB8280372702401C4BC16613753D
:1030700005F0D58F1CCB5C47858BF5FF37270240C9
:103080005C47898BF5FFAE86158D93850510372734
:1030900002409042B387A600910690C35C47898B9B
:1030A000F5FFE398B6FE1C4B37062000B72602401A
:1030B000D18F1CCBDC46858BF5FF9C4A41777D1771
:1030C000F98F9CCA828003A8850093770801137E3C
:1030D000F80081C7DC41336EFE00B7270240985BE1
:1030E000B707000FF98FE9EB8547A381F186B71782
:1030F0000140630AF50C83D6050093F7F60FB5E39C
:103100009307F00F63FED70403234500014785486A
:10311000930E8002130F8004A14521A00507630FC1
:10312000B70293078700B397F80033F6D700E39709
:10313000C7FE6301D80B6313E8011CC913162700EF
:10314000BD47B397C70093C7F7FF33F36700331644
:10315000CE00336366000507E315B7FC2322650044
:1031600082800323050081478548930E8002BD4F6E
:10317000130F8004A14521A08507638CB702339704
:10318000F8003376D700E319C7FE6304D80763134A
:10319000E80118C9139727003396EF001346F6FF8E
:1031A000337366003317EE00336367008507E398D7
:1031B000B7FC23206500A9B7B7170140E31DF5F25E
:1031C00083C731868DDB83D60500B5822390D50079
:1031D000C9FA8280131627005CC9BD47B397C700A0
:1031E00093C7F7FF33F367003316CE0033636600EF
:1031F0009DB758C9139727003396EF001346F6FF83
:10320000337366003317EE003363670045B7B717B3
:1032100001406307F5001C45FD8D3335B000828009
:1032200083C73186EDDB1C45B581FD8D3335B0009C
:103230008280B71701406304F5000CC9828083C700
:103240003186E5DFB5810CC98280B7170140630480
:10325000F5004CC9828083C73186E5DFB5814CC952
:103260008280EFF2EFEC8357450001112A84680059
:10327000939407012E89052ED24737470F00130775
:10328000072433D7E702C18093F404FCC204C18051
:103290000326090061651305056A93150701C181BD
:1032A000CD8C2312940083560400C206C182F99A81
:1032B000C206C1822310D4006363C5060606B3D7D5
:1032C000C702114793960701C18263E0E60A8505AC
:1032D000C205C181C207C1832310B402231EF400BA
:1032E00083570400835649008355A90093E71700CC
:1032F0002310F400835704000357C90003568900C4
:10330000C207C183CD8E93F757BFD58F2310F4002A
:10331000B367C7002314F40005616FF0AFE3835572
:103320006900B166FD166384D50493161600B29643
:103330008E06B296B3D7D7029166C207C183D58FE6
:103340009396470199E293E717009306C01233075B
:10335000D702A166D58F9306803E3347D702050773
:10336000420741832310E40295BF91478DB793161E
:103370001600B296B3D7D702C207C183D1B783571D
:10338000050091C593E717002310F5008280C2075E
:10339000C183F99BC207C1832310F5008280835744
:1033A000050091C593E707102310F5008280C2073E
:1033B000C18393F7F7EFC207C1832310F500828022
:1033C0008357050091C593E707202310F5008280FD
:1033D000C207C18393F7F7DFC207C1832310F5004B
:1033E00082808357050091C593E707402310F500BD
:1033F0008280C207C18393F7F7BFC207C18323103E
:10340000F50082802318B500828093F7E50F19C27A
:1034100093E715002318F50082808357050091C5B6
:103420002167D98F2310F5008280C607C58323103A
:10343000F5008280035745018357850113950701E5
:10344000598D6D8D220521810D8D133515008280DA
:10345000411102C402C693D7C5012AC63EC4A24781
:10346000A205A18199CBB247D1073EC6B247884396
:1034700041016D8D3335A0008280B247C181E107E3
:103480003EC6B247884341016D8D3335A00082802E
:103490009387418698430346050015EB8347250033
:1034A00037E700E09207329793F7F70F2300F740D2
:1034B00054410547935756003317C70085CE93876D
:1034C00007048A07B7E600E0B69798C3828098435E
:1034D00085466309D7028C430947638EE504984308
:1034E0008D466300D70498439147E313F7FC834765
:1034F00015007DB7938707068A07B7E600E0B69701
:1035000098C3828083472500834615009207638015
:10351000E60437E700E093F7F70F32972300F74010
:1035200041BF83461500834725006365D7028606A1
:10353000B6979207F9BF034715008347250063FF3D
:10354000E60079170A07BA9793F7F70F920793E700
:1035500007F8C1B7F1168606B697FDB70A07BA97FE
:10356000920745BFB7160240DC4271771307F77F19
:10357000F98F0E055D8DC8C28280B7170240D8430F
:10358000B70640FFFD16758FD8C3D8435A05598D2D
:10359000C8C38280B7160240DC4251777D17F98F8D
:1035A000C98FDCC28280B7160240DC42214613F785
:1035B000C700B7177A00938707206302C7061CC1AC
:1035C00037160240584297D6FF1F9386A6A3118351
:1035D0003D8B369703470700B3D7E7005CC15842DD
:1035E00021831D8B36970347070033D7E70018C5A3
:1035F00058422D831D8BBA9603C7060097D6FF1F2E
:10360000938646C6B3D7E7005CC5584239830D8B15
:10361000369703470700B3D7E7021CC98280DC4214
:10362000D8424166C983BD8B8907C546718F638EB9
:10363000D70211EF3747024003270780418B19CF8C
:1036400037177A0013070720B387E7028DBF3717B4
:1036500002405843B7060200758F7DD337173D00EF
:1036600013070790B387E70299BFC9476DF3D9B72E
:1036700099C5371702405C4BC98F5CCB8280B71766
:103680000240D84B1345F5FF798DC8CB828099C590
:10369000371702401C4FC98F1CCF8280B7170240DA
:1036A000984F1345F5FF798D88CF828099C53717DC
:1036B00002405C4FC98F5CCF8280B7170240D84F61
:1036C0001345F5FF798DC8CF828003D6250083D7B7
:1036D000050083D6450003D7650083D88500D18FC8
:1036E00003D8A500D58FD98F83D6C500B3E71701BE
:1036F0000357050003D6E500B3E70701D58F8D66B4
:1037000093860604758FD18FD98F2310F5008357C8
:10371000C5017D7783D605011307F77FF98F231E37
:10372000F5002318D50082808357050091C593E7E3
:1037300007042310F5008280C207C18393F7F7FBCB
:10374000C207C1832310F50082808357450009C654
:10375000CD8F2312F500828093C5F5FFED8F2312E4
:10376000F50082808357450091C593E747002312F7
:10377000F5008280C207C183ED9BC207C18323127B
:10378000F50082808357050037370140130707C0D3
:10379000C20783D6050003D6450003D86500C18360
:1037A0006307E504370700406300E502130707409D
:1037B000630CE50037170040930807806306150186
:1037C000130707C06317E50003D7250093F7F7F841
:1037D000D98F93F7F7CFB3E707012310F50023162E
:1037E000C5022314D5028547231AF500828003D72A
:1037F000250093F7F7F8D98F93F7F7CFB3E70701D1
:103800002310F5002316C5022314D50283C78500B3
:103810002318F5028547231AF50082808357050097
:1038200091C593E717002310F5008280C207C1837A
:10383000F99BC207C1832310F50082808357C5001E
:1038400009C6CD8F2316F500828093C5F5FFED8F55
:103850002316F50082808357C50009C6DD8D231627
:10386000B500828093C5F5FFED8F2316F5008280A9
:1038700083578500C207C183E19BC207C18323141C
:10388000F50082802314B502231AC5008280835775
:103890000500C207C18393F7F7F8CD8F2310F50019
:1038A000828083578501C207C183DD9BCD8F231C96
:1038B000F50082808357C501C207C183DD9BCD8F90
:1038C000231EF50082808357C5017D771307F77F9C
:1038D000F98FA205CD8FC207C183231EF500828018
:1038E00083570502C207C183F59BCD8F2310F502D4
:1038F000828083570502A205C207C18393F7F7DFD1
:10390000CD8FC207C1832310F50282808357050241
:1039100079777D17F98FB205CD8FC207C183231048
:10392000F5028280035705028547B397B70093C716
:10393000F7FF7D8F2310E502835705023316B6008B
:10394000D18FC207C1832310F5028280035705027D
:103950008547B397B70093C7F7FFF98F2310F50298
:1039600093F775FF610595C3F115C205C181858186
:10397000AA959C4165777D17F98F9CC19C412206D1
:10398000420641825D8E90C182808581AA959C41CC
:1039900093F7F7F89CC19C415D8E90C182802316FD
:1039A000B5028280231AB5028280231EB50282806E
:1039B0002310B504828083570500C207C18393F7A3
:1039C000F7CFC207C1832310F50083570500CD8FC1
:1039D0002310F5008280835705010355C500ED8F44
:1039E0004205418189C76D8D3335A0008280014534
:1039F000828093C5F5FFC205C1812318B50082807E
:103A0000EFE21FF30357050183D76500F576FD1636
:103A1000758FD98F03D7C5002318F5008356C500CD
:103A200083D745007D762A841306369F03D585000B
:103A3000F18EAE8483D5A500D58FC98FCD8F231687
:103A4000F4008357440101116800C207C18393F752
:103A5000F7CFD98F231AF400B936B74701409387BF
:103A60000780630BF40852468356C4009317160070
:103A7000B297C2068E07C1869840B29763C006040B
:103A80000A07B3D7E702930640060356C40042066E
:103A9000418633D7D702B3F7D70212076340060433
:103AA000920793872703B3D7D702BD8BD98FC2075D
:103AB000C1832314F40005616FE0DFE90607B3D783
:103AC000E702930640060356C4004206418633D7F8
:103AD000D702B3F7D7021207E35406FC8E07938789
:103AE0002703B3D7D7029D8BD98FC207C183231475
:103AF000F40005616FE01FE66246BDB78357C5005D
:103B000091C50967D98F2316F500828079777D17D3
:103B1000F98F2316F500828093F7F50F05479583FB
:103B2000B315B7006384E702894613074501638C28
:103B3000D7001C4301C6CD8F1CC3828093C5F5FFFF
:103B4000FD8D0CC3828013070501E5B71307C5007F
:103B5000CDB793F5F51F2312B500828003554500BC
:103B60001375F51F8280035505006D8D3335A00058
:103B7000828093F6F50F054695822A87B317B60023
:103B8000638BC60209466383C6028356450133F53B
:103B9000F60083570700C207C18301C9A181054709
:103BA0003317B700F98F3335F00082808356050153
:103BB00033F5F600F9BF8356C50033F5F600D1BFE3
:103BC0007300203001A0EFE2BFD603A7C18E954756
:103BD0002A84630AF70083474500A3040500A30273
:103BE000F5006FE03FD703457500EF60A05C9307D9
:103BF0000002E318F5FE83455400834744006385C3
:103C0000F50663F6F506034784008D8F93F7F70FEB
:103C10009374F70F63E7E704834614000346040038
:103C20000347240083473400A206D18E4207558FF4
:103C3000E207D98F2686BE95138581B4EFE05FD267
:103C400083475400268603457400BE9493F4F4071A
:103C5000A3029400938581B4EF40F030A3040400E4
:103C600049B793F4F70F4DBF83479400BDDB93072B
:103C700000F851BFEFE2DFCB03A7C18E95470346A3
:103C800045002A846308F700A302C500A3040500C9
:103C90006FE05FCC83461500034724000345050011
:103CA00083473400A206C98E4207558FE207D98F99
:103CB000130716002302E400B2972380B70083475E
:103CC0004400834654001397870161871347F7FF29
:103CD0007D87F98F2302F400E39CF6FA8547A3045D
:103CE000F4002285CD3583479400E5FF6FE09FC641
:103CF000EFE21FC41384019183A6C18E1547834749
:103D000044006388E600A302F400A38C01906FE0F6
:103D10007FC41840938617002302D400BA972380EB
:103D2000A7008347440083465400139787016187A7
:103D30001347F7FF7D87F98F2302F400E399F6FC20
:103D40008547A304F4002285BD3D83479400E5FF29
:103D50006FE05FC0EFE23FBC9387C192C04B03C9E5
:103D600087019C4B1357840062093369E900A183E2
:103D70001306F00381456204130519005D8CEFE022
:103D8000FFC183461400054781552301D90003462E
:103D900024002302E900834744002300B900A30064
:103DA000C9002303E900A302F9009305000F638211
:103DB000B72663EBF52051476388E72E637AF71443
:103DC000130720086398E7220347740083466400C2
:103DD0000346540081450545EF10F0560347740033
:103DE000834664000346540085450545EF10B055F1
:103DF0000347740083466400034654008945054523
:103E0000EF1070540347A4008346940003468400D7
:103E10008D450545EF1030530347A40083469400B9
:103E20000346840091450545EF10F0510347A40077
:103E3000834694000346840095450545EF10B05035
:103E40001309B400994493091002034729008346DB
:103E5000190003460900A6858504054593F4F40F6F
:103E6000EF10704E0D09E39234FF0347B40B834605
:103E7000A40B0346940B81450145EF10D04C03473A
:103E8000B40B8346A40B0346940B85450145EF1004
:103E9000904B0347B40B8346A40B0346940B894510
:103EA0000145EF10504A0347840B8346740B0346C9
:103EB000640B8D450145EF1010490347840B834681
:103EC000740B0346640B91450145EF10D04703473F
:103ED000840B8346740B0346640B95450145EF1034
:103EE00090461304340B994413091002034724002D
:103EF0008346140003460400A6858504014593F417
:103F0000F40FEF1050447514E39224FF6FE0FFA309
:103F100041476384E71A4547639EE70C8345540095
:103F2000034764000945A303B9002304E90095454C
:103F300013077900B2968506B697AE978507A30159
:103F4000B90093F7F70F3306A7008346070005076C
:103F5000B69793F7F70FE31AE6FE9305000E4A951E
:103F6000A303F5001385C192313305448544938939
:103F7000C19219A801338347390005041374F40F63
:103F80009107A28463CE8702CA9483C504004E853C
:103F90009387050393F7F70EF1FF9305000DD939C9
:103FA00083C504004E850504FD1593F5F50FD93141
:103FB000834739001374F40FA2849107E3D687FC7A
:103FC000EF4060246FE07F989305200F638BB7125A
:103FD0009305300F6397B700A303E9002304E900BA
:103FE00029A01307100F6397E7000D4599451307A4
:103FF000790089B736967D57B2978D072302E9007D
:104000000D47A301E90093F7F70F9305000E014553
:10401000B9B7176700001307674E03450700976598
:1040200000009385654E03C3050083C8150003C8CF
:104030002500A303A90003C5350083C545008343BC
:10404000170083422700834F3700034F4700834EFA
:104050005700034E670003477700230AB900FD5558
:104060002307E900A30AB9002947930500FAA3072B
:10407000E900A309A900230BB90023047900A304D4
:1040800059002305F901A305E9012306D901A30677
:10409000C90123086900A3081901230909011307AD
:1040A00079004145CD4579B5034754000545914513
:1040B000A303E90013077900B5BD81460146814598
:1040C0000545EF10D02F8146014681450145EF108F
:1040D000102F0347290083471900034649008346F0
:1040E0005900BA978D0703476900B297B697BA97F8
:1040F0000D4783450900A301E90093F7F70F014538
:10410000B9BD1307A0FAA303E90013073005230480
:10411000E900094595451307790029BD83C7018B3F
:1041200081E78547238DF1868280EFE2CFFE1387FA
:1041300001915C4B83448701238D0186A183E204B6
:10414000DD8C03C654009305660093F5F50F2380BC
:10415000B400D1C11506938714001376F60F3E966E
:1041600026878147834607000507B69793F7F70F21
:10417000E31AC7FEA6952380F500138501919305E8
:10418000000ECD3C01449389019109A8E53483C711
:10419000040005041374F40F63ED8702338984006F
:1041A000834509004E859387050393F7F70EF9FFC2
:1041B0009305000DC134834509004E850504FD15A6
:1041C00093F5F50F453C83C704001374F40FE3F730
:1041D00087FC6FE08FF7814771BFEFE26FF5938740
:1041E0000191C44B03C487019C4B13D78400620424
:1041F000598CA183E2041306000881452285DD8CD9
:10420000EFE0CFF903C7240083C6140083C734004E
:104210002301E40019472300E400A300D400A30114
:10422000F400130710086367F7021307F0026375C1
:10423000F704938707FD93F7F70F13071005636DD6
:10424000F702176700001307A72C8A07BA979C4349
:10425000BA9782871307000F6388E7021307500F8E
:10426000639CE70083C7018B81E78547238DF18637
:10427000EF3070796FE00FEE13060008A28513850A
:104280008194EFE0EFEDF9BF976700009387C73C9B
:1042900003CE070003C3170083C8270003C83700F5
:1042A00003C5470083C5570003C6670083C6770070
:1042B00003C78700BD472300F400A547A302F4000D
:1042C0002303C401A303640023041401A304040111
:1042D0002305A400A305B4002306C400A306D4004C
:1042E0002307E40083C7018BC9D359B79D47230037
:1042F000F400930740F92303F4008547A302F40078
:1043000083C7018BBDD3ADB7138454002285EF0062
:10431000701C29F903C694001387C1868146914514
:104320002285EF10507FA9B703C5940013096400DC
:10433000CA85EF00502063070510834704004147FA
:10434000A302E400C1072300F40083C7018BE38EBE
:1043500007F039BF85450145EF10B07383C7018B66
:10436000E38507F031B781450145EF10907283C7AF
:10437000018BE38C07EEEDBDEF200019D5BD03C81E
:10438000540003C5640083C5740003C6840083C65B
:10439000940003C7A4009387C18623800701A380EC
:1043A000A7002381B700A381C7002382D700A3827F
:1043B000E70083C7018BE38A07EA5DBD930700022C
:1043C0002302F40083C7018BE38107EA55B5930606
:1043D000F00F1306F00F9305F00F0945EF10207E44
:1043E00051B5EF20F05C69B583C6740003C6640064
:1043F00083C554000945EF10807C83C7018BE38699
:1044000007E6BDB503C8540003C5640083C5740046
:1044100003C6840083C6940003C7A4009387418722
:10442000ADBF138454002285EF00D00AE31C05E2DF
:1044300003C6940013874187854691452285EF1076
:10444000906D3DB503C59400CA85EF10107A0DB587
:10445000EFE28FCB1384C1921C48834B4401034786
:10446000A400A183E20BB3EBFB0055CF370B000197
:104470009389B1867D1B130C000E954C930A000D99
:10448000138AA18613090002FD545C440346B4005C
:104490008346F400B3F76701A207D18FB69783C7AD
:1044A000070003C6090063828709630C560963820B
:1044B000570B8345040103460A001448034744018F
:1044C000A1826207558F2E972300F700034704014E
:1044D00005071377F70F2308E40063F7EC0083C6A2
:1044E0003B006D17630CD7080347A4008345F40015
:1044F000938607F3B336D0007D17B306D0403E96BF
:104500001377F70F8505F58F2300CA002305E40014
:10451000A307B4002380F9002DFB0945EF50D04AD2
:104520000347A4003DF36FE0AFC1630C5601238E37
:10453000019223002A01A3819B00130600028145FA
:10454000ADBF85078345040103460A0093F7F70FC3
:10455000ADB77D171377F70F8506930700FD23800E
:10456000F9002305E400A307D40005F30945A3855A
:104570000186EF5070450347A4006DB7638CC702F6
:104580000347A4008347F400238E01927D1713771D
:10459000F70F850723850186A38501862305E4009F
:1045A000A307F400E31307EE0945EF50F04103477A
:1045B000A4008DBFEFF00FFAE1B7EFE2EFB4138480
:1045C000019183C7018B0347A400639507161C481C
:1045D00083444401938A9186A183E204DD8C4DCF0C
:1045E000370C00017D1C930C000E938B8186154DBA
:1045F000130B000D130A00FDFD5901595C440346DD
:10460000B4008346F400B3F78701A207D18FB697B1
:1046100083C7070003C60A00638297096309660B14
:10462000638B670B14480347440103460401A182CE
:104630006207558F32972300F7000347040103C632
:104640000B0005071377F70F2308E4006377ED00ED
:1046500083C604007D176304D70A0347A40083457B
:10466000F400938607F3B336D0007D17B306D0402D
:104670003E961377F70F8505F58F2380CB00230532
:10468000E400A307B4002380FA002DFB0D45EF5092
:10469000B0330347A4003DF36FE08FAA63096603BC
:1046A000238001927D17238034011377F70F85064D
:1046B0002384018623802A012305E400A307D40074
:1046C00015FF0D45EF5050300347A400E9B78507AB
:1046D00093F7F70F81BF7D171377F70F85062380B8
:1046E0004A012305E400A307D400E31907F00D45B0
:1046F000A3840186EF50502D0347A40069BFF13C0D
:104700000347A4008347F400238001927D171377A9
:10471000F70F850723840186A38401862305E4001F
:10472000A307F400E31C07EC0D45EF50F029034705
:10473000A40095B721CF0347F40037090001B7441F
:1047400001407D19938404805C448346B40026852F
:10475000B3F72701A207D58FBA9783C50700EFF0FB
:104760004FBF930500082685EFF0EFBF7DD90347C3
:10477000F4008347A4000507FD171377F70F93F79D
:10478000F70FA307E4002305F400DDFF0D45EF500C
:10479000B0236FE0EF9AEFE2AF995D39393D1385B1
:1047A000C192EFF04FC213850191EFF0CFC183C7E3
:1047B000A18799E36FE00F9AEFF03F976FE08F9931
:1047C000EFE20F979384C18003C404009307F00FB6
:1047D0006301F4049386C18783D706000567130736
:1047E00087388507C207C1832390F6006366F70AFE
:1047F00009496301240F636089023DC837540040B2
:10480000B7050300850513050440EFE0BFC2631040
:1048100005106FE02F948D47E31DF4FE37590040DB
:10482000B70507009385450813050940EFE09FC0D1
:104830006DD1854513050940EFE09FB883C7E18737
:104840009386D180850703C70600238FF186239EB8
:10485000018683C7E18763EDE70C238F0186FD574F
:104860002380F4009547E316F7FA2380860055B7B6
:1048700037540040B705020013050440EFE05FBD68
:1048800049F9854513050440EFE07FB18547238052
:10489000F400239E0186B5BF375400401305044041
:1048A0008545EFE09FB7130504408145EFE0FFB673
:1048B000130504408145EFE09FAC85451305044096
:1048C000EFE0FFAB23860180238F0186239E0186C4
:1048D0006FE04F8837540040B705070093852508DF
:1048E00013050440EFE01FB5E30505F203C7E187B8
:1048F00093870181BA9783C5070013050440EFE051
:104900007FB08D472380F400239E018619B703C72B
:10491000E18793870185BA9783C507000146130590
:104920000440EFE09FAE23802401239E0186D5B58D
:1049300023860180F9BD03C7C1809307F00F63038D
:10494000F7008280EFD2DFFE1384B18003450400BC
:10495000239E018623860180EF304078814517052C
:104960000000130525E6EF30206F2300A4006FD070
:104970007FFE1345F5FF9357650093E707FC136728
:1049800005FC93F7F70F1377F70FA2073181D98F43
:1049900093860181136505FC2390F6002381A60010
:1049A00003C7C1809307F00F6303F7008280EFD243
:1049B0003FF81384B18003450400239E01862386BB
:1049C0000180EF30A071814517050000130585DFD8
:1049D000EF3080682300A4006FD0DFF7EFD25FF5DF
:1049E000056497C7FF1F938767D21304048022864C
:1049F0003E858145EFD09FFA228683A5C181EFD005
:104A00003FF66FD03FF5EFD2BFF299677390078002
:104A1000371702405C4301449384C18193E7070840
:104A20005CC313898181EFE02FDE88402295EFE09F
:104A30006FE0832509008840A2952295EFE0AFE260
:104A400013040410EFE02FDE93070480E9FF37170B
:104A500002405C4393F7F7F75CC399679387870835
:104A6000739007806FD01FEF23A20188828023A25A
:104A7000018803A78181AA8735C30347870085463C
:104A800001456303D7008280FDDFF5DD83C60700A3
:104A9000E39BE6FE03C717001306E002E315C7FE1B
:104AA00003C8050013068008E31FC8FC83C5150072
:104AB0001306400BE399C5FC83C5270003C63700E6
:104AC000938701882380D700A380E7002381B70064
:104AD000A381C700054523A2D18882800145828039
:104AE00003A541887D15133515008280EFD25FE460
:104AF000138441881840854741116313F70E23A2A0
:104B0000018879CDAA8541460A85EFD07FE59308D3
:104B100001010A87176500001305C5B48566834740
:104B200007000507AA97B69783C70780A30FF7FE6C
:104B3000E397E8FE0348F1009305F100935748001E
:104B400093867700139726003697939627003A9816
:104B50003383D700330368401303D3FD4203135359
:104B600003016D180346E1004208135808018A87C3
:104B7000B28603C607008E06850713575600558F69
:104B8000A38FE7FEE396F5FE93767800A2060A87E8
:104B9000834707000507B697AA9783C70700A30FA7
:104BA000F7FEE397E5FEE31E68FA13076100A546EA
:104BB00083470700050713D64700BD8B63E2C60293
:104BC00063E0F602E396E8FE02479387814A98C3C2
:104BD0001247D8C3224798C73247D8C789471CC055
:104BE00041016FD03FD703A741888947631AF70077
:104BF00083A7818191C783C7870005476380E70A40
:104C000085472303F50093070002A303F500C1477E
:104C10002304F50003CF050083CE150003CE250045
:104C200003C3350083C8450003C8550083C665002B
:104C300003C77500A304E5012305D501A305C5013C
:104C400023066500A306150123070501A307D50068
:104C50002308E500034E06000343160083482600A0
:104C600003483600834546008346660003477600C6
:104C70000346560093071501A308C50123096500E3
:104C8000A3091501230A0501A30AB500230BC500DA
:104C90004D452383D700A383E700828013870188D3
:104CA0002303F500834507000346170083462700CA
:104CB000834737004147A303E50011472304E5007C
:104CC000A304B5002305C500A305D5002306F50000
:104CD0001D45828083A641880947AA8701456383D1
:104CE000E600828003A78181014565DF8346870056
:104CF0000547E398E6FEF5D71387018803C607004A
:104D0000834607006306D6000545134515008280DB
:104D100003C6170083461700E318D6FE03C6270014
:104D200083462700E312D6FE83C637008347370049
:104D3000E39CF6FCD9BFEFD2BFBF83A441880947EB
:104D4000639EE40003A781812A84014511C783463D
:104D5000870005476387E6006FD0DFBF01456FD04E
:104D60007FBFAE87F5D9414681453E85EFD01FC351
:104D7000630494000545CDB741469385814AEFD041
:104D80003FBE0545D1BFEFD2BFBA1384814B130696
:104D9000000481452285EFD07FC09307A0FA23004D
:104DA000F4009307101E2311F400EF30400D23127E
:104DB000A400EF00103DAA8713060004A285114548
:104DC0002313F400EF30301A6FD0DFB8B7F7FF1FAE
:104DD00083A6877E03A7C77E83A7077F93DF86000E
:104DE00013DF060193DE8601135E8700135307016C
:104DF0009358870113D8870093D5070113D68701ED
:104E0000A301D5002301F501A300E5012300D5018D
:104E1000A303E5002303C501A302650023021501D6
:104E2000A305F50023050501A304B5002304C5006F
:104E3000828091BFEFD2DFAF1384814F034704001C
:104E40009307A00A6304F7006FD0DFB01306E003F6
:104E500081451385A14BEFD07FB4034714008347EE
:104E600024009384814B9306A0FAA380E40023805E
:104E7000D4001307000B6369F70413978701618758
:104E8000634507021387F7FF1377F70FBD4663EDFE
:104E9000E6084147636AF708176700001307870CA5
:104EA0008A07BA979C43BA97828793C70708130764
:104EB0000003636BF706176700001307E70E8A0706
:104EC000BA979C43BA9782871307200E6389E70637
:104ED0006373F7021307300E6398E7049307301EDD
:104EE00013060004A68511452391F400238401884C
:104EF000EF30700791BF1307000E6388E7001307B8
:104F0000100E6393E702413581B7834744001307CE
:104F1000001E2391E400638B072C0547638FE72273
:104F2000FD57A381F4000DB7FD57130600049385C8
:104F3000814B11452391F400EF30F00231B78547E2
:104F40002384F188130600049307201EA6851145CB
:104F50002391F400EF303001C5BD1385C14BBD3541
:104F600093070011130600049385814B114523918B
:104F7000F400EF30407FC9BD0347440091472381CF
:104F8000F40085469307F00F63E7E60083A781816D
:104F90002384E7008547130600049385814B114560
:104FA000A381F400EF30207C45B583A7818183C7BE
:104FB000870013073010130600049385814B1145B9
:104FC0002391E4002382F400EF30E079B5BD03477C
:104FD000440083A78181130600042383E70093859F
:104FE000814B9307201011452391F400EF30A077F7
:104FF000A1BD83A7818183C7670013071010130623
:1050000000049385814B11452391E4002382F40031
:10501000EF30607515BDEFF07F9C93070018130605
:1050200000049385814B11452391F400EF30A07368
:1050300021BD034544009307F00F83488400834556
:1050400094000347A4006302F52A9306000F034867
:1050500054006307D5306304F828AE864686C285BF
:10506000EF00702E9307001B130600049385814BFD
:1050700011452391F400EF30006FF9B3EF20306059
:105080002A84EF20705F9317040113170501C18371
:10509000D98F130600041307101A9385814B11450D
:1050A0002391E400DCC0EF30006C79BBEF20707519
:1050B0009307001A130600049385814B1145239131
:1050C000F400EF30406A49B383A7818183C637007B
:1050D00003C6270003C7470083C75700A206D18E27
:1050E0004207558FE207D98FDCC0130600049307EF
:1050F00010199385814B11452391F400EF30A06680
:10510000A1B383454400034654008346640003472B
:10511000740083A781812381B700A381C700238204
:10512000D700A382E70013060004930700199385B4
:10513000814B11452391F400EF30E06231B3EFF081
:105140009F8C93071018130600049385814B11451B
:105150002391F400EF302061C5B983455400054523
:1051600093D6250013D61500858A058A8589EF0018
:105170003025834564000D4593D6250013D61500D0
:10518000858A058A8589EF00B0238345740015451B
:1051900093D6250013D61500858A058A8589EF00E8
:1051A000302283458400014593D6250013D615008F
:1051B000858A058A8589EF00B020834594000945DA
:1051C00093D6250013D61500858A058A8589EF00B8
:1051D000301F8345A400114593D6250013D6150032
:1051E000858A058A8589EF00B01DB9B90347740027
:1051F000834664000346540081450545EF00B01422
:105200000347A40083469400034684008545054572
:10521000EF0070130347D4008346C4000346B40074
:1052200089450545EF003012034704018346F40029
:105230000346E4008D450545EF00F01003473401B7
:10524000834624010346140191450545EF00B00F44
:1052500003476401834654010346440195450545CF
:10526000EF00700E034794018346840103467401E6
:1052700081450145EF00300D0347C4018346B40169
:105280000346A40185450145EF00F00B0347F401F7
:105290008346E4010346D40189450145EF00B00A85
:1052A0000347240283461402034604028D45014548
:1052B000EF00700903475402834644020346340258
:1052C00091450145EF00300803478402834674028C
:1052D0000346640295450145EF00F006B5B62E86FB
:1052E000BA86C685EF00B00DB5BB3A864685EF009D
:1052F000F00C8346A40003469400834584000545D2
:10530000EF00100C8346A4000346940083458400FC
:105310000D45EF00F00A8346A40003469400834540
:1053200084001545EF00D0098346A400034694008D
:10533000834584000145EF00B0088346A40003467E
:105340009400834584000945EF0090078346A4003C
:1053500003469400834584001145EF00700619B39D
:105360002E86BA86C6854285EF009005E5B983A7EB
:10537000818103C7670085476303F70082809387B5
:10538000C1541387C1581388C1588843CC439047F0
:10539000D44708C34CC310C754C7C1074107E3969D
:1053A00007FF130600049385C15805456F30A03BE5
:1053B000EFD26FD69387C15C83C6070041476386EF
:1053C000E600EF2050646FD04FD803C717008D461A
:1053D0006301D70A63EDE60085476305F70A89474D
:1053E000E311F7FE93070003A386F156D9BF914658
:1053F000E319D7FC83C4270003C7370083C64700DF
:10540000C20493178700DD8CD58C17640000130449
:10541000E4C505499D498346B4000346A40083457D
:1054200094001305F9FFB3D6D40033D6C400B3D526
:10543000B400858A058A85891375F50FEF004078D9
:105440008346240003461400834504004A85B3D6EE
:10545000D40033D6C400B3D5B4000909858A058ABF
:1054600085891379F90FEF00A0750D04E31539FB59
:1054700089BFA3860156A382015623930156238434
:10548000015681B71384118203450400930700037A
:10549000A386F156EF2090449545170500001305AB
:1054A00045EDEF20703B2300A40021BFEFD24FC891
:1054B00083C7E188B9E71306E00281451385E15906
:1054C000EFD0CFCD9387815383A8070003A847006F
:1054D0009447D84783D707019385C1584946054566
:1054E00023A0150123A2050194C5D8C52398F50072
:1054F000EF30602709E585472387F18801456FD0A4
:105500006FC593874182984383C747009385C158ED
:1055100023A8015823AA01581546054523AC015874
:1055200023AE015823A0015A23A2015A23A4015AF1
:1055300023A6015A23A8015A23AA015A23AC015ACF
:1055400023AE015A23A0015C23A2015C23A4015CC9
:1055500098C12382F500EF30002155F1238701889F
:10556000014571BFEFD2CFBC83A7818183C767009C
:1055700009476389E7020D476384E70805476382AB
:10558000E7041384018203450400EF20903785452A
:1055900017050000130545FDEF2030302300A4005F
:1055A0006FD04FBBEFF0FF8869FD13840182034584
:1055B0000400EF2010351305F00F2300A4006FD076
:1055C0006FB903C51182EF2030369387C15413871A
:1055D000C1581388C1588843CC439047D44708C367
:1055E0004CC310C754C7C1074107E39607FF130612
:1055F00000049385C1580545EF30E01659F175B7A1
:1056000083C7D18899CB5D352DFD83C7E188D1FF54
:10561000A38601882386018849BF238701887935BD
:105620002DF183C7C18889C78547A386F18891BFBB
:10563000238701889DBFEFD20FAE83D7018913D78F
:1056400087009389C154A380F9002381E900A384D2
:1056500001562395015623860156976400009384D2
:1056600024A401443D492285392605041374F40F0E
:1056700019C983C7040083C61400CE9703C7D70196
:10568000558FA38EE7008904E31F24FD03C7090299
:1056900083C7E90183964189134707F893C7070435
:1056A0002380E902238FF90063C406006FD0EFA9BD
:1056B0003D45D12465DD03C7A90183C7C90105079D
:1056C0008507238DE900238EF9006FD00FA8EFD254
:1056D0008FA483D7018993C7F7FFC207C1831387BC
:1056E000A1888583035607009386418293D587005E
:1056F000A380F6002381B6006303F608854623865F
:10570000D18845468145138591532310F700EFD08A
:10571000EFA813898153930710032300F9009764BE
:1057200000009384E4950144130A0021C149B35752
:105730008A00858B1375F40F85E3352C33078900B8
:1057400001CD8347190003C6040083C61400D18F1E
:10575000A300F9002301D70005048904E31934FDEF
:105760001145112C09E5930730032303F900254562
:10577000192401E59147A305F9006FD00F9D2386F9
:10578000018841B7EFD2CF9AD920E52A9387618962
:1057900083D407002390A7002A84B3479500239A57
:1057A000F188EF20404BEF20806D138721899347CC
:1057B000F5FFC20783560700C1832398F1886383EE
:1057C000F6022310F700EF20102483A7818183C7FE
:1057D000670005476380E7020D47638BE700593395
:1057E0006FD04F972310D700E31F94FC6FD08F9694
:1057F000F93DF5B78935E5B7931715001387C161F2
:105800003E979386C16383570700AA9603C6060096
:1058100086078D46D18FC207C1832310F7006381AD
:10582000D70241679306F7FF638CD7007117638334
:10583000E70091E79387C160AA97238007008280E1
:105840009387C160AA9705472380E7008280EFD243
:105850002F8B37140140854513050480EFD0FF9E40
:10586000B94513050480EFD0DF9C371B0140930539
:105870000040130504C0938AC163EFD09F9B81440D
:10588000214A13090BC08D49154C914C054D930BC2
:105890000B802945EFD08F91D68D0144B3158A0036
:1058A000C205C1814A85EFD09F961335150023802C
:1058B000AD000504950DE31334FF8504850A638567
:1058C000840763823405638694036385A409914544
:1058D00013050B80EFD07F97AD4513050B80EFD0FC
:1058E0005F959305004013050BC0EFD09F9489444A
:1058F0004DB74A8593050040EFD03F95BD455E8585
:10590000EFD03F9379B713050B80A145EFD0FF93FC
:1059100013050B809D45EFD0DF91930500401305E3
:105920000BC0EFD01F91B5B7C14513050B80EFD069
:105930001F8E133515009387C163A387A700014409
:10594000C144228505041374F40F7D35E31B94FED6
:105950006FC0DFFE13050B808945EFD01F8F130545
:105960000B80B545EFD0FF8C9305004013050BC0AD
:10597000EFD03F8C39BF9387C160AA9703C507005A
:1059800082809386C16081470145414603C7060076
:1059900085063317F700598D420585074181E39746
:1059A000C7FE8280C205D18D220533E6A50097CEC1
:1059B000FF1F938E6E1D014E97B2FF1F9382426FA1
:1059C000930FD039FD551303D0340D4FB308FE03A8
:1059D0007688154596982320C800B386A8005D47B1
:1059E000B357E600858BFD1793F7A7FB938737071F
:1059F0002380F6007D178506E314B7FE61051108C4
:105A0000E31B65FC050E938ECE08E311EEFD82804C
:105A10001308C008330805031307D0394206A2054E
:105A2000558E4D8E1303D034FD55B307E50217C7CD
:105A3000FF1F130767153A9817B7FF1F130747672C
:105A40001545B388E7002320C800B386A8005D474A
:105A5000B357E600858BFD1793F7A7FB93873707AE
:105A60002380F6007D178506E314B7FE6105110853
:105A7000E31B65FC8280EFC2BFEB13050020EFD073
:105A80008FCF19E16FC01FED13050002EFD0AFCE2D
:105A900075D937052000EFD00FCE6DD51305002046
:105AA000EFD04FCE13050002EFD0CFCD3705200049
:105AB000EFD04FCDB7040040138504408145370433
:105AC0000240EFD0BFD5130504038145EFD00FC9C5
:105AD0001305C4018145EFD06FC81305C406814585
:105AE000EFD0CFC7130504039305D039EFD06FC8AB
:105AF0001305C4019305D039EFD0AFC71305C40611
:105B00009305D039EFD0EFC61305C4018545EFD01A
:105B1000EFC4130504038545EFD04FC41305C40635
:105B20008545EFD0AFC3854513850440EFD01FCF27
:105B30006FC05FE2EFC2DFDFEF20007C2D3FEFE0C0
:105B40009FDF6FC03FE19307200263F3B7008280BD
:105B50009308D039B3081503131835002A98939782
:105B600015000A08AE973308A84013950601C295A0
:105B7000939637002206B367E5005D8E13972500E4
:105B800097C7FF1F93874700BA979506C69690C39D
:105B900097B7FF1F9387C751BE965D47FD55B35713
:105BA000E600858BFD1793F7A7FB938737072380C4
:105BB000F6007D178506E314B7FE8280E5B389BD44
:105BC0003336C0000606B337D000B335B000D18FEE
:105BD0008A0593868189CD8F36952300F50001468D
:105BE000BD47F55503C7060085063317F700F517BF
:105BF000598EE399B7FE328523A0C18A6FE07FD723
:105C00009387019103C8270103C3170183C5370197
:105C100003C7470103C66701220883C8570183C62B
:105C2000770133686800C205B3E5050183C78701C2
:105C300062074D8F2206034817008345270033660D
:105C4000160103473700C206D18EE207D58F9306AF
:105C500065002380D700A38007012381B700A381BB
:105C6000E70023820700A382A700828097A7FF1F77
:105C700083C7873A81E789472388F18A82808D47E5
:105C800063F4A70617C7FF1F1307470A83470700D8
:105C900083461700D58FB9E7834627009307F00F97
:105CA0006392F6048347370083464700BE9693F617
:105CB000F60F8DEAF91793F7F70FA301F700636565
:105CC000F5020346570085059306500D93F5F50F31
:105CD000631AD600034767006316B70013950701E0
:105CE000418582807555828071558280EFC25FC484
:105CF00017A4FF1F13040432034534008947397188
:105D00002300F1009307F00F6307F500EF20603FD9
:105D1000FD57A301F400930730209305803E17053B
:105D20000000130525252310F400EF20003797A766
:105D3000FF1F9387A72F83C6970003C6870003C75B
:105D4000A70083C7B700A206D18E4207558FE2078E
:105D5000A301A400D98F0A85814601468545829713
:105D600021616FC03FBFEFC2BFBC17A4FF1F130468
:105D7000642A034534009307401139713EC09307EC
:105D8000F00F6307F500EF20C037FD57A301F400C3
:105D90008565930730109385853817050000130536
:105DA000651D2310F400EF20402F97A7FF1F938756
:105DB000E72783C6970003C6870003C7A70083C7EA
:105DC000B700A206D18E4207558FE207A301A400B7
:105DD000D98F0A85814601469145829721616FC01E
:105DE0007FB7EFC2FFB417A4FF1F1304A422B707A5
:105DF000FF01397193872753034534003EC0C147E3
:105E00002302F1009307F00F6307F500EF20602FE6
:105E1000FD57A301F400930730309305803E17052A
:105E20000000130525152310F400EF20002797A785
:105E3000FF1F9387A71F83C6970003C6870003C76A
:105E4000A70083C7B700A206D18E4207558FE2078D
:105E5000A301A400D98F0A85814601469545829702
:105E600021616FC03FAFEFC21FAB9387019183C524
:105E7000670103C6270103C3570183C6770183C89F
:105E8000170103C7370103C4870183C4470117A95A
:105E9000FF1F13092918A2052206034819009317AA
:105EA0000701B3E56500C20633661601CD8E6204B4
:105EB000D18FE2042547AA89558CDD8C6302E80462
:105EC00083C7340083C6140003C724001946230087
:105ED000C400A301F400A300D4002301E40003459F
:105EE000390085472300F900A3020400230234018E
:105EF0009307F00F6315F506EFE04FA26FC0FFA404
:105F0000EFE01FBE55DD0145EFE05FBE17A6FF1FA6
:105F10001306261197A5FF1F938525102285EFE014
:105F20009FCC03C6140083C6240003C73400930526
:105F300065002300B400A300C4002301D400A30122
:105F4000E400AA8703453900A302F4008547230033
:105F5000F900230204009307F00FE30FF5F8EF2098
:105F6000401AFD57A301F900EFE04F9B6FC0FF9D62
:105F7000EFC21F9C138401910346240183466401F0
:105F800083481401034734010348540183477401D3
:105F9000034944018344840197A5FF1F9385850726
:105FA0002206A20603C50500B3E606013366160104
:105FB0004207C207D58F518F6209E20495463369C3
:105FC000E900DD8C630BD50483C715001D472380D2
:105FD000E5002947636BF700175700001307470ECA
:105FE0008A07BA979C43BA978287834739008346CA
:105FF0001900034729001946A381F4008D47238027
:10600000C400A380D4002381E400A382040023827F
:10601000F400EFE0AF906FC0FF9385472380F50059
:106020006FC05F93834739008346190003472900F7
:106030001D46A381F40085472380C400A380D400BB
:106040002381E40023820400A382F400238304005C
:10605000EFE0CF8C6FC01F90834739008346190053
:10606000034729001946A381F40085472380C40013
:10607000A380D4002381E400A38204002382F400DF
:10608000EFE0CF896FC01F8DEFE09FA56301050E84
:106090000145EFE0BFA517A6FF1F130686F897A5D9
:1060A000FF1F938585F72685EFE0FFB303482401A2
:1060B00083471401834534010347440103466401C7
:1060C000220803435401834674013368F800C20573
:1060D00083478401B3E5050162074D8F220683489B
:1060E000170003482700834537003366660013977F
:1060F0000601518FE207D98F130765002380E7005F
:10610000A380170123810701A381B7002382070021
:10611000A382A700EFE08F80FDBD83C7018BE39AC8
:1061200007EEEFF0BFBCF5B583C7018BE39307EE35
:10613000EFF03FCBF9BD8347390083461900034791
:106140002900A381F400B1474946A382F4008547A2
:106150002380C400A380D4002381E40023880400AA
:10616000A38804002382F400EFD05FFB6DB50347E2
:10617000A90123880400A38804002389E4000348BC
:1061800024018347140103453401834644018345B8
:106190006401220803435401034674013368F80084
:1061A00042058347840133650501E206C98EA205D5
:1061B00083C8160003C8260003C53600B3E5650092
:1061C000931606011207CD8E1377F70FE207D58FCE
:1061D0009306370135072380D700A3801701238159
:1061E0000701A381A70023820700A382E700EFD065
:1061F000FFF215B5EFC2CFF317A4FF1F130404E39A
:1062000083461400034604000347240083473400F8
:10621000A206D18E420717A6FF1F1306A6DF558FD1
:10622000E207FD56A301D600D98F2302060082970C
:1062300083465400034644000347640083477400C8
:10624000A206D18E4207558FE207D98F8297930518
:106250004006170500001305A5A9EF10106493056B
:10626000800C17050000130505B8EF1010639305A7
:10627000C01217050000130545AFEF10106293051B
:10628000007D170500001305A59EEF1010616FC07B
:106290006FECEFC2EFE917A4FF1F1304A4D78347E5
:1062A0003400397113072013C98D2310E100230135
:1062B000B1001307F00F6388E7003E85EF107064AC
:1062C000FD57A301F400930730409305803E170566
:1062D0000000130525CA2310F400EF10105C97A7E7
:1062E000FF1F9387A7D483C6970003C6870003C701
:1062F000A70083C7B700A206D18E4207558FE207D9
:10630000A301A400D98F0A85814601468D45829755
:1063100021616FC02FE4EFC2AFE183475700834E86
:106320000700034E17000343270083483700034844
:106330004700B336D0001376F60F397122069386E4
:106340000606D18E130700142E862E84AA85130507
:10635000A100A304F10097A4FF1F9384A4CB2310F2
:10636000E1002311D1002302D101A302C1012303C3
:106370006100A303110123040101EFC06FDE03C517
:1063800034009307F00F6307F500EF109057FD57A7
:10639000A381F400930730609305803E1705000049
:1063A000130545BD2390F400EF10304F97A7FF1F52
:1063B0009387C7C783C6970003C6870003C7A70094
:1063C00083C7B700A206D18E4207558F9305A4005C
:1063D000E207A381A400D98F0A858146014693F57F
:1063E000F50F829721616FC0EFD6EFC26FD417A46B
:1063F000FF1F130424C239711307001483473400AC
:106400002310E100130700032301E100A301A10011
:106410001307F00F6388E7003E85EF10904EFD579D
:10642000A301F400930730709305803E1705000028
:10643000130545B42310F400EF10304697A7FF1F53
:106440009387C7BE83C6970003C6870003C7A7000C
:1064500083C7B700A206D18E4207558FE207A3017A
:10646000A400D98F0A858146014691458297216112
:106470006FC04FCEEFC2CFCB935785001317850067
:1064800017A4FF1F130404B95D8F03453400C167CF
:1064900039719387A7143EC02312E1002303B10092
:1064A000A30301009307F00FB2846307F500EF1018
:1064B0005045FD57A301F4008567A6859387378073
:1064C00017050000130505AB2310F400EF10F03C96
:1064D00097A7FF1F938787B583C6970003C68700DA
:1064E00003C7A70083C7B700A206D18E4207558F06
:1064F000E207A301A400D98F0A8581460146A14580
:10650000829721616FC00FC5EFC28FC239711384AA
:10651000518AEFE06FD583470400A5CF97A4FF1FF2
:10652000938444AF03C534009307A0142310F100F3
:10653000230101009307F00F6319F506930730500C
:106540009305803E170500001305C5A22390F400B3
:10655000EF10B03497A7FF1F938747AD83C697000E
:1065600003C6870003C7A70083C7B700A206D18E62
:106570004207558FE207A381A400D98F0A8581467F
:1065800001468D45829781472300F40021616FC049
:106590006FBC41651306803E85457D15E13D85470D
:1065A0002300F40021616FC0EFBAEF109035FD5762
:1065B000A381F40061B71D71A2CCA6CAD6C286CE53
:1065C000CAC8CEC6D2C4801097AAFF1F938A8AA4D5
:1065D0002A83C14703C53A008A8463E76718914755
:1065E000B28863E3C718330AC300150A060A137A90
:1065F000FA0F13091A0097A7FF1F938707A21379B1
:10660000F90F83C3070083C2170083CF270003CF8E
:10661000370083CE470003CE570003C8670003C688
:1066200077001307F9009377071F3301F1402381A7
:106630001A0199472300F100A300710023015100C2
:10664000A301F1012302E101A302D1012303C1014E
:10665000A30301012304C100A30461008A89630F1D
:1066600003121316130029069307A1000A9603D7F5
:1066700005008907890513588700A38F07FF238F1B
:10668000E7FEE396C7FE93151300A90593F5F50FF2
:106690003387B900938715002300170193F7F70F8D
:1066A000638C080286088508C69593F5F50F03D616
:1066B0000600138717003388F9001377F70F9358F4
:1066C00086002300180189074E9793F7F70F2300E0
:1066D000C7008906E39DB7FC9307F00F6310F50828
:1066E0008567938737909305803E17050000130553
:1066F00065882390FA00EF10501A97A7FF1F938721
:10670000E79283C6970083C5870003C7A70083C7A6
:10671000B70003C65A00A206CD8E4207558FE20786
:1067200093060004090AA381AA002300D4FAA30057
:10673000C4FA230144FBD98FCA864E868D451305C2
:1067400004FA82972681130104FAF6406644D6447F
:106750004649B649264A964A25618280EF10701A4A
:10676000FD57A381FA00ADBF9307F00F6312F50246
:10677000856793877790814517F5FFFF1305857F20
:106780002390FA00EF107011A381AA00268165BF43
:10679000EF103017FD57A381FA00D9BFA945CDBD31
:1067A000EFC26F9797A7FF1F9387478813840191C4
:1067B00003C8D70003CFC70003C6E7000345240181
:1067C00083456401834E140183463401034E540112
:1067D0000347740183C7F7000343440183488401DE
:1067E00022083368E8012205A20542063365D50177
:1067F000B3E5C501336606019389418AC2064207A3
:10680000E2074D8FC98E62031398880117B5FF1FE9
:106810001305C5514111D18FCE85B364E8003369AA
:10682000D3002382018A829703C5090009CD179AF4
:10683000FF1F130A2A7E83470A000D476388E7007B
:106840001147638BE70041016FC02F9091472300F0
:10685000FA00954763E0A70283471A002947E364DB
:10686000F7FE17570000130767888A07BA979C43FB
:10687000BA97828797B7FF1F9387474B03C6470096
:1068800003C727009306F00F83C50700718F03C865
:10689000170003C63700E311D7FC83C65700B3E5E2
:1068A00005013367B600558F45FB930AA5FF568651
:1068B00097B5FF1F9385E5473E85EFC0CF8B13F556
:1068C000FA0F2380A90041D141BF93050004EFF0E6
:1068D0000FBB6343051203453A0095472300FA00B6
:1068E0009307F00F6307F500EF10B001FD57A30108
:1068F000FA008345240103456401034814018346DB
:10690000340183485401034674010347440183471B
:106910008401A205B3E505012205C2063365150110
:10692000CD8E42066207558F498EE20783451700D8
:1069300083463700D18F034627003147A382E70003
:1069400003C7540049452380A700A380B7002381D3
:10695000C700A381D7002382070023880400A388EF
:1069600004002383E400EFD06FFBF1BD9305000426
:10697000EFF0EFB06342050897B9FF1F9389093B19
:1069800083C7790093F7F7039DE79307F5FF03C7E4
:106990008900C207C1876391E70603472A00FD17F4
:1069A00012073107639AE70483C7290103C7390136
:1069B000D98F638E07500545EFF0EFCA69B593058F
:1069C000A004EFF0CFABE34805FE97B9FF1F938912
:1069D000E93583C77900638A072C0547E39DE7FC07
:1069E00003C9990003C789009307E9FEA302EA00DF
:1069F00093F7D70F638007341145EFF0CFC6A1B5E9
:106A000093050004EFF0AFA7E34805FE97B7FF1F1B
:106A100083C73732CDF303453A0095472300FA0088
:106A20009307F00F6307F500EF10A06DFD57A3016A
:106A3000FA000345240183471401834534010347C9
:106A40004401034664012205034354018346740153
:106A50005D8DC20583478401C98D62074D8F220673
:106A60008348170003482700034537003366660054
:106A700013970601518FE207D98F59472380E7000A
:106A80004147A381A700414697B5FF1F9385852AFB
:106A9000A38017012381070123820700A382E70057
:106AA00013856400EFB0DFEBEFD04FE769BB9305D0
:106AB0000004EFF0CF9CE34105F497B7FF1F83C7B5
:106AC0005727E39A07EE03453A0095472300FA005B
:106AD0009307F00F6307F500EF10A062FD57A301C5
:106AE000FA00034524018347140183453401034719
:106AF000440103466401220583485401834674011E
:106B00005D8DC20583478401C98D62074D8F2206C2
:106B100003481700034527008345370033661601F5
:106B200013970601518FE207D98F19472380E70099
:106B3000A38007012381A700A381B7002382070058
:106B4000A3820700EFD08FDDFDB99305A004EFF01D
:106B50000F93E34205E603453A0095472300FA0008
:106B60009307F00F6307F500EF10A059FD57A3013D
:106B7000FA0097B9FF1F9389691B83C77900638463
:106B8000071403C739009547E3F8E7E603452401F6
:106B900083471401834534010347440103466401DC
:106BA000220583467401834854015D8DC2058347E5
:106BB0008401C98D62074D8F2206034817000345E3
:106BC0002700834537003366160113970601518F5E
:106BD000E207D98F35472380E7001D47A3800701CF
:106BE0002381A700A381B70023820700A382E700C7
:106BF00003C7C90083C739002384E4009306570004
:106C0000E3DCF6DE814705C33387F9008346D7000E
:106C10003387F4008507A304D70003C7C90093F79F
:106C2000F70FE3E3E7FE85472383F400C147A3831F
:106C3000F400EFD0AFCE01B993052003EFF02F841D
:106C4000E34C05DA03453A0095472300FA00930721
:106C5000F00FE30AF5BEEF10C04AFD57A301FA009A
:106C6000DDB693052003EFF08F81E34705D8034598
:106C70003A0095472300FA009307F00F6307F500E9
:106C8000EF102048FD57A301FA0085472302FA00C0
:106C90005DBE8945EFE0BFFEE35B05FCB1BBD145BE
:106CA000EFE0FFFDE35505FC81BB03453A00954746
:106CB0002300FA009307F00F6307F500EF1060441C
:106CC000FD57A301FA0003452401834714018345BE
:106CD00034010347440103466401220583485401FB
:106CE000834674015D8DC20583478401C98D6207A7
:106CF0004D8F2206034817000345270083453700C0
:106D00003366160113970601518FE207D98F1D478D
:106D10002380E7000547A38007012381A700A38103
:106D2000B70023820700A382E70023830400EFD08B
:106D3000EFBE11BE03453A0095472300FA009307C2
:106D4000F00F6307F500EF10C03BFD57A301FA00F9
:106D500097B7FF1F938787FD1387940017B6FF1F10
:106D6000130646FD83C6B70085070507A30FD7FEA8
:106D700083C62701A303D700E396C7FE83C8140187
:106D800003C8240103C5340183C5440103C654016B
:106D900083C6640103C7740183C7840123071A01F2
:106DA000A3070A012308AA00A308BA002309CA00FE
:106DB000A309DA00230AEA00A30AFA0083C89400B0
:106DC00003C8A40003C5B40083C5C40003C6D4002F
:106DD00083C6E40003C7F40083C7040123031A0138
:106DE0002306EA00A306FA00A3030A012304AA006B
:106DF000A304BA002305CA00A305DA00514781475E
:106E00006318E90083C7C90103C7B901A207D98F75
:106E10009795FF1F938565211795FF1F1305E51FA4
:106E2000231BFA00EFD0BFC40DC1AD472316F100FC
:106E300013873401E1779306E10005466C000545B0
:106E40002317F100EFF02FF7FDBA1796FF1F130677
:106E5000461D9795FF1F9385451C2685EFD0BFD80B
:106E60000348240183471401834534010347440147
:106E700003466401220803435401834674013368C6
:106E8000F800C20583478401B3E5050162074D8F11
:106E900022068348170003482700834537003366DE
:106EA000660013970601518FE207D98F130765001B
:106EB0002380E700A380170123810701A381B70086
:106EC00023820700A382A700EFD04FA5ADBA0345E8
:106ED0003A0095472300FA009307F00F6307F50087
:106EE000EF102022FD57A301FA0083472A0085CF27
:106EF00055469207058E9386040133859700A68533
:106F00001376F60F2E87B307E60093F7F70FCE97A9
:106F100083C7070005072309F700E316D7FEC1055D
:106F2000C106E311B5FEEFD0BFBB0DC5138534011B
:106F3000EFD0DFBB1796FF1F1306A60E9795FF1F16
:106F40009385A50D2685EFD01FCAEFE07FCBEFD04C
:106F5000EF9CD5B88347A90123880400A3880400C7
:106F60001394470035041374F40F2389F400228529
:106F7000EFE01FC923838400EFD04F9AE9B01D7161
:106F8000A2CCCAC8D6C286CEA6CACEC6D2C48010EB
:106F9000979AFF1F938A0A082A88C14703C53A00B7
:106FA0000A8963EB071DA94763E8C71C131A36005B
:106FB000429A329A150A060A137AFA0F93091A00AE
:106FC0009797FF1F9387670593F9F90F83C407000D
:106FD00083C3170083C2270083CF370003CF470046
:106FE00083CE570003CE670003C377009388F90070
:106FF00093F7081F3301F1402381CA00A147A30082
:1070000091002300F10023017100A301510023022C
:10701000F101A302E1012303D101A303C101230470
:107020006100A30401018A8463020818131E18007A
:10703000290E9307A1000A9E83D8050089078905B8
:1070400013D38800A38F67FE238F17FFE396C7FF34
:1070500093151800A90593F5F50F3388B4009387AD
:1070600015002300C80093F7F70F3DCE1318160044
:107070000508C29593F8F50FBE8503D30600138863
:107080001500338EB4001378F80F935E830023004D
:10709000DE018905269893F5F50F2300680089061F
:1070A000E39D15FD9306F6FF8606B69793F7F70F57
:1070B000998F9315460013862700BA869308070117
:1070C0001376F60F2E97B68503C80500B307B600F2
:1070D00093F7F70FA697238007018505E396B8FE7F
:1070E000C106C108E391E6FE9307F00F6310F508AF
:1070F0008567938737A09305803E17F5FFFF13053B
:1071000065E72390FA00EF0050799797FF1F938768
:10711000E7F183C6970083C5870003C7A70083C72D
:10712000B70003C65A00A206CD8E4207558FE2076C
:1071300093060004090AA381AA002300D4FAA3003D
:10714000C4FA230144FBD98FCE8626868D451305CC
:1071500004FA82974A81130104FAF6406644D64441
:107160004649B649264A964A25618280EF007079E1
:10717000FD57A381FA00ADBF9307F00F6312F5022C
:107180008567938777A0814517F5FFFF130585DE97
:107190002390FA00EF007070A381AA004A8165BFB6
:1071A000EF003076FD57A381FA00D9BFA94575B528
:1071B000EFB20FF8138501918345250103471501AF
:1071C0008346350183474501A20503466501D98DF4
:1071D000C2068340550103477501CD8EE207834502
:1071E0008501D58F1798FF1F1308C8E283436800F5
:1071F00083427800834F8800034F9800834EA80095
:10720000034EB8000343C8008348D80083C6E70094
:107210002206336616004207518F13968501518F5F
:10722000A38277001386160023835700A383F701F8
:107230002384E701A384D7012385C701A3856700C1
:1072400023861701A303C700214641116385C60E9B
:107250006378D608B1476382F6129307400A639EAB
:10726000F6188348250183471501034835018346F5
:10727000450183456501A208034355010346750195
:10728000B3E8F800420883478501E2063365180138
:10729000C98EA20583C8160003C8260003C53600A0
:1072A000B3E5650093160601CD8EE207D58FC5467E
:1072B0002380D700AD46A380170123810701A38156
:1072C000A70023820700A382D70023080700834773
:1072D00057002303F700EFC07FE441016FB08FE751
:1072E000638406181946639AC61083C6970183C53E
:1072F000870103C6A701A206CD8E2313D1009318E0
:10730000160034003685BE9811CE83C5B70103C878
:10731000C7018907A205B3E505012310B5000905DA
:10732000E39517FF930561004D070545EFF0AFA802
:1073300041016FB02FE203C7C70103C6B70103C8FD
:10734000970183C687012207518F9318870022086F
:1073500021833368D800B3E8E80034009305610066
:107360001387D70105460545231301012314110195
:10737000EFF0FFC041016FB0EFDD0343250183470C
:107380001501834835018346450183456501220384
:10739000034E5501034675013363F300C20883476A
:1073A0008501E20633E56800C98EA20503C3160015
:1073B00083C8260003C53600B3E5C5019316060150
:1073C000CD8EE207D58FCD462380D700B546A3806A
:1073D000670023811701A381A70023820700A382EE
:1073E000D70085472308F70083476801A308F70003
:1073F000834778012309F700D9BD834825018347D6
:107400001501034835018346450183456501A208FE
:107410000343550103467501B3E8F800420883476A
:107420008501E20633651801C98EA20583C81600DE
:1074300003C8260003C53600B3E5650093160601B0
:10744000CD8EE207D58F99462380D700A380170100
:1074500023810701A381A70023820700A3820700DD
:107460008D472302F700A5B5034325018347150186
:107470008348350183464501834565012203034E58
:107480005501034675013363F300C2088347850144
:10749000E20633E56800C98EA20503C3160083C85F
:1074A000260003C53600B3E5C50193160601CD8E4F
:1074B000E207D58FE9462380D700D146A380670035
:1074C00023811701A381A70023820700A382D7008D
:1074D0008346680183477801230CD700A30CF7008B
:1074E000FDB3EFB2EFC479718545116502CA02CCD4
:1074F00002CE02D002D202D402D602C602C8EFC027
:107500000F9985451145EFC08F98371401409307B7
:1075100000200D494C0813050480231AF100E147AF
:107520004ACC3ECEEFB03FBA930700404C0813055B
:107530000480231AF10091473ECEEFB0DFB89307E5
:1075400000104C0813050480231AF100C1473ECEF9
:107550004ACCEFB05FB7F167B7440140938707208B
:107560000C10138504803ED0B7070C003ED42316C0
:10757000010202D2EFC0CFC81385048005469305EF
:107580005052EFC06FD905469305404213850480E1
:10759000EFC08FD89307501368002316F10085477A
:1075A0003EC823070100EFB0BFEE13850480854578
:1075B000EFC0CFD49305001013050480EFB07FC750
:1075C00045616FB02FB9EFB2AFB697370000938720
:1075D000E7F18C43D043944703D7C70083C7E70044
:1075E0004111374401402EC032C236C42316E10097
:1075F0002307F1008A841309F1001304048083C572
:1076000004002285EFC0EFD4930500082285EFC067
:107610008FD57DD98504E39424FF41016FB08FB3EA
:10762000EFB26FAF83470500AA8437450140AE8AA9
:10763000130505808145B74901403289368AA38800
:10764000F18A2A84EFC0EFD0930500082285EFC0AD
:107650008FD17DD9138509808145B7490140EFC09D
:107660004FCF13840980930500082285EFC0AFCF68
:107670007DD9138509809305F00FB7490140EFC00C
:107680004FCD13840980930500082285EFC0AFCD4C
:107690007DD9B3874A0193F7F70F938517001385B8
:1076A000098093C7F7FF374B014093F5F50F93F926
:1076B000F70F13040B80EFC0CFC993050008228594
:1076C000EFC06FCA7DD9CE8513050B80B749014045
:1076D000EFC02FC813840980930500082285EFC0EE
:1076E0008FC87DD99305400D13850980374401402B
:1076F000EFC02FC613040480930500082285EFC055
:107700008FC67DD9638B0A0A37440140A69A930934
:10771000400D1304048083C504002285EFC06FC3AD
:10772000930500082285EFC00FC47DD983C70400EC
:107730008504CE9793F9F70FE39F54FD630A0A027D
:10774000374401404A9A1304048083450900228586
:10775000EFC02FC0930500082285EFC0CFC07DD9B0
:10776000834709000509CE9793F9F70FE31F2AFD18
:10777000B30530413745014093F5F50F13050580FA
:10778000B7440140EFC0EFBC1384048093050008A8
:107790002285EFC04FBD7DD98145138504803744D4
:1077A0000140EFC00FBB130404809305000822853D
:1077B000EFC06FBB7DD96FB04F999309400DBDBF2E
:1077C000411122C6374401409305505213050480ED
:1077D000EFC02FBA49E91384018B034704008547A2
:1077E0006316F700324441017300203037440140F2
:1077F0009305404213050480EFC0AFB765D503572A
:1078000004808357448083C7618A6393070C03C74E
:10781000918A9387C18A3E97834607001387918A8E
:10782000C5CE03C6718A89469385718A63F7C60CF3
:1078300083C6818A85062384D18A03C6818A8D46C0
:1078400063F4C6002384018A834607000D4685063B
:1078500093F6F60F2300D70083460700637ED60613
:10786000A384018A95A813050480EFC02FAF83C7B6
:10787000018B85461375F50F1384018B6389D70639
:1078800083C7618AB9FB03C7918A9387C18A3E97F0
:10789000034607001387918A93158601E1851376C5
:1078A000F60F63C90504834507008346070017A741
:1078B000FF1F1307A74F9E052E97930516003297BB
:1078C000B69713F6F50F2300A7002380C70031B742
:1078D0001387918A9387C18A03470700BA97238049
:1078E000070032442383018A410173002030EFC036
:1078F0002FC0E5B52383D18ACDB583C605008506A3
:1079000093F6F60F2380D50081B7EFB2CF803744CE
:107910000140AA892E89014693055052130504801F
:10792000EFC08F9F03C7018B85479384018B630949
:10793000F70001469305404213050480EFC0CF9D38
:1079400003C4718A1387718A41C083C6818A939761
:10795000760017A6FF1F13066645B29723A0F9000D
:107960009387C18AB69783C707008D462300F90025
:1079700083C7818A85072384F18A83C7818A63F458
:10798000F6002384018A83470700374401400546F7
:10799000FD1793F7F70F930550521305048023004A
:1079A000F700EFC06F9703C7040085476316F70021
:1079B000054422856FA07FF90546930540421305D3
:1079C0000480EFC06F95EDB7374901400546930538
:1079D000505213050980EFC02F9403C70400854758
:1079E000E309F7FC05469305404213050980EFC003
:1079F000AF92C1B7EFA23FF24111AA8A2E8A9384B7
:107A0000018B89499305B1006800EFF01FF01DC597
:107A100083C704006387370383C70400E5F7034483
:107A2000B100B24556852286EFA09FF39305B100C1
:107A300023008A006800EFF05FED79F941016FA043
:107A4000DFF00349B100E30F09FA324422990345FC
:107A500004000504EFC0CFA9E31B24FF65B76FF056
:107A60007FF9EFA2FFEC01118545116502C002C24A
:107A700002C402C602C802CA02CC231E0100EFB033
:107A8000FFC285452145EFB09FC0371401406149D1
:107A90008D448A85130504C085672310F1004AC40C
:107AA00026C2EFB04FE28A85130504C08967231010
:107AB000F1004AC426C2EFB00FE191678A85130531
:107AC00004C02310F10091473EC4EFB0CFDFE1774F
:107AD0008A85130504C02310F100374400404AC4CE
:107AE00026C2EFB04FDE130504808545EFB09FC777
:107AF000B70704013EC6930700026C00130504801B
:107B00003ECC9D47231EF10002C802CAEFB0FFBB66
:107B10001305048005468945EFB03FC31305048073
:107B200005468545EFB07FC2854513050480EFB05B
:107B3000BFBF05616FA01FE2EFA2FFDD79712A844C
:107B4000AE89054585453289B68402C202C402C6A3
:107B500002C802CA02CC02CE02D002D202D402D69D
:107B6000EFB01FB12285EFB06FB0C1473EC693079B
:107B700000084C003ECC228585674EC24AC426C808
:107B80003ED402CA02CE02D002D202D6EFB00FB962
:107B900045616FA09FDBEFA21FD879712A84AE895F
:107BA000054585453289B68402C202C402C602C8B0
:107BB00002CA02CC02CE02D002D202D402D6EFB068
:107BC0003FAB2285EFB08FAA930700083ECC930706
:107BD00000103ECE930700404C003ED022858567C2
:107BE0004EC24AC426C83ED402C602CA02D202D637
:107BF000EFB0CFB245616FA05FD5EFA2DFD1797151
:107C00002A84AE89054585453289B68402C202C4FC
:107C100002C602C802CA02CC02CE02D002D202D4EC
:107C200002D6EFB0FFA42285EFB04FA4930700085F
:107C30004C003ECC228585674EC24AC426C83ED43D
:107C400002C602CA02CE02D002D202D6EFB00FADF7
:107C500045616FA09FCFEFA2BFCD1387818C1C43DE
:107C600085466388D7008946638ED70EC5CF6FA03F
:107C70007FCE37050200EFB00FB06307051C370554
:107C80000200EFB02FB00965EFB0CFAF374500402D
:107C9000814513050580EFB03FA91385018C03488A
:107CA00045002A879385318C9307F00F1736000023
:107CB00013068646834617000507B58FB29783C71C
:107CC0000700E319B7FE93C7F7FF93F7F70F6303B6
:107CD000F81837040240130584058145EFB00FA85A
:107CE000130584059945EFB0CFA813058405854594
:107CF000EFB0CFA6130544048145EFB02FA61305BE
:107D000044049945EFB0EFA6130544048545EFB050
:107D1000EFA437450040854513050580EFB0DFA08F
:107D20006FA05FC39386018C83C7160083C52600AE
:107D300003C6360083C64600CD8FD18FD58F1386FC
:107D4000D18283460600638407129387F6FF93F778
:107D5000F70F2300F600C5EF85471CC3A3860182F9
:107D60006FA05FBF0945EFB00FA1E30205F0094521
:107D7000EFB04FA197A7FF1F9387472517A6FF1FB7
:107D80001306C62C014783D6070089073697E31CE4
:107D9000F6FE198393170701C1878395618C33869B
:107DA000B7008146634E060081CF05659306F5FF57
:107DB0006358A6006386D7002E9793160701C182E9
:107DC0009387E18B2390D70003D707003704024045
:107DD000130584001347F7FF420741832390E70010
:107DE00003D7070081451207420741832390E7002C
:107DF000EFB0CF961305840093058004EFB06F9722
:107E0000854513058400EFB06F956FA0BFB4C146E0
:107E1000E3FFF6E4374500408947130505808145B7
:107E20001CC337040240A3860182EFB0FF8F130505
:107E300084058145EFB08F92814513054404EFB06E
:107E4000EF91EF90E03225B50965EFB0CF92E318DE
:107E500005E231BD8347250003471500A207D98FEE
:107E600013978700A183D98F239FF18A9DB59387AC
:107E7000160093F7F70FF1BD03D5E18B8280938550
:107E8000C18B83D7050003D7E18B93160701D98EE9
:107E900063F9E712B307F74093A7171093C71700CA
:107EA0006396070E1388418B834708009388818B64
:107EB00017A5FF1F1305850F93961700369503A688
:107EC000080003530500938617003A963306664070
:107ED000935736009D8A23A0C8001386218B231058
:107EE000E5002300D800139707018356060041835D
:107EF0002390E500BA876370D70CB387F64093A749
:107F0000170493C7170081C72310E600BA8603A79A
:107F1000818183471700034707004165A207D98F76
:107F2000BE96C206E177C182BE969397160021677E
:107F3000B697BA9703C7C18263DBA70813950701F9
:107F4000418163CE070215EF1386A1828357060095
:107F500063F3A70A3307F54042074183AA86A14588
:107F6000368563FBE5009305000463E5E506B697F7
:107F700085831395070141812310D60082802DC788
:107F800001452395A18223860182828097A7FF1F46
:107F90009387C7011316370094C3D4C394C7D4C7BB
:107FA00023ACC18A1386218B835606002390E500FB
:107FB000BA87E364D7F4958F93A7170493C7170084
:107FC00099B7998F93A7171093C71700D1BD7D1547
:107FD00025DF45BF13953600158D3E950D81420571
:107FE00041812310D60082801386A1828357060028
:107FF00081463E87ADB73387A74042074183AA86B3
:10800000B9BF03D7E18BE177998F139707014183BC
:1080100083A6818121832380F600A380E6008280ED
:10802000411122C637140040854513050480EFB086
:108030009F9A09E532444101730020301305048002
:108040008545EFB01F9B1387C18C1C4332448507C5
:108050001CC34101730020302A8817A7FF1F130794
:10806000670B814741461443310799C68507E39C56
:10807000C7FE1305F00F828093961700BE968A06FE
:1080800017A7FF1F13078708369713F5F70F232449
:1080900007014CC32320070082802A8817A7FF1FEF
:1080A000130747FB814741461443310799C68507AB
:1080B000E39CC7FE1305F00F828093961700BE96CF
:1080C0008A0617A7FF1F130767F8369713F5F70FF0
:1080D000232407014CC3232007008280BD4763E1AE
:1080E000A702131715002A970A0797A7FF1F938760
:1080F000E701BA9723A4070023A2070023A00700E3
:108100008280BD4763E1A702131715002A970A076B
:1081100097A7FF1F938787F3BA9723A4070023A28B
:10812000070023A007008280BD4763EDA7009317D7
:108130001500AA978A0717A7FF1F130727FDBA97ED
:1081400023A007008280EFA2AFFE37140040130582
:10815000048001468545EFB06FEE130504800546A7
:10816000854583A4C18C17A4FF1F130424FA23A6FA
:10817000018C17A9FF1F13096905EFB02FEC1444F8
:1081800099CA1C405840A6971CC03386E74063E458
:10819000E70010C082963104E31324FF17A4FF1FE9
:1081A0001304C4EA17A9FF1F130949F621A03104DB
:1081B00063042403184465DF1C405440A6971CC088
:1081C000E3E7D7FE23240400232204002320040035
:1081D00031040297E31024FF6FA0CFF7EFA24FF511
:1081E000F9572387F18217A4FF1F1304240097A4D3
:1081F000FF1F9384A4011C40110491C38297E31CC8
:1082000094FE6FA02FF5EFA20FF1938481819C4023
:1082100083C6370003C6270003C7470083C757003C
:10822000A206D18E4207558FE207D98FB1C31389B9
:10823000E182034509009307E00F630DF502EFF0BB
:108240005FEC944017050000130585F903C736005D
:1082500003C6260083C7460083C556002207518FF8
:10826000C207D98FE205DD8DEFF03FE32300A900BF
:108270006FA0AFED17A4FF1F130444F597A9FF1FCC
:108280009389C9F61C40110491C38297E31C34FF03
:10829000FD572300F9001305F00F55B797A5FF1FF1
:1082A0009385C5F42E87814721461443110799C64B
:1082B0008507E39CC7FE1305F00F82801397270004
:1082C000BA9588C113F5F70F828097A5FF1F938594
:1082D000E5EF2E87814721461443110799C685078C
:1082E000E39CC7FE1305F00F828013972700BA9511
:1082F00088C113F5F70F828083A7818103C77700B8
:1083000011C703C767008D476303F7008280EFA2A0
:108310002FE20545EFD02FE68547630DF50C81462A
:10832000014685450545EFD0BF890945EFD0AFE44B
:1083300085476301F5108146054681450D45EFD01F
:108340003F880D45EFD02FE385478546630EF50C3A
:10835000014681451545EFD0BF861145EFD0AFE10D
:108360009306F00F35E91306F00F9305F00FEFD0E9
:108370001F851945EFD02FE085476300F50A814638
:10838000014685450145EFD0BF831D45EFD0AFDEE7
:108390008547630DF5068146054681450945EFD0C1
:1083A0003F822145EFD02FDD85478546630AF504DE
:1083B000014681451145EFD0BF802545EFD0AFDBA9
:1083C0009306F00F0DE11306F00F9305F00F05452E
:1083D000EFD0EFFE6FA00FD801469305F00F0145D7
:1083E000EFD0EFFD79B701469305F00F0545EFD0CB
:1083F0000FFDCDB7854605468545EFD06FFC35B7F7
:10840000054685451145EFD0AFFB45BF854605467E
:1084100085450945EFD0CFFA69B7854605468545BC
:108420000145EFD0EFF995B7054685451545EFD0E5
:108430002FF925B78546054685450D45EFD04FF800
:1084400009B7EFA2EFCEEF80D06AEF80307A130544
:108450000040EFB02F910545EF70F03CEF70503ABF
:1084600013052003EFA02FD8EFC04FD7EF90A00047
:10847000EF90C007EF90A0572945EFA0CFD6EF802F
:10848000F065EF80D065EF803042EF70D055EF702F
:10849000F039EFD03FD6EF703062D14517D5FFFFEE
:1084A00013058569EFF05FBB854517D5FFFF130501
:1084B000A52DEFF07FBA954517C5FFFF1305E52DF4
:1084C000EFF09FB9F94517E5FFFF1305A52DEFF074
:1084D000BFB8EFF05FC7F5BF37050400EFA03FB2AC
:1084E000730020309926730020308D4723A6F18E2B
:1084F000828097A7FF1F83C707D489C7954723A604
:10850000F18E8280854723A6F18E8280EFA24FC232
:10851000AA842E8411458545EFB06F97B1CC37669C
:108520000040032706C4C166F516758FB7170140D2
:108530002320E6C403A74780B716F0FFFD16758F0A
:1085400023A2E78003A7C780F9769386F67F758F0D
:1085500023A6E78003A74780B7460400558F23A2D0
:10856000E780374702408327078039CC93E727000D
:108570002320F7806FA00FBEB766004003A706C494
:10858000B7170140136727004207418323A0E6C4C1
:1085900003A74780B716F0FFFD16758F23A2E7806B
:1085A00003A7C780F9769386F67F758F23A6E780A9
:1085B00003A74780B7360300558F23A2E7803747CC
:1085C0000240832707805DF0F59B2320F7806FA092
:1085D0006FB88280EFA2CFB59385C15C0545EF10DF
:1085E0005065930700046307F5000545EF10D03D83
:1085F0006FA04FB6EFC0DFDB0545EF10F03C6FA07A
:108600006FB58280EFA2CFB29385814F1145EF10F5
:108610005062930700046307F5001145EF10D03A4C
:108620006FA04FB3EFC01F811145EF10F0396FA05D
:108630006FB2EFA2EFAF1384C1920347C400834629
:10864000B4008347D4008345E4002207558FC20756
:10865000D98FE205DD8D0945EF10B05DAA878965E8
:1086600009452305F400A3070400EF10102F6FA0A5
:108670006FAEEFA2EFABB767004083A707C53737F0
:1086800000204907C207C183BA9786079C43130796
:10869000000293F7F73F639DE7009387C19203C7FA
:1086A000970019E703C7570083C747006309F7001E
:1086B000930500020945EF10D0256FA0AFA9014630
:1086C000814513052008EF10F053C5BFEFA24FA658
:1086D000138401910347C4008346B4008347D40048
:1086E0008345E4002207558FC207D98FE205DD8D4F
:1086F0000D45EF101054AA8789650D452305F40038
:10870000A3070400EF1070256FA0CFA4EFA24FA223
:10871000B767004083A707C5373700206907C2073E
:10872000C183BA9786079C431307000293F7F73F6C
:10873000639DE7009387019103C7970019E703C77B
:10874000570083C747006309F700930500020D45F2
:10875000EF10301C6FA00FA00146814513053008B3
:10876000EF10504AC5BFEFA2AF9C0D47AE843284D4
:10877000630DE506636CA7020547630FE50409472F
:108780006312E506EF10102393070003630CF50452
:10879000A685228613052008EF10D04609459305CB
:1087A0000003EF10101701456FA0CF9A1147631B0C
:1087B000E502EF103020930700036305F502A6855C
:1087C000228613054008EF10F0431145930500037E
:1087D000EF1030140145C9BFEF10D01D93070003FF
:1087E0006318F50205456FA0EF96EF10B01C9307D4
:1087F0000003E309F5FEA685228613053008EF1075
:1088000070400D4593050003EF10B010014569BF9E
:10881000A685228613051008EF10D03E0545930566
:108820000003EF10100F014541B7EFA26F903765BD
:108830000040832705C541679305F7FFB736002041
:10884000ED8F9906B69786079C43130707C003D69A
:10885000C18DF98F0111638CC700832705C513767D
:1088600006C0ED8FB69786079843518F98C3B766B9
:10887000004003A746C49384C18F83D70400239D7F
:10888000E18C03D7A18D7D8F137707201384A18DF1
:1088900019CB41671307F7DF23A2E6C403C7818D15
:1088A0000507238CE18C035704007D8F4207418725
:1088B00063440718035704007D8F1377074019CFCF
:1088C000C167376700409387F7BF2322F7C49787B4
:1088D000FF1F83A72796829783D7040003570400BE
:1088E00089667D8F758F19C73967B76600407D1718
:1088F00023A2E6C40357040085667D8F758F63123B
:108900000712035704007D8F2D83058B05C383A7B2
:108910008184A1EB0945EF00C076BD679387F77F9F
:10892000376700402322F7C483D7040003570400AD
:10893000F98F93F707109DC3C166B767004013878F
:10894000F6EF23A2E7C403A787C413160701634CFD
:10895000060023AA018C1D45EF00A07205616F90EF
:108960007FFFAD255DBF1387418D10438D45050603
:1089700010C31843E3F1E5FE03A707C4218B61FF91
:1089800083A507C41386F6FF9388018DB3F6C5004F
:1089900023A0D800938707C0814621488843939538
:1089A0002600938505028A95718D23A0A5FE850674
:1089B0009107E39506FF83A60800B7650040B767F7
:1089C000004093E6160023A0D80083A60800F18E8D
:1089D00023A0D5C483A60800F99A23A0D80083A6B3
:1089E0000800F18E23A0D5C483A647C493F60640A1
:1089F000E5DE41669306F6BF23A2D7C47D169387B2
:108A000007C0A14593162700938606028A9683A67F
:108A100006FE91070507F18E23AED7FEE314B7FEDD
:108A20000DBFBD67FD17376700402322F7C401451E
:108A3000892D83D70400F1B5EF10002083D70400FF
:108A400095BD9797FF1F83C7077F81C7954723A6CB
:108A5000F18E8280914723A6F18E8280828099E5F3
:108A600013352500134515000605828009458280CF
:108A700011C51775FF1F1305257F828083A74190BD
:108A80001D472398E7008280EF929FEA93844190EC
:108A90009C40854603C7070003C6170083C527000F
:108AA0001377F7076309D70293061002094563128B
:108AB000D7026304E60413070002631CE6001704F0
:108AC00000001304244D80CF239907000145029430
:108AD00001456F903FE8130720026385E502130705
:108AE00010020945E397E5FE170400001304C4478C
:108AF00080CF014502949C40F9B71704000013048D
:108B000064F7D1B7170400001304A443D5B703A733
:108B100041908347070093061002014593F7F7073A
:108B20006383D70082808347170013072002E38BFB
:108B3000E7FE9387D7FDB337F000139517008280C7
:108B4000EF921FDF83A7419023850700B129B76506
:108B50000040B76700408566938707C09386F6F0AC
:108B6000138605C298439107758F23AEE7FEE39BFA
:108B7000C7FE9307F00F23A2F5C4EF10B00681459E
:108B8000014523A6018EEFF07F985145EF90BFE598
:108B900085450545EFF09F976F90DFDBEF925FD93A
:108BA00083A7419017970000034737D8A384E700B5
:108BB000239507000145EF10C052930500200145A1
:108BC000EF102053C1450145EF10A0549305000557
:108BD0000145EF10206D930500060145EF10806AF6
:108BE0000145EF1080629775FF1F83C5256701451A
:108BF000EF1060730145EF10205D37670040832759
:108C000007C09166F58F89CF832707C08566938655
:108C1000F6F0F58FB16693860608D58F2320F7C04E
:108C200037670040832707C093F7070489CF83275E
:108C300007C085669386F6F0F58FA1669386060CCD
:108C4000D58F2320F7C0930500600545EF10604ADB
:108C5000930500020545EF10C04B9305000705453D
:108C6000EF1040629305000B0545EF10A0639305DC
:108C700000040545EF10206B8D650545EF10E04DB4
:108C800037670040832747C093F7070489CF8327BE
:108C900047C085669386F6F0F58FA1669386060C2D
:108CA000D58F2322F7C037670040832747C09166DE
:108CB000F58F89CF832747C085669386F6F0F58FB9
:108CC000B16693860608D58F2322F7C081450945F2
:108CD000EF102042930500020945EF1080439305F1
:108CE000000D0945EF10005A9305000F0945EF10DC
:108CF000605B930500020945EF10E0628D65094550
:108D0000EF10A04537670040832787C09166F58F35
:108D100089CF832787C085669386F6F0F58FB16685
:108D200093860608D58F2324F7C037670040832732
:108D300087C093F7070489CF832787C0856693860A
:108D4000F6F0F58FA1669386060CD58F2324F7C025
:108D500081450D45EF10E039930500020D45EF10F8
:108D6000403B930500110D45EF10C05193050013D2
:108D70000D45EF102053930500020D45EF10A05A4A
:108D80008D650D45EF10603D376700408327C7C0F4
:108D90009166F58F89CF8327C7C085669386F6F0E5
:108DA000F58FB16693860608D58F2326F7C03767FF
:108DB00000408327C7C093F7070489CF8327C7C024
:108DC00085669386F6F0F58FA1669386060CD58F9F
:108DD0002326F7C0930500601145EF1080319305FD
:108DE00000021145EF10E032930500171145EF1016
:108DF00060499305001B1145EF10C04A930500041C
:108E00001145EF1040528D651145EF100035376761
:108E10000040832707C193F7070489CF832707C141
:108E200085669386F6F0F58FA1669386060CD58F3E
:108E30002328F7C037670040832707C19166F58F65
:108E400089CF832707C185669386F6F0F58FB166D3
:108E500093860608D58F2328F7C00145EF00B05947
:108E6000854723A6F18E6F90FFAE9385C1836F0077
:108E70000078938541836F00807783A7419083C5F5
:108E80003700214783D74700636BB706EF925FAA8D
:108E9000130740412A8693965500636EF702130725
:108EA00030406370F70205479387C7BFB317F700D9
:108EB0004167130717107D8F29E705674107F98F71
:108EC000A5E39775FF1F93856522B6953285EF0060
:108ED00000726F903FA8056713074710E393E7FE02
:108EE0009777FF1F93878720B385D70003D7C501E6
:108EF00079DF93858601BE95EF00606FD9BF01458C
:108F000082809777FF1F9387671EB385D70003D7AB
:108F1000450155DF93850601BE95EF00406D55BFB5
:108F20009777FF1F9387871CB385D70003D7C500AA
:108F300059DF93858600BE95EF00606B59BF83A70C
:108F4000419083C557008547F11513F7F50F63F47A
:108F5000E700014582809777FF1F938727188E05CA
:108F6000BE9571A583A7419083C557008547F1152C
:108F700013F7F50F63F4E700014582809777FF1F31
:108F80009387C7148E05BE959DA5828082808280BE
:108F900011C51775FF1F1305252D828083A74190EA
:108FA0001D472398E7008280B7670040054723A04C
:108FB000E7C423A007C4096723A207C4130707C097
:108FC000239EE18E23A0E7C40145828037660040DE
:108FD000832806C44165130606C0C20893D8080159
:108FE00081479795FF1F938565227D15214814427F
:108FF000139727002E97E98E14C385071106E3986F
:1090000007FF3767004093E708402320F7C493F732
:10901000E8FF93E8184093E60740139807012320E0
:1090200017C5135808012320D7C4B767004003A70A
:1090300047C41377074065DF41661307F6BF23A2D5
:10904000E7C47D16938707C0014721459316270083
:10905000AE96944291070507F18E23AED7FEE31733
:10906000A7FE37670040936788402320F7C4832713
:1090700007C4C207C18393E747002320F7C46FF0FA
:10908000CFC6EF92FF8A9D471384418E6303F5009C
:1090900008C01C4015476369F70C17270000130729
:1090A000A7178A07BA979C43BA9782873767004009
:1090B000832707C4C207C18393E707012320F7C4AE
:1090C00095471CC0A9472302F4006F90BF888347CF
:1090D0004400FD1793F7F70F2302F4008347440081
:1090E000EDF737670040832707C4C207C183BD9BE4
:1090F000C207C1832320F7C499471CC023A0018E57
:10910000E9B783A7018EADC795471CC07DBFB76483
:10911000004083A704C4C207C183ED9BC207C1837B
:1091200023A0F4C4EFF0EFBCB167938707F023A04E
:10913000F4C491471CC0854723A0F18E6F909F8196
:1091400089472302F4008D471CC06F90BF8083477E
:109150004400FD1793F7F70F2302F4008347440000
:10916000ADF791471CC095B799471CC06F908FFE13
:10917000B764004083A704C4C207C183ED9BC20744
:10918000C18323A0F4C4EFF0CFB6B167938707F093
:1091900023A0F4C499471CC00DBF01CDEF924FF935
:1091A00083A7818F9C43829703A5419029056F90E7
:1091B0006FFA83A7419005472398E700828001CD8D
:1091C000EF920FF783A7818F9C47829703A5419069
:1091D00031056F902FF883A7419005472398E7004A
:1091E000828003A7419059C5239A018E83470700C7
:1091F0009386418F93F7F7079DE78347970013D72F
:10920000470093F70704098BA9CF13671700238042
:10921000E600EF92EFF183A7818F9C4B8297138535
:10922000418F6F902FF30546638BC7040946639601
:10923000C7040347570037660040130606C09377FC
:10924000F7008A07B29762079C436187634E070065
:109250000D660567F18FE39EE7FA85472380F600E8
:109260004DBF2380E60075B7414793F70703E392AC
:10927000E7FAE5B789472318F7000145828013858F
:10928000418F8280EF922FE9138A419083240A0054
:1092900003D4040183C9840019E491476387F90664
:1092A0009149014409A883D7440163FA8706894993
:1092B00063F387003E849C4C420441802285829760
:1092C0002A890145EF102000AA8522864A85EF00F1
:1092D000F05CA2850145EF10200383D7040103D77A
:1092E0002401818FC2073A944204C183C18F9CC874
:1092F0009307000383240A002395F1908D6723963A
:10930000F190238434016F904FE403A7018F8547C8
:109310006309F700C1472395F1909D49DDB7914955
:1093200041BFB767004083A707C53737002009074B
:10933000C207C183BA97860723A0070093070003DB
:109340002395F19023A8018E6DBF83A7419003C799
:10935000370083C65184094563E3E60283C62700CC
:1093600099EE83D6470081EEEF928FDC2385E700EC
:1093700083A7818FDC43829701456F90AFDD8280A8
:10938000EF920FDB138441901C4003A70190184F0C
:1093900083C5370003C55700411102971C4003C71E
:1093A000A70015CB2AC605E903C747000DE783C709
:1093B000270095E383A7818FDC4782971C403245C5
:1093C00083C6570003C73700A385D7002386E7006D
:1093D00041016F902FD8094541016F90AFD703A786
:1093E00041908347070093F7F707A5CB89460945C6
:1093F0006383D700828083572700EDFF83474700B0
:10940000F5FBEF92EFD283475700B7660040938693
:1094100006C013F6F7F7131426003694E20714403B
:10942000E18763C407048D65ED8E83C541840945DA
:109430006373B6028DC20347A70011CF63CA070248
:109440001C408D640567E58F6385E70483A7818FE2
:10945000DC4B829701456F90EFCF83479700014522
:1094600093F7F7FDA304F700828093F6060375BF18
:109470001C40414793F70703E39AE7FC1374F60F88
:109480002285EF00905D930500032285EF00704870
:1094900075BF39E29775FF1F83C545DC0145EF00B5
:1094A00090681840F1779387F7F87D8F42078D67B2
:1094B00041833D8FE177938707085D8F42074183A2
:1094C00018C01C40E58FE38397F88D6618C01C40D8
:1094D000F58FE39DD7FE9DBF3285EF007055184094
:1094E000F1779387F7F87D8F42078D6741833D8F32
:1094F000E177938707085D8F4207418318C01C40BE
:10950000E58FE38597F48D6618C01C40F58FE39DC9
:10951000D7FE2DBF03A6419003475600B766004013
:10952000938606C09375F7F793972500B697620761
:1095300094436187634707060D65E98E03C841843C
:10954000094563FF050583552600B9E9B1CA83467D
:10955000A600B9C6EF92CFBD944363470704717765
:109560001307F7F8F98EC2060567C182B98E6177D5
:1095700013070708D98EC206C18294C398438D652C
:1095800005666D8F6307C70094C398436D8FE31D15
:10959000C7FE83A7818F9C4F829701456F908FBB39
:1095A000828093F6060359BF65771307F7FBF98EA0
:1095B000C206C18261771307070893C60601D98ED8
:1095C000C206C18294C39843C1454146137707033D
:1095D000E301B7FC94C3984313770703E31CC7FE6A
:1095E00083A7818F9C4F829701456F90AFB683A769
:1095F000419003D7270101C588413A95828083D6DF
:1096000045003387E6402398E7008280EF92AFB0B1
:10961000138941900324090037670040832707C559
:1096200003468400A54641116316D6120357640011
:1096300085472304F400834414005DEB03470400D2
:109640001377F70751E725476387E41C15476386BF
:10965000E4260D476383E42C638EF42883A70190EE
:10966000DC4B268582978D47032409006304F5228D
:10967000A1471DE1B767004083A707C53737002022
:109680000907C207C183BA97860723A0070093077B
:1096900000032395F19099472304F4000145977541
:1096A000FF1F83C5A5BBEF00104803270900A14792
:1096B000034587006318F50085672396F190C1473D
:1096C0002395F1905D151335150041016F90EFA7BB
:1096D0006307F7128946E313D7F8638BF4228D47AB
:1096E000E39EF4F6EFF01FE335F90324090059B7C0
:1096F00019476387E412C5E8035724006319071468
:109700005840C1769386F60F758FB706020093898D
:109710000190630CD72283A7090026859C4B829772
:109720008D476303F5168327090041677D1783D6AC
:1097300007016387E6140947630BE50CE9CA038751
:109740000700634B07140D472384E7008D672396BA
:10975000F190A9B7C166FD1637360020F58F1106C6
:10976000B29786078443F58C8604BA9483C70400B5
:109770002300F40083C71400A300F40003D54400C1
:10978000EF0070452311A40003D5840003240900D1
:10979000EF0070442312A40003D7C400032409007F
:1097A0002313E40071B521476386E40A938901908D
:1097B000294783A60900E390E4F6034704001377E2
:1097C000F707E31AF7F48347A400B1D783572400BF
:1097D000B9F35C4041771307F70FF98F4167E39CBA
:1097E000E7F29C4E03455400814582976319051E9C
:1097F00003240900970700009387A79CADA0AD47FD
:10980000E39EF4E4EFF0DFB7E31A05E4F9BD214786
:109810002384E70061B5EFF05FB3E31105E4F1B530
:10982000034704009389019083A609001377F70783
:10983000E31307EE034724006306F7108947630824
:10984000F70A8D47E319F7ECDC5291EFE9B59389FC
:109850000190D1B58347040093F7F707EDFB970715
:1098600000009387C7931CCC2319040001458297FD
:109870008327090041677D1783D60701E390E6EC53
:1098800025472384E70019BD832709002547238442
:10989000E70029B5A54709B503D7670003A60190DE
:1098A0000346C6023AC6B24563EBD50263FCE60244
:1098B00063F0C61023A8018E35A003073400A1472A
:1098C000E34C07DC03472400E31807DC035744009C
:1098D000E31407DC0347A400E30E07D875BB324747
:1098E0002398E700239AC700EFF0DF9945BB9C520D
:1098F000BDFB15B583473400E39297D683574400E8
:10990000E39E07D48347940093F70702E38807D4C4
:10991000EFF0FFACE31405D4C9BB03473400E31FE9
:10992000F7D283574400E39B07D28347940093E721
:109930000702A304F40083A7818FDC4F82970324DE
:1099400009000DBBDC4E85F3F9B303470400137720
:10995000F70711EB83574400E39F07DA97070000EE
:109960009387678809B7630CF7048947E315F7DA2B
:109970008347540037670040130707C013F6F7000A
:1099800093162600BA96939587019842E18563CD98
:1099900005048D66758F83C64184E37AD6EA93F712
:1099A0000707E39607EA5DFB814493890190A5B31D
:1099B000B3E6C60285FA054723A8E18E25B783A73B
:1099C00009000345540081459C4F829709E903240F
:1099D00009008347A400D9F3834414002DBB8327D7
:1099E000090083C4170005BB137707036DB7EF8227
:1099F0003FF4138441901C4083C687001387E6FF21
:109A00001377D70F1DCF194621476382C6042384DD
:109A1000E70001459775FF1F83C54584EF00B0102F
:109A20001840A147034587006318F5008567239612
:109A3000F190C1472395F1905D15133515006F80A6
:109A40007FF1EFF03F841C4003C78700C9B783C68E
:109A5000170015476389E60083A701909C4782970A
:109A60001C4021476DB703C707001377F7076DF751
:109A70003767004003C5418403C83700130707C098
:109A800081460DC1856521669385F5F013060608AC
:109A90001C431107ED8FD58FD18F232EF7FE85063E
:109AA000E318D5FE13680808B767004023A607C56A
:109AB00083A7818F9C53829745B7EF82DFE593841C
:109AC000419080402149034784009307E7FF93F7C3
:109AD000D70F89CB9307D7FF93F7D70F95CF9D4724
:109AE000630EF7082304240101459765FF1F83C512
:109AF000E576EF0050039840A147034587006318BF
:109B0000F50085672396F190C1472395F1905D1587
:109B1000133515006F807FE3184C8357040131C360
:109B200003564401B5C363E4C70C13190601135966
:109B300009014A8502978357040103572401AA8922
:109B4000B38727414A97C2074207C183D98F1CC8F0
:109B50000145EF004079AA854A864E85A5238357A3
:109B600004018DE79C40035644019386A19029EAA5
:109B70000D472384E7003E840D49ADB783A70190CC
:109B8000DC4782978040B9BFA287C5B78D67814502
:109B900001452396F1908D2F83570401035744010B
:109BA0009386A190130600032390C60063F3E70495
:109BB000804091C795472304F400154925B7A28733
:109BC00019472384E70037670040032707C5373666
:109BD0000020090642074183329706072320070029
:109BE000130700032390E6003E841949E5BD3E8635
:109BF0002DBF9C40B5BF03C8418463070802376787
:109C0000004085652166130707C081469385F5F0FE
:109C1000130606081C431107ED8FD58FD18F232E15
:109C2000F7FE8506E318D8FE13650508B767004000
:109C300023A6A7C482808280EF821FCD4111231703
:109C40000100B767004083A747C4239DF18CC2077A
:109C5000C18763D20726B7640040A56A056A3169E7
:109C6000938BA18D138C8190138404C09389FAF097
:109C7000130BFAF81309F9F8B5A8139727002297E0
:109C80001443C206C1822317D1008356E100C206E5
:109C9000C18663DF0600FD1714431766FF1F130616
:109CA000663F8A07B2979043B3F766011CC30296DA
:109CB0008357E10093F707089DC383470C0017669D
:109CC000FF1F1306E63E139727002297FD17144344
:109CD0008A07B2979043B3F736011CC3029683A755
:109CE00044C4139707014183C2072390EB00C18747
:109CF00063D3071C83D70B00BD8B2300FC00B5FF8B
:109D00001C40138DA190938CC1902396F19083D722
:109D1000C19093F707032310FD0083D7C1900D670F
:109D2000F98F2390FC00184014409387FAFB7D8F35
:109D3000B3F62601896713470702BD8E2166B3E794
:109D4000E60013060608D18F1CC01C40420713060C
:109D5000000293F7070341836380C702E17793878B
:109D600007085D8F420741831306000218C01C409C
:109D700093F70703E39CC7FE1C400D660967F18F4C
:109D80006380E702E1779387070833E7F60042072D
:109D900041830D66896618C01C40F18FE39DD7FE94
:109DA00083D70B00C18B638B07101C4013070A80FD
:109DB000C207C1832317F1008357E100F98F63982D
:109DC000071E8357E100C207C187E3DA07F083A7C4
:109DD00004C01307FAF8F98F23A0F4C0EFF0FFCD09
:109DE00083A704C083A504C003D70C008566758FC4
:109DF000A5669386F6FBF58FB1669386F6F8F58D2A
:109E000019C3B3C5450103D70C008966758F19C303
:109E10000967B98D03570D00418B19C393C707011B
:109E200003570D001377070219C393C70702A166F2
:109E300033E7B7009386060837660040558F232026
:109E4000E6C0032706C003560D00939607019377DB
:109E50000703C1826384C702E17793870708DD8E19
:109E6000C206C182376700402320D7C0832707C0BE
:109E700003560D0093F70703E318F6FEB76700409B
:109E800083A707C003D70C008D66F58F6385E702B3
:109E9000E1779387070833E6F5004206418237678A
:109EA00000408D652320C7C0832707C083D60C00E0
:109EB000ED8FE399D7FE41016F809FA8B764004002
:109EC00083A704C025641307F4F0F98F23A0F4C01E
:109ED000EFF0FFB183A704C083A504C003D70C0033
:109EE00085661304F4FB758FB1669386F6F8E18FEF
:109EF000F58D19C30567B98D03D70C008966758F79
:109F000019C30967B98D03570D00418B19C393C756
:109F1000070103570D001377070219C393C7070200
:109F2000A16633E7B70093860608558F3766004071
:109F30002320E6C0032706C083560D00C20713770F
:109F40000703C1836305D702617713070708D98F19
:109F5000139707014183B766004023A0E6C083A79B
:109F600006C003560D0093F70703E318F6FEB76724
:109F7000004083A707C003D70C008D66F58FE38CE4
:109F8000E7F2E1779387070833E6F500420641825E
:109F9000376700408D652320C7C0832707C083D65D
:109FA0000C00ED8FE399F6FE41016F807F9983A746
:109FB00004C01307FAF8F98F23A0F4C0EFF00FE5FF
:109FC00083A704C083A504C003D70C008566758FE2
:109FD000A5669386F6FBF58FB1669386F6F8F58D48
:109FE00019C3B3C5450103D70C008966758F19C322
:109FF0000967B98D03570D00418B19C393C707013A
:10A0000003570D001377070219C393C70702A16610
:10A0100033E7B7009386060837660040558F232044
:10A02000E6C0032706C003560D00939607019377F9
:10A030000703C1826384C702E17793870708DD8E37
:10A04000C206C182376700402320D7C0832707C0DC
:10A0500003560D0093F70703E318F6FEB7670040B9
:10A0600083A707C003D70C008D66F58FE385E7E46F
:10A07000E1779387070833E6F500420641823767A8
:10A0800000408D652320C7C0832707C083D60C00FE
:10A09000ED8FE399D7FE41016F809F8A0506B737A0
:10A0A0000020BE950586860509CE83471500034727
:10A0B00005007D16A207D98F2390F50009059105AB
:10A0C0006DF682800506B7370020BE9505868605A9
:10A0D00001CA9C417D1691052310F500090575FA0A
:10A0E0008280619942054181B767004023A8A7C4D7
:10A0F0008280B7670040938707C00A053E951C41E0
:10A1000065771307F798F98FDD8DC205C1810CC102
:10A110008280B7670040938707C00A053E951841C3
:10A12000E5779387F7FB7D8F420793F7050141831E
:10A1300099C31347070193F7050299C31347070211
:10A14000E177938707085D8F4207418318C11C415F
:10A1500093F70703E39CF5FE8280B767004093877F
:10A1600007C00A053E951841F1779387F7F87D8F70
:10A1700085664207B3F7D500418381C7358F420713
:10A1800041838967B3F6F50081C63D8F420741835D
:10A19000E177938707085D8F4207418318C11C410F
:10A1A0008D66F58F6387F50018C11C41F58FE39D1F
:10A1B000B7FE8280B7670040938707C00A053E95C7
:10A1C0000841137505038280B7670040938707C075
:10A1D0000A053E951841F1779387F7F87D8F42077E
:10A1E0008D6741833D8FE177938707085D8F420735
:10A1F000418318C11C418D66F58F6387D70018C154
:10A200001C41F58FE39DD7FE8280B767004093879E
:10A2100007C00A053E951C4105671307F7E0F98F53
:10A22000617713070708D98FC207C1831CC18280D9
:10A23000B7670040938707C00A053E951C41116728
:10A24000F98F99CB1C4105671307F7F0F98F316738
:10A2500013070708D98F1CC18280B7670040938716
:10A2600007C00A053E951C4193F7070499CB1C4192
:10A2700005671307F7F0F98F21671307070CD98FCC
:10A280001CC18280B767004083A707C50E05858182
:10A29000C207C1833E95B73700203E950605860567
:10A2A0000CC18280B767004083A707C50E05858172
:10A2B000C207C1833E95B737002091073E9506053A
:10A2C00086050CC18280B767004003A707C59317B6
:10A2D000350042074183BA9737370020BA9786077F
:10A2E00003D507008280B767004003A707C593170F
:10A2F000350042074183BA97373700201107BA97D4
:10A30000860703D507008280B767004083A707C58B
:10A310000E05C207C1833E95B737002089073E95D9
:10A3200006050CC18280B767004083A707C51317D5
:10A330003500C207C183BA97373700201907BA978B
:10A340001307E0038607637AB70413F7F5019581D5
:10A3500029CFAA052167D98D8CC31DED9767FF1FF3
:10A3600083C7C7EF1307E003637FF70013F7F70115
:10A37000958301E7FD17C207C1836177AA07D98FCB
:10A38000239EF18C828013F717003337E00085831A
:10A39000BA97AA07239EF18C828013F715003337F2
:10A3A000E0008581BA95AA0545BFFD15C205C181AA
:10A3B0004DB7B767004003A707C59317350042079D
:10A3C0004183BA97373700201907BA978607884321
:10A3D0001375F53F82809317850021815D8D4205BD
:10A3E0004181828037670040F177232207C4938739
:10A3F00007F0239EF18EB167938707F02320F7C4FF
:10A4000001458280EF82CFD29374F50713140601C1
:10A4100026852E894180EFF01FEBAA8522864A858A
:10A42000EFF0DFC72685A285EFF01FEE01456F80B4
:10A430006FD2EF82EFCF9374F50726852E89EFF068
:10A440005FF72A842685EFF01FEAAA8522864A85CF
:10A45000EFF05FC722856F80EFCF01A09761FF1FEC
:10A460009381416017B1FF1F1301C1B91715000097
:10A47000130505DC9765FF1F9385C5B81386018614
:10A4800063FAC5008322050023A05500110591053C
:10A49000E3EAC5FE138501869785FF1F9385C5DA1C
:10A4A0006377B500232005001105E36DB5FEFD427D
:10A4B000739002BC8D427390428093028008739027
:10A4C00002309782FFFF9382223493E2320073902E
:10A4D0005230EF60106297E2FFFF9382C2F67390F2
:10A4E000123473002030000055550000000000FFBA
:10A4F00003FDD4140117000031353039332D3036C7
:10A50000000000003637313041000000E09DFFFFC1
:10A510006C9DFFFF7C9DFFFF6C9DFFFF6C9DFFFF0F
:10A520006C9DFFFF6C9DFFFF6C9DFFFF6C9DFFFF0F
:10A530006C9DFFFF6C9DFFFF6C9DFFFF6C9DFFFFFF
:10A540006C9DFFFF6C9DFFFF6C9DFFFF489EFFFF12
:10A550005A9EFFFF6C9EFFFF6C9DFFFF6C9DFFFFEF
:10A560006C9DFFFF6C9DFFFF6C9DFFFF6C9DFFFFCF
:10A570006C9DFFFF6C9DFFFF6C9DFFFF6C9DFFFFBF
:10A580006C9DFFFF6C9DFFFF6C9DFFFF729EFFFFA8
:10A59000FC9DFFFF1C9EFFFF6C9DFFFFF89EFFFFD1
:10A5A000169FFFFF6C9DFFFF6C9DFFFF6C9DFFFFE3
:10A5B0006C9DFFFF6C9DFFFF6C9DFFFF6C9DFFFF7F
:10A5C0006C9DFFFF6C9DFFFF6C9DFFFF6C9DFFFF6F
:10A5D000B09EFFFFC29EFFFF6C9DFFFF6C9DFFFFC3
:10A5E0006C9DFFFF6C9DFFFF6C9DFFFF6C9DFFFF4F
:10A5F0006C9DFFFF6C9DFFFF6C9DFFFF6C9DFFFF3F
:10A600006C9DFFFF6C9DFFFF6C9DFFFF6C9DFFFF2E
:10A61000D69EFFFF6C9DFFFF6C9DFFFF6C9DFFFFB3
:10A620006C9DFFFF6C9DFFFF6C9DFFFF6C9DFFFF0E
:10A630006C9DFFFF6C9DFFFF6C9DFFFF6C9DFFFFFE
:10A640006C9DFFFF6C9DFFFF6C9DFFFF6C9DFFFFEE
:10A65000DC9EFFFF3833372D3135333936000000AB
:10A66000243CBA36E385A4D0934373B9706EC9F124
:10A67000100E9B2C97E70B636C2920FE86F3E1F507
:10A68000F69FB616047B8FABB1392A1BEB5CA8ACE6
:10A690003811125F893E7DCAEC53DB6D1ED2817882
:10A6A0009646FFF9541C287A4FD3C0DCC16AF2BC2D
:10A6B000CB57FD4AE4F0B2C79540625241E2AD4942
:10A6C000A6B51F02C8DA92E5B0C564764821DE0F50
:10A6D00045584CDFA784CFD5154E27806B7FFC44AF
:10A6E000714722DD300CA13BE037A0352390327456
:10A6F000BF8DC2EAD650BBD9C483B43168558B5DD7
:10A70000F47218B7EFF7982D010361CC0A8E13008D
:10A71000E814AF095175A52F1D0D658ACD66073D5B
:10A7200005D84BE99D997C91D1B819C32B42698812
:10A73000C679173A4D5BA25AFB253FBDF8EDCEE630
:10A7400087A326A92EBE94087E67608C9C5E6FB39B
:10A750009E06FA82AEEE5977D71A9A34D456AA33A7
:10A76000F9817C00B93037D590516EF0B206FBCD3F
:10A7700039145FF81BC74A82708C921DEAC34EC819
:10A7800012E6B610D32F95842542A572E58F55EFBA
:10A7900086A253AEED262047DE786828E445CC3506
:10A7A000BC3EBB8EC0BE34AFA60964017B44F5F34A
:10A7B000B13FA4B33280C94F6F40BF214C74E11147
:10A7C0005EEB3D712E9D6275D41648771367AD6BB5
:10A7D0005D0787F7A89A59768B9B1ED8EEAAE99950
:10A7E0002DC597F1A783FCCADCBAB84BE8891705D9
:10A7F0000BA06523D1CE3603D7E0F291DF0E9C2C5F
:10A800000D66D673585CB40A4DC23BD2B7E2AC3386
:10A81000DB6027BD56432404028D7D7FF6B5F4FD31
:10A82000DD5BEC79C4221FA18854E71998947E312E
:10A83000A329E35ACB6AB0CF6D936C7A08A93C1C6C
:10A84000D06350C68538C14149AB61522A9FD9189F
:10A850001A57462B69DAFAFF0F15963A8AFE9E0CB4
:10A8600011A29AC394A051015BF7D130EE1F06D517
:10A870007767D3C16EE76A1AA48E9F6566D60C2DE2
:10A88000C6E469B7565A5760FC791EE11652F007C4
:10A89000D0CDCA78C98BB38827F6E0C084CF2FA368
:10A8A00004008040A7FA759D4B894622283734134F
:10A8B000FF20B4DA08266C8FF25D7B735C4C9071DC
:10A8C000418A9EBB12E8556D2A254AAFBD9519A550
:10A8D00031BAADD9C5A66B83C4B6A9CCF9A1B17AFA
:10A8E000DCC7DB2E7E7F8D4E620F0339FDB8D41896
:10A8F000C2EC6102531C3B7DBC1D59F58C98F16F75
:10A900009385F82C74D85E4D97AB87820A21425FFD
:10A910000D5833443ADDE9FB5047C8D7819BE51B0E
:10A920001754862BEFF429320E7C2315EBE63C35C9
:10A93000E296683F0B43CEDE9CBE4F457276B51063
:10A94000E3DF92D2A84891B9ACBF49B2996470EAEA
:10A95000F33E6314AEEDAA24FE3DCBB009383605B4
:10A96000C4F02849554AF5FD75AF2069C843866B88
:10A97000C9A8C6544CDD025BE89B597734D7C05157
:10A980005FF37ED4F19081CE198A7833CD978CD63F
:10A990006A4B8FA480DC1A1714C5078766AD9D85A6
:10A9A000B2F88D98DF3E1F3F645840AC6C5C085D88
:10A9B00053BAFFD2A92C25ABE432389AF9CBC29115
:10A9C00067D0E322292D9248B40E9905A36F0A158A
:10A9D000EFD5104FD8F600E6462B31578394AE03DF
:10A9E000EB8E1324A11E5ED126D9A7CA366E71370D
:10A9F000EEB1FA7C7606B823BE21BC9EC1DA7A3B62
:10AA000062277BB0E56318827F0FEDA02A9CBF11FF
:10AA1000BDE0880D3A795256F7B6D309161B70B3CC
:10AA200042602F1CA29F72124547BBE10B018B1D98
:10AA3000DEEC0C4EE9CFCC9574F4A593C7DB4DFB4F
:10AA40003565FEE739B5EA96C304414484FC6D30B0
:10AA5000E2F268B7897D733DB95A50A63C61AA2ECF
:10AA60001A599CADC8E41154ED370F3AE65F3C4BE0
:10AA7000B81589B1E8DA697791568BDB0624CF18CF
:10AA8000F8B087DF8C35CB86539DA4664A7A710A6D
:10AA90004838FFDC8320CE9832F6D7AF705E738AD9
:10AAA00014721EC129790708E94346D02FDE2A4FC8
:10AAB0003D2C50B375FC0B64AE317B61A530A09387
:10AAC000D2BEC255BA6CF36268FDAC3B95491F6BB0
:10AAD000B485F7A603EC6E9A81090C6AEE9E4EF0DF
:10AAE000AB2D7EA1E1BBC9BC41F2FA2E1BDD2734A0
:10AAF000D36004B501D640F9D50247D9D8E08F2BF1
:10AB0000FBB7C5EB5716E5788DF400CD8239C696B4
:10AB1000BDBFE336450E261D63E7843EB69B22A3E8
:10AB2000F58E236DC3997D9097102580D44CE274E7
:10AB3000CCB25C33C7EA05123F51A8FEF11C42CAF1
:10AB4000D176286F92A767A919A2445BAAEF587F14
:10AB500021C08865B95D4D0D5AC413527C9F94176E
:10AB6000C72B82615BD09684D34A70A19B59339FD7
:10AB7000C02014532917C50BC97B97020D3A1E7CC0
:10AB80003F6B52E8753DF6E40C8A4FC35F26657350
:10AB90003123284874AAA73609B1E291045122FC56
:10ABA00008A605A4F1121C19EB4037C2A0411DD420
:10ABB000DC07438F47AFD12E98AB01BAF06668AC83
:10ABC000F9E769B6CB8D78871503D5DFA31A9D6A9F
:10ABD000EA2F944E9E42D7B83892D8BBDEDD9ABC9D
:10ABE000B04C79F4583EE98381FFE355FD5DB2EF47
:10ABF0009C6D549960DA3BECFA11D6C42AED4BAE49
:10AC000013BFB9068BE01F7F5AAD90390FF3BD46D5
:10AC10006C2CF2F8FED9E6720E89BE5EC6A8CFF59E
:10AC2000577E8CB7E1887AC81B18DB6F35D2163295
:10AC30006463A58EF7B47695867DE5A95C8500C131
:10AC4000934DFB30A2B5253410773C67712D4445F8
:10AC5000560A50B3CD6280CE214924CAEE276ECC6D
:10AC6000A5B06DB251551FBF3E8DDD1992EA1BBDD7
:10AC7000326529A48967B1906800DA0DA65954F2AB
:10AC800010142F45E03B23FAD750AC93E643010A5A
:10AC90005C78709846A97BF395072AD374B33FA3D9
:10ACA0006082394E3448C01CF6C291644D3CF89D18
:10ACB000359A94E37AF0F96EB912B8042D0228138C
:10ACC00085728087DB2BF14F26A2E1497E9CCCA7C1
:10ACD000B6A0D09B3677AD8B6B4A031D058A064B19
:10ACE000AFE531B5D4C60C66BA83FD090FAE71B7B6
:10ACF0006FDC41E8178E407F6230FFA88425FB1689
:10AD0000CE3744AB991EEB183A47F75F81CFED5829
:10AD10002C6CFE9E57539720CA791A5A88F5699F62
:10AD2000E7D90EBE42DF56E44C22AA730B15C5EEDE
:10AD3000FCC7D6CBCD8CE27621E9D1ECC87DD88F8B
:10AD4000617C2EBCDEB475D2C4633DA15E5D6A0831
:10AD500024C927BBEF33865BD5385211F4C396C1A3
:10AD6000345ADB2C5957122B30C2A092BFEDBC4590
:10AD7000DE279B96D3E6C5EBD8244BA421CCA8D6DE
:10AD8000CE3CBAB109E0D732664A831D19CA896739
:10AD90000F420771E9BB445E8517C4AE9C3F6B78D8
:10ADA000E76D02A7FE33E3D90A7DEAF118877B62DB
:10ADB00003795223003E25B9DD16683B1F90A62A71
:10ADC000C629918A9DEF1E8476EE4F39FB111B0B2D
:10ADD00093AD49B705E14DCBE838D055F2F70D8B6F
:10ADE00065CDFAD49EC9814E14C826B6F9AAF5805D
:10ADF000F86A98AB58F3B88EB5974372A2DA64C17B
:10AE0000405C13B0E5BD089F1C7E8F06BE6E501AD5
:10AE10002F37A1FC102E705304206348E2FD6F7A97
:10AE20007561B3353ACF5B888251D247A5A9746C5E
:10AE300031947C9AC0EC150E28012DC3F0B4E48D3A
:10AE4000DCAC3D5F86C79522F4B2A35446D1778C23
:10AE50000CFFAF565D36697F994CD56073DF41F6C4
:10AE600004DA79631EBDEAE30B652501CDA992EDF5
:10AE7000187557308903096ADCC798A450911FB12F
:10AE80000C778566CA121C67C2E01783599DD522CC
:10AE90008256A89FC66048B311FCA328FB06DD5D5F
:10AEA000BA297A4FE8FEE910CBF3937B6C6954E73B
:10AEB00044A2841D8DCEFFFA1A879074A1F814AABB
:10AEC000BCC0CF31B4D9BFD85E262DD0E43F19D64F
:10AED0008C2FAB3958726EDF3BE63CB66288DE40A1
:10AEE000B28F9B7C9543D19EAC9CD423E10E4B53F7
:10AEF00033462013341B97F7F1C3614A6F5A217F01
:10AF0000702E554105C5D776E52715EC425C4D7886
:10AF1000358BEFD2EEB5BEAE023AD35FC424F0F962
:10AF2000514EEB000FFDAF3EC19A528681807EF6F6
:10AF30002BCCB97D68F2AD99A7072C7338B06BB7ED
:10AF40008E71A0F43DA60D37DB0A473616966D329A
:10AF50002A5BE24594F5A54CC88A4964BB08C9B888
:10AF6000C89FFFFF92A0FFFF6EA0FFFF4AA0FFFF58
:10AF700018A0FFFFC89FFFFFC89FFFFFC89FFFFFEC
:10AF8000C89FFFFFC89FFFFFC89FFFFFC89FFFFF2D
:10AF9000C89FFFFFC89FFFFFC89FFFFFC89FFFFF1D
:10AFA000FA9FFFFF72A0FFFF9AA1FFFF849FFFFFA0
:10AFB000849FFFFF849FFFFF849FFFFF849FFFFF0D
:10AFC000849FFFFF849FFFFF849FFFFF849FFFFFFD
:10AFD000849FFFFF849FFFFF849FFFFF849FFFFFED
:10AFE000849FFFFF5EA1FFFF24A1FFFF849FFFFF5F
:10AFF000849FFFFF849FFFFF849FFFFF849FFFFFCD
:10B00000849FFFFF849FFFFF849FFFFF849FFFFFBC
:10B01000849FFFFF849FFFFF849FFFFF849FFFFFAC
:10B02000849FFFFF08A1FFFFD8A0FFFF849FFFFFC1
:10B03000849FFFFF849FFFFF849FFFFF849FFFFF8C
:10B04000849FFFFF849FFFFF849FFFFF849FFFFF7C
:10B05000849FFFFF849FFFFF849FFFFF849FFFFF6C
:10B06000849FFFFF8EA0FFFF1714161315121110F7
:10B070000F0E0D0C0B0A0908070600000000001651
:10B080000007000900330000000D000E000F00044F
:10B0900000140013003A003B0000003C00000001D7
:10B0A0000020001001400000000202010180038026
:10B0B0000340012001020040000000002EAFFFFF0E
:10B0C00056AFFFFF5EB0FFFF6CB0FFFF56AFFFFF54
:10B0D00068AFFFFF9CAFFFFF9CAFFFFF68AFFFFFB4
:10B0E000CCAFFFFF7AB0FFFF5EB7FFFFB6BBFFFF3D
:10B0F000AABBFFFF7ABBFFFF50BBFFFF62BAFFFF97
:10B10000C6B9FFFF18B9FFFFD6B8FFFF84B8FFFF2D
:10B11000E2B7FFFF001D3A2774694E53E8F5D2CF1E
:10B120009C81A6BBCDD0F7EAB9A4839E25381F0227
:10B13000514C6B76879ABDA0F3EEC9D46F72554817
:10B140001B06213C4A57706D3E230419A2BF988507
:10B15000D6CBECF1130E2934677A5D40FBE6C1DCF7
:10B160008F92B5A8DEC3E4F9AAB7908D362B0C11E7
:10B17000425F78659489AEB3E0FDDAC77C61465BD7
:10B180000815322F5944637E2D30170AB1AC8B96C7
:10B19000C5D8FFE2263B1C01524F6875CED3F4E9B7
:10B1A000BAA7809DEBF6D1CC9F82A5B8031E3924A7
:10B1B000776A4D50A1BC9B86D5C8EFF24954736E97
:10B1C0003D20071A6C71564B1805223F8499BEA387
:10B1D000F0EDCAD735280F12415C7B66DDC0E7FA77
:10B1E000A9B4938EF8E5C2DF8C91B6AB100D2A3767
:10B1F00064795E43B2AF8895C6DBFCE15A47607D57
:10B200002E3314097F6245580B16312C978AADB046
:10B21000E3FED9C4EEDEFFFFFADEFFFF2CDFFFFF07
:0CB220003ADFFFFF98DEFFFFBADEFFFF01
:10B22C0000000000010203040102030406070809E0
:10B23C00000000FF00000000000000000000000003
:10B24C000000000000000000E2740000C675000061
:10B25C00207600005E7A0000000000000000000074
:10B26C0001020304060708093203300030003000E5
:10B27C003000300030003000300030003000300042
:10B28C003000300030003000300030003000300032
:10B29C00300030003000300030000000120110018E
:10B2AC00EF02011000000000000001020301000089
:10B2BC00D485000032860000CC8600000486000095
:10B2CC00369C0000369C0000369C0000D2850000A5
:10B2DC00728600000C87000002860000369C00007D
:10B2EC00369C0000369C0000B619010009000000D5
:10B2FC00D6190100090000003416010010010000ED
:10B30C00181601001B0000001019010010000000AD
:10B31C0010190100100000001019010010000000AD
:10B32C001019010010000000041901000A000000AF
:10B33C000000000000000000000000000000000001
:10B34C000000000000000000DC18010026000000D6
:10B35C00BC1801001E0000000000000000000000EE
:10B36C000000000000000000480000203200000037
:10B37C0000000000000000000000000000000000C1
:10B38C000000000000000000A418010016000000DE
:10B39C0000000000000000000000000000000000A1
:10B3AC000000000000000000E8170100BA000000D7
:10B3BC000000000000000000000000000000000081
:10B3CC000000000000000000C81701001E00000073
:10B3DC00B417010014000000000000000000000081
:10B3EC000000000000000000901701002200000087
:10B3FC007817010018000000000000000000000099
:10B40C000000000000000000581701001E000000A2
:10B41C0044170100140000000000000000000000B0
:10B42C000000000000000000369C0000428A000072
:10B43C00369C0000369C0000369C00008C8F00006F
:10B44C00369C00005C8A0000548A0000408B00008F
:10B45C009C8B00008E8F00008A8F0000888A000071
:10B46C000E8B00005E8A00006A8E0000728E000057
:10B47C007A8E0000000000001000000000000000A8
:10B48C000204060800C20100000008FFFF050000CE
:10B49C00FFFFFFFF050000000807002000F8000870
:10B4AC00FFFF000022000000400000800108FF00A8
:10B4BC000044950820190100CD0000007C000020FC
:10B4CC00120000000F01000001000000000000004D
:10B4DC007274707648000000050000000000000047
:10F800000000C02709000101010000000000000005
:10F8100000000000000000000000000000000000E8
:10F8200000000000000000000000000000000000D8
:10F8300000000000000000000000000000000000C8
:10F8400000000000000000000000000000000000B8
:10F8500000000000000000000000000000000000A8
:10F860000000000000000000000000000000000098
:10F870000000000000000000000000000000000088
:10F880000000000000000000000000000000000078
:10F890000000000000000000000000000000000068
:10F8A0000000000000000000000000000000000058
:10F8B0000000000000000000000000000000000048
:10F8C0000000000000000000000000000000000038
:10F8D0000000000000000000000000000000000028
:10F8E0000000000000000000000000000000000018
:10F8F0000000000000000000000000000000000008
:10F9000000000000000000000000000000000000F7
:10F9100000000000000000000000000000000000E7
:10F9200000000000000000000000000000000000D7
:10F9300000000000000000000000000000000000C7
:10F9400000000000000000000000000000000000B7
:10F9500000000000000000000000000000000000A7
:10F960000000000000000000000000000000000097
:10F970000000000000000000000000000000000087
:10F980000000000000000000000000000000000077
:10F990000000000000000000000000000000000067
:10F9A0000000000000000000000000000000000057
:10F9B0000000000000000000000000000000000047
:10F9C0000000000000000000000000000000000037
:10F9D0000000000000000000000000000000000027
:10F9E0000000000000000000000000000000000017
:10F9F0000000000000000000000000000000000007
:10FA000000000000000000000000000000000000F6
:10FA100000000000000000000000000000000000E6
:10FA200000000000000000000000000000000000D6
:10FA300000000000000000000000000000000000C6
:10FA400000000000000000000000000000000000B6
:10FA500000000000000000000000000000000000A6
:10FA60000000000000000000000000000000000096
:10FA70000000000000000000000000000000000086
:10FA80000000000000000000000000000000000076
:10FA90000000000000000000000000000000000066
:10FAA0000000000000000000000000000000000056
:10FAB0000000000000000000000000000000000046
:10FAC0000000000000000000000000000000000036
:10FAD0000000000000000000000000000000000026
:10FAE0000000000000000000000000000000000016
:10FAF0000000000000000000000000000000000006
:10FB000000000000000000000000000000000000F5
:10FB100000000000000000000000000000000000E5
:10FB200000000000000000000000000000000000D5
:10FB300000000000000000000000000000000000C5
:10FB400000000000000000000000000000000000B5
:10FB500000000000000000000000000000000000A5
:10FB60000000000000000000000000000000000095
:10FB70000000000000000000000000000000000085
:10FB80000000000000000000000000000000000075
:10FB90000000000000000000000000000000000065
:10FBA0000000000000000000000000000000000055
:10FBB0000000000000000000000000000000000045
:10FBC0000000000000000000000000000000000035
:10FBD0000000000000000000000000000000000025
:10FBE0000000000000000000000000000000000015
:10FBF0000000000000000000000000000000000005
:10FC000000000000000000000000000000000000F4
:10FC100000000000000000000000000000000000E4
:10FC200000000000000000000000000000000000D4
:10FC300000000000000000000000000000000000C4
:10FC400000000000000000000000000000000000B4
:10FC500000000000000000000000000000000000A4
:10FC60000000000000000000000000000000000094
:10FC70000000000000000000000000000000000084
:10FC80000000000000000000000000000000000074
:10FC90000000000000000000000000000000000064
:10FCA0000000000000000000000000000000000054
:10FCB0000000000000000000000000000000000044
:10FCC0000000000000000000000000000000000034
:10FCD0000000000000000000000000000000000024
:10FCE0000000000000000000000000000000000014
:10FCF0000000000000000000000000000000000004
:10FD000000000000000000000000000000000000F3
:10FD100000000000000000000000000000000000E3
:10FD200000000000000000000000000000000000D3
:10FD300000000000000000000000000000000000C3
:10FD400000000000000000000000000000000000B3
:10FD500000000000000000000000000000000000A3
:10FD60000000000000000000000000000000000093
:10FD70000000000000000000000000000000000083
:10FD80000000000000000000000000000000000073
:10FD90000000000000000000000000000000000063
:10FDA0000000000000000000000000000000000053
:10FDB0000000000000000000000000000000000043
:10FDC0000000000000000000000000000000000033
:10FDD0000000000000000000000000000000000023
:10FDE0000000000000000000000000000000000013
:10FDF0000000000000000000000000000000000003
:10FE000000000000000000000000000000000000F2
:10FE100000000000000000000000000000000000E2
:10FE200000000000000000000000000000000000D2
:10FE300000000000000000000000000000000000C2
:10FE400000000000000000000000000000000000B2
:10FE500000000000000000000000000000000000A2
:10FE60000000000000000000000000000000000092
:10FE70000000000000000000000000000000000082
:10FE80000000000000000000000000000000000072
:10FE90000000000000000000000000000000000062
:10FEA0000000000000000000000000000000000052
:10FEB0000000000000000000000000000000000042
:10FEC0000000000000000000000000000000000032
:10FED0000000000000000000000000000000000022
:10FEE0000000000000000000000000000000000012
:10FEF0000000000000000000000000000000000002
:10FF000000000000000000000000000000000000F1
:10FF100000000000000000000000000000000000E1
:10FF200000000000000000000000000000000000D1
:10FF300000000000000000000000000000000000C1
:10FF400000000000000000000000000000000000B1
:10FF500000000000000000000000000000000000A1
:10FF60000000000000000000000000000000000091
:10FF70000000000000000000000000000000000081
:10FF80000000000000000000000000000000000071
:10FF90000000000000000000000000000000000061
:10FFA0000000000000000000000000000000000051
:10FFB0000000000000000000000000000000000041
:10FFC0000000000000000000000000000000000031
:10FFD0000000000000000000000000000000000021
:10FFE0000000000000000000000000000000000011
:10FFF0000000000000000000000000000000000001
:020000021000EC
:1000000037177A001307072083A70183B3D7E702C6
:100010001307803E93F7F70F3387E7022381F186BA
:100020002390E186828023A2A1868280EF22DF8D49
:100030001387C192938881B8138881A41385819C0A
:10004000938C81C21303000213548501232097016E
:1000500013DC880093DB080113DB8801935A8800C6
:10006000135A0801935988011359850093540501C7
:10007000B70C800293870191938581B6138681A086
:100080002322970123146700A30517012306870184
:10009000A306770123076701A30807012309570176
:1000A000A3094701230A3701A30AA700230B27014D
:1000B000A30B9700230C870023050700A307070065
:1000C00023080700138781BA9386819493D3850010
:1000D00093D2050193DF8501135F8600935E0601CD
:1000E000135E860198C337078003D8C3A385B70082
:1000F000A388C70023946700238507002386770021
:10010000A38657002387F701A387070023880700EA
:100110002389E701A389D701238AC70193D58600E4
:1001200013D6060113D78601A38AD700238BB70005
:10013000A38BC700238CE7006F209F80EF22AFFDC9
:1001400001112A89AE842145854502C202C402C636
:1001500002C802CA02CC02CEEF306FD38545370504
:100160002000EF30AFD437140140714A8D494C0064
:10017000130504C0930700042312F10052C64EC4B5
:10018000EF207FF44C00130504C0930700082312EE
:10019000F10052C64EC4EF201FF3B707FFBF37541C
:1001A00000403ECA930700400C0813050440231D7D
:1001B000F1009167231EF1004AC8231C9100EF3023
:1001C0004F8A130504408545EF306F9B8545130525
:1001D0000440EF300FA105616F202FF7616589455D
:1001E0001305056AA1BFEF22AFF49128EF0050700C
:1001F0009387C15405472380E700130700F8238144
:10020000E70013070004238FE7000D6713070708B3
:1002100013841182A38007002390E702EF50AFC13F
:1002200003450400EF709FEBD1451755FFFF130501
:100230004514EF707FE22300A4006F20AFF1EF229E
:100240002FEF411185453145EF306FC43714014020
:10025000C1440D494C0013050480BD472312F10031
:1002600026C64AC4EF203FE64C00130504C093079E
:1002700000402312F10026C64AC4EF20DFE49307B2
:100280008003130980044C00130504C02312F100FD
:100290004AC6EF205FE34C0013050480231291004F
:1002A0004AC6EF205FE293050040130504C0EF202B
:1002B0005FF841016F200FEAEF228FE79305401F9F
:1002C000170500001305055CEF703FDD9305803EC8
:1002D000170500001305A57BEF703FDC9305C05D9B
:1002E000170500001305C539EF703FDB9305007D4E
:1002F0001705000013052518EF703FDA8565938513
:1003000085BB171500001305C598EF701FD96F2026
:100310006FE4EF22EFE193848189A38C0188A686A4
:10032000BD470145755603C7060085063317F7001C
:10033000F517598DE399C7FE1384018A08C0EF4071
:100340004FE3A38D018893868189BD47014575568A
:1003500003C7060085063317F700F517598DE39993
:10036000C7FE08C0EF40EFE0A38E01889386818925
:10037000BD470145755603C7060085063317F700CC
:10038000F517598DE399C7FE08C0EF408FDE238C27
:10039000018893868189BD470145755603C70600CC
:1003A00085063317F700F517598DE399C7FE08C086
:1003B000EF402FDC238D018893868189BD4701455D
:1003C000755603C7060085063317F700F517598DD4
:1003D000E399C7FE08C0EF40CFD9238E0188BD47FF
:1003E0000145F55603C7040085043317F700F517D8
:1003F000598DE399D7FE08C0EF40AFD71306C00868
:1004000081451725FF1F1305E580EF202FD913061F
:1004100080349305D0021715FF1F13058503EF20C5
:10042000EFD71306C00881451715FF1F1305C575C3
:10043000EF20CFD6130680349305D0021715FF1F87
:10044000130555C7EF208FD51306C0088145172522
:10045000FF1F1305E584EF206FD413068034930546
:10046000D0021715FF1F13059538EF202FD36F20EB
:100470006FCEEF22EFCB938781891D47BE84A38087
:10048000E7003E89BE860145BD47755603C7060095
:1004900085063317F700F517598DE399C7FE1384C6
:1004A000018A08C0EF40EFCC9D47A301F9001389F2
:1004B0008189CA86BD470145755603C70600850672
:1004C0003317F700F517598DE399C7FE08C0EF40C1
:1004D0004FCA9D47A302F90013898189CA86BD4787
:1004E0000145755603C7060085063317F700F51753
:1004F000598DE399C7FE08C0EF40AFC79D47230061
:10050000F90013898189CA86BD470145755603C71D
:10051000060085063317F700F517598DE399C7FED6
:1005200008C0EF400FC59D472301F9001389818959
:10053000CA86BD470145755603C7060085063317B1
:10054000F700F517598DE399C7FE08C0EF406FC259
:100550009D472302F9000145BD47F55603C7040036
:1005600085043317F700F517598DE399D7FE08C0B6
:10057000EF402FC01715FF1F130585B3B705000106
:100580001716FF1F130606699716FF1F9386E6EDE1
:100590001713FF1F1303C3702A88FD150CC213879E
:1005A00086FE9308983BB387E840B3D7F500858B68
:1005B000FD1793F7A7FB938737072300F70005077D
:1005C000E313D7FE1106930687016108E31866FC62
:1005D000370600019716FF1F938656AF1713FF1FAC
:1005E000130353E31718FF1F130888AC9715FF1F59
:1005F000938585597D1690C1138786FE9308C8019F
:10060000B387E840B357F600858BFD1793F7A7FB38
:10061000938737072300F7000507E393E6FEE1061B
:1006200091056108E319D3FCB70500011716FF1FF8
:10063000130606679716FF1F9386F61C9718FF1F71
:100640009388C86EFD150CC2138786FE1308657566
:10065000B307E840B3D7F500858BFD1793F7A7FBE9
:10066000938737072300F7000507E393E6FE11069B
:10067000E1066105E399C8FC6F20CFADEF224FABD7
:10068000938781890547BE84A380E7003E89BE86A3
:100690000145BD47755603C7060085063317F700A9
:1006A000F517598DE399C7FE1384018A08C0EF40FE
:1006B0004FAC8547A301F90013898189CA86BD47DC
:1006C0000145755603C7060085063317F700F51771
:1006D000598DE399C7FE08C0EF40AFA98547A30233
:1006E000F90013898189CA86BD470145755603C73C
:1006F000060085063317F700F517598DE399C7FEF5
:1007000008C0EF400FA785472300F90013898189AE
:10071000CA86BD470145755603C7060085063317CF
:10072000F700F517598DE399C7FE08C0EF406FA495
:1007300085472301F90013898189CA86BD47014590
:10074000755603C7060085063317F700F517598D50
:10075000E399C7FE08C0EF40CFA185472302F90007
:100760000145BD47F55603C7040085043317F7005C
:10077000F517598DE399D7FE08C0EF408F9F1715E5
:10078000FF1F1305E5921716FF1F1306A6489716BD
:10079000FF1F938686CD1713FF1F130363502A880C
:1007A0009305F00F0CC2138786FE9308983BB3871E
:1007B000E840B3D7F500858BFD1793F7A7FB938728
:1007C00037072300F7000507E313D7FE110693064A
:1007D00087016108E31866FC9716FF1F9386168F42
:1007E0001713FF1F130313C31718FF1F1308488C99
:1007F0009715FF1F938545391306F00F90C1138796
:1008000086FE9308C801B387E840B357F600858B8E
:10081000FD1793F7A7FB938737072300F70005071A
:10082000E393E6FEE10691056108E319D3FC171690
:10083000FF1F1306E6469716FF1F9386D6FC9718F0
:10084000FF1F9388A84E9305F00F0CC2138786FEF6
:1008500013086575B307E840B3D7F500858BFD171E
:1008600093F7A7FB938737072300F7000507E39368
:10087000E6FE1106E1066105E399C8FC6F208F8D45
:10088000EF220F8B938781891147BE84A380E700F5
:100890003E89BE860145BD47755603C706008506DD
:1008A0003317F700F517598DE399C7FE1384018AB2
:1008B00008C0EF400F8C9147A301F900138981898B
:1008C000CA86BD470145755603C70600850633171E
:1008D000F700F517598DE399C7FE08C0EF406F89FF
:1008E0009147A302F90013898189CA86BD47014552
:1008F000755603C7060085063317F700F517598D9F
:10090000E399C7FE08C0EF40CF8691472300F90066
:1009100013898189CA86BD470145755603C70600FC
:1009200085063317F700F517598DE399C7FE08C000
:10093000EF402F8491472301F90013898189CA86EA
:10094000BD470145755603C7060085063317F700F6
:10095000F517598DE399C7FE08C0EF408F81914785
:100960002302F9000145BD47F55603C7040085047D
:100970003317F700F517598DE399D7FE08C0EF300C
:100980005FFF1705FF1F1305A572C1651716FF1F2F
:10099000130646289716FF1F938626AD1713FF1FD1
:1009A000130303302A88938505F00CC2138786FE53
:1009B0009308983BB387E840B3D7F500858BFD17C4
:1009C00093F7A7FB938737072300F7000507E31387
:1009D000D7FE1106930687016108E31866FC41669D
:1009E0009706FF1F9386966E1713FF1F130393A29C
:1009F0001708FF1F1308C86B9715FF1F9385C518AD
:100A0000130606F090C1138786FE9308C801B387CA
:100A1000E840B357F600858BFD1793F7A7FB938744
:100A200037072300F7000507E393E6FEE10691058B
:100A30006108E319D3FCC1651716FF1F130646268C
:100A40009716FF1F938636DC9718FF1F9388082E92
:100A5000938505F00CC2138786FE13086575B307EE
:100A6000E840B3D7F500858BFD1793F7A7FB938775
:100A700037072300F7000507E393E6FE1106E106BA
:100A80006105E399C8FC6F10FFECEF127FEA9387D2
:100A900081890947BE84A380E7003E89BE8601455F
:100AA000BD47755603C7060085063317F700F517CF
:100AB000598DE399C7FE1384018A08C0EF307FEB9C
:100AC0008947A301F90013898189CA86BD47014579
:100AD000755603C7060085063317F700F517598DBD
:100AE000E399C7FE08C0EF30DFE88947A302F900A9
:100AF00013898189CA86BD470145755603C706001B
:100B000085063317F700F517598DE399C7FE08C01E
:100B1000EF303FE689472300F90013898189CA86AF
:100B2000BD470145755603C7060085063317F70014
:100B3000F517598DE399C7FE08C0EF309FE3894749
:100B40002301F90013898189CA86BD47014575567D
:100B500003C7060085063317F700F517598DE3998B
:100B6000C7FE08C0EF30FFE089472302F9000145C6
:100B7000BD47F55603C7040085043317F700F51782
:100B8000598DE399D7FE08C0EF30BFDE1705FF1F70
:100B9000130505521716FF1F1306C6079716FF1FEA
:100BA0009386A68C1713FF1F1303830F2A88B7059C
:100BB000FF000CC2138786FE9308983BB387E8407A
:100BC000B3D7F500858BFD1793F7A7FB93873707FE
:100BD0002300F7000507E313D7FE110693068701EC
:100BE0006108E31866FC9706FF1F9386364E1713BD
:100BF000FF1F130333821708FF1F1308684B971555
:100C0000FF1F938565F83706FF0090C1138786FEA6
:100C10009308C801B387E840B357F600858BFD17EA
:100C200093F7A7FB938737072300F7000507E393A4
:100C3000E6FEE10691056108E319D3FC1716FF1FD4
:100C4000130606069716FF1F9386F6BB9718FF1F1D
:100C50009388C80DB705FF000CC2138786FE1308E2
:100C60006575B307E840B3D7F500858BFD1793F79B
:100C7000A7FB938737072300F7000507E393E6FEFA
:100C80001106E1066105E399C8FC6F10BFCCEF12B5
:100C90003FCA938781891147BE84A380E7003E89BC
:100CA000BE860145BD47755603C706008506331746
:100CB000F700F517598DE399C7FE1384018A08C020
:100CC000EF303FCB8947A301F90013898189CA8698
:100CD000BD470145755603C7060085063317F70063
:100CE000F517598DE399C7FE08C0EF309FC88547B7
:100CF000A302F90013898189CA86BD47014575564B
:100D000003C7060085063317F700F517598DE399D9
:100D1000C7FE08C0EF30FFC591472300F9001389D3
:100D20008189CA86BD470145755603C706008506F9
:100D30003317F700F517598DE399C7FE08C0EF3058
:100D40005FC389472301F90013898189CA86BD479A
:100D50000145755603C7060085063317F700F517DA
:100D6000598DE399C7FE08C0EF30BFC08547230205
:100D7000F9000145BD47F55603C704008504331744
:100D8000F700F517598DE399D7FE08C0EF307FBE05
:100D90001705FF1F1305C531C1651716FF1F130681
:100DA00066E79706FF1F9386466C1718FF1F130808
:100DB000A8DD171EFF1F130EAEEEAA88FD150CC28C
:100DC000138786FE1383983BB307E340B3D7F50040
:100DD000858BFD1793F7A7FB938737072300F70051
:100DE0000507E313D7FE110693068701E108E31810
:100DF000C6FD41669706FF1F9386562D9708FF1F75
:100E0000938858617D162320C800138786FE9305BA
:100E1000C501B387E540B357F600858BFD1793F7FF
:100E2000A7FB938737072300F7000507E313D7FED7
:100E30009306870111086105E39716FD1306C008A4
:100E400081451715FF1F1305A5E5EF103FB51306E4
:100E500080349305D0021715FF1F13055599EF1025
:100E6000FFB36F103FAFEF12BFAC39718545094535
:100E7000EF20DF8385452145EF207F8185451145A2
:100E8000EF20FF8085450545EF208FFE3714014098
:100E9000614985442C00130504C08D472314F100DB
:100EA0004AC826C6EF202FA2930700042C00130582
:100EB00004802314F100370400404AC826C6EF20FE
:100EC0008FA013050440EF20BF9A05461305044088
:100ED0008145EF203F9B130504408145EF203F9B58
:100EE000130504409305300BEF207FAB130504403E
:100EF0008145EF205FAC130504408145EF201FA121
:100F000013050440A145EF201F9C130504408145B3
:100F1000EF203F9E13050440A145EF20BF99130524
:100F200004408145EF20DF9B13050440A145EF20DD
:100F30005F97130504408145EF209FA713050440E8
:100F400013060006B145EF207FA0054613050440B7
:100F5000B145EF203F9D130504408145EF20FFA4DC
:100F60001305044013060006A145EF203F9E0546E9
:100F700013050440A145EF20FF9A13050440930593
:100F8000A005EF203FA2130504401306000681458B
:100F9000EF20DF9B0546130504408145EF209F9815
:100FA000130700103AD613070008B704024093074E
:100FB00004443AD4414709694C08138504033ACEE6
:100FC0003ECA1307D0399707FF1F9387670E3AD0A1
:100FD0003ECC4ADC02D202D802DA02DEEF101FF465
:100FE000138504038545EF107FF79307C4434C082E
:100FF0001385C4013ECA9707FF1F938737453ECC30
:10100000EF10DFF11385C4018545EF103FF593071D
:1010100044434C081385C4063ECA9707FF1F9387B5
:10102000C77C3ECCEF109FEF1385C4068545EF10BB
:10103000FFF2930509A0130504400546EF20BF8188
:10104000854513050440EF206FFD21616F109F90CF
:10105000EF121F8E014681450145EF40BF9497076F
:10106000FF1F9387E704238E0738A38C0772971717
:10107000FF1F238A07B0C53B6F10DF8DEF125F8B18
:10108000014681450145EF40FF919707FF1F938778
:101090002702238E0738A38C07729717FF1F23841C
:1010A00007AED1336F101F8BEF129F880146814529
:1010B0000145EF403F8F9707FF1F938767FF238E00
:1010C0000738A38C07729717FF1F238E07AA613B6F
:1010D000EFF0CF9017F5FFFF1305E523EF700F9C9E
:1010E00017F5FFFF1305851DEF702F9E6F109F866C
:1010F000EF121F8437040240EF60BF96B7440040F0
:101100009385C48013058405994613868185EF6015
:10111000BFA299461386018C9385C48013054404AD
:10112000EF60BFAD371501408565130505C0EF20A1
:101130004F90130584058545EF105FE213054404C5
:101140008545EF10BFE1B724014013850440814578
:10115000EF10FF93138504408145EF103F928145C6
:1011600013058400EF109FDF23A4018C6F108FFE06
:10117000EF120FFC79718545114502C802CA02CCF5
:1011800002CE02D002D202D402D602C202C402C6E9
:10119000EF20EFCF854513050020EF204FCF3165BD
:1011A000EF204FBF37150140930700024C00130595
:1011B0000580372401402312F10002C6EF10BFF072
:1011C000854737070E00130504400C083ECC3ACE85
:1011D0002302F10202C802CA02D0EF107F849546B2
:1011E0000546130504409545EF109F8F13050440F5
:1011F0008545EF10DF89130504408545EF101F88F2
:10120000130504408145EF107F9913050440B7246E
:101210000140EF101F89138404402285EF101F89BD
:101220006DFD13850440B7240140EF10BF8813847F
:1012300004402285EF10BF886DFD13850440EF1038
:101240009F9737040240AA87930680041716FF1F52
:101250001306C6D69385C444130584002393F18CEA
:10126000EF607F93138504408545EF10DF8585454A
:1012700013058400EF109FCE45616F10AFEDEF12A4
:101280002FEB011185451145EF204FC23714004067
:101290009307F0084C08130504803ECA9307703E7C
:1012A0003ECCEF202FCE85679387E7F22316F1001F
:1012B000BD4768002307F10085473EC8EF204F9DDA
:1012C0001305048005468545EF204FD78545130556
:1012D0000480EF20AFD405616F10CFE74DB7EF1258
:1012E0002FE503C5E182EF60DFE1EF60DFF16F1012
:1012F0006FE6B71702409843B706FFF8370681FF3D
:101300001367170098C3D8437D164111758FD8C352
:101310009843B706F7FEFD16758F98C39843B70636
:10132000FCFFFD16758F98C3D8434165B716024080
:10133000718FD8C337079F0098C702C402C68C4379
:10134000370702000566C98D8CC321A0A247638AB6
:10135000C7009C42F98F3EC6A24785073EC4B247EC
:10136000F5D7B71702409C4337070200F98F89CBA6
:1013700085473EC6324785476309F70041018280B1
:1013800002C632478547E31BF7FEB7170240D84332
:10139000B705C1FFFD15D8C3D843B7060002D8C3AF
:1013A000D0433717024013660640D0C3D0436D8E3A
:1013B000D0C3D043B7053D004D8ED0C39043B70591
:1013C00000014D8E90C31C43F58FF5DF5C4337164B
:1013D0000240A146F19B5CC35C4393E727005CC3DA
:1013E0005C42B18BE39ED7FE41018280B71602407A
:1013F000D842B7177A002146318B938707206303C1
:10140000C70237170240584397F6FE1F938606C35C
:1014100011833D8B369703470700B3D7E70023A816
:10142000F1828280DC42D8424166C983BD8B890744
:10143000C546718F638ED70211EF374702400327ED
:101440000780418B19CF37177A0013070720B3871E
:10145000E70245BF371702405843B7060200758FB1
:101460007DD337173D0013070790B387E70251BFBD
:10147000C9476DF3D9B7EF12AFCBB747950803A7AC
:101480000183938707406305F702B7E7B8059387A1
:1014900007806309F702B777DC02938707C0630D03
:1014A000F702854537058000EF204FA06F108FCAE7
:1014B0000945EF208F8C854537058000EF200F9F71
:1014C0006F104FC90545EF204F8B854537058000CC
:1014D000EF20CF9D6F100FC80145EF200F8A854583
:1014E00037058000EF208F9C6F10CFC6EF124FC4DE
:1014F000011137050400EF109FB0B7070400054441
:1015000008083EC8C1473ECC22CE02CAEF101FA831
:101510002800930740022314F10022C6230501008E
:10152000EF101FF728009307A0032314F1002305F1
:101530008100EF10FFF505616F10CFC11318160081
:101540002E98A5480DC29356C5011387760363E410
:10155000D800138706032380E500A38005008905D2
:101560001205E39205FF8280B7F7FF1F83A5877EF0
:1015700003A6C77E83A6077F97F7FE1F938707AD55
:1015800017F8FE1F130888AD3E87254E13D3C501FB
:101590009308730363646E00930803032301170128
:1015A000A301070009079205E312E8FE17F7FE1FE3
:1015B0001307C7A925439358C601138578036364AD
:1015C0001301138508032309A700A30907000907CE
:1015D0001206E312E8FE254593D5C601138675036E
:1015E0006364B500138605032381C702A381070244
:1015F00089079206E312F8FE8280B717210017F7D9
:10160000FE1F1307E7A7938737CA1CC7930700205D
:101610002316F700828000000600FF0901A1018562
:10162000AA150026FF007508953F090281020903EB
:101630009102C00005010904A10185010901A10071
:1016400009300931093009310930093109300931CE
:10165000093309340933093409360936150027FFDF
:10166000FF0000350047FFFF0000950E7510810256
:10167000C00502050919012930150025014501752C
:10168000019530810209007508951D810106A0FFB2
:1016900009008510A1010900150026FF00750895B5
:1016A0003F9102C0C005010902A10185210901A1E4
:1016B0000005091901290515002501750195058108
:1016C00002750395018101050109300931093815B9
:1016D00081257F750895038106C0C005010902A117
:1016E0000185220901A100050109300931150026F3
:1016F000FFFF350046FFFF751095028102C0C0054F
:10170000010906A101853105071500250119E02908
:10171000E77501950881020507150026FF001900ED
:101720002991750895108100C0050C0901A101855A
:1017300032050C150026FF7F19002AFF027510954F
:10174000018100C01403530069006D00470045008B
:101750004B004900BE8B6E7F1E03530069006D0075
:10176000470045004B004900200043006F006E0019
:10177000660069006700000018034E004600430041
:10178000FB8B61536856200043004F004D00310031
:1017900022034300610072006400200052006500D3
:1017A0006100640065007200200043004F004D009E
:1017B000310000001403BE8B07596F70495120009F
:1017C00043004F004D0033001E034C004500440011
:1017D000200042006F00610072006400200043009E
:1017E0004F004D0033000000BA0349002F004F00A6
:1017F000200043004F004E00540052004F004C00A8
:101800002000420044003B0031003500320035002A
:1018100037003B00300031003B00390030003B0016
:1018200031003800330031003B003600360037000D
:10183000390041003B00300030003B0047004F00C2
:10184000550054003D00310034005F004100440069
:1018500049004E003D0038002C0045005F0052005A
:101860004F00540049004E003D0034005F0043002B
:101870004F0049004E0049004E003D0032005F001D
:101880005300570049004E003D0032002C00450037
:101890005F005500510031003D00340031002C0044
:1018A000360000001603530069006D004400650017
:1018B0007600690063006500730000001E0353009A
:1018C00069006D00470045004B00490057883A67A2
:1018D000CE983C68A7633652685600002603530032
:1018E00069006D00470045004B004900200043009F
:1018F0006F006E00740072006F006C006C00650079
:10190000720000000A035300450047004100000038
:10191000100304080410040C040404141104090442
:101920000902CD0006010480FA080B000202020041
:10193000060904000001020201000524001001054F
:101940002401000104240202052406000107058683
:101950000340004009040100020A000000070502DC
:101960000220000007058202200000080B0202028C
:101970000200070904020001020201000524001010
:1019800001052401000304240202052406000107C6
:1019900005870340004009040300020A0000000715
:1019A000050302200000070583022000000904044B
:1019B00000020300000509211101000122100107A6
:1019C00005810340000107050103400005090405E6
:1019D000000203000008092111010001221B000779
:1019E0000584034000050705040340000500EF02DD
:1019F0003FF49D3E19311717FF1F1307278323A2BA
:101A0000E19097F7FE1F9387A7829443094623042A
:101A1000C70023A0F19097E7FE1F9387277F23AC91
:081A2000F18E82966F001FF3A6
:0400000300002800D1
:00000001FF
